number,value,datetime_start,datetime_complete,duration,params_activation,params_and_operator,params_batch_size,params_lr,params_n_sets,params_shape,state
0,1.1782475709915161,2025-07-12 18:56:29.814712,2025-07-12 18:56:43.729857,0 days 00:00:13.915145,identity,min,128,0.0004127752163427643,6,bell,COMPLETE
1,1.6183620691299438,2025-07-12 18:56:43.730736,2025-07-12 18:56:52.736315,0 days 00:00:09.005579,relu,min,64,0.0051533738430153036,3,gaussian,COMPLETE
2,0.040884800255298615,2025-07-12 18:56:52.736895,2025-07-12 18:56:58.252561,0 days 00:00:05.515666,relu,prod,128,0.0008054326786691772,3,sigmoid,COMPLETE
3,0.0379941426217556,2025-07-12 18:56:58.252850,2025-07-12 18:57:16.177513,0 days 00:00:17.924663,identity,min,32,0.0004216895766402889,4,bell,COMPLETE
4,1.2664424180984497,2025-07-12 18:57:16.178147,2025-07-12 18:57:22.571841,0 days 00:00:06.393694,relu,min,128,0.0003848995772543913,7,sigmoid,COMPLETE
5,0.00046504000783897936,2025-07-12 18:57:22.572129,2025-07-12 18:57:31.592351,0 days 00:00:09.020222,identity,prod,64,0.005343291646995023,3,gaussian,COMPLETE
6,0.26379939913749695,2025-07-12 18:57:31.592645,2025-07-12 18:58:05.369704,0 days 00:00:33.777059,identity,min,16,0.0009505359555594898,7,gaussian,COMPLETE
7,1.6183620691299438,2025-07-12 18:58:05.370427,2025-07-12 18:58:10.862217,0 days 00:00:05.491790,relu,min,128,0.001625072142783781,3,sigmoid,COMPLETE
8,0.0016415375284850597,2025-07-12 18:58:10.862505,2025-07-12 18:58:37.973899,0 days 00:00:27.111394,identity,prod,16,0.003909917451304774,3,sigmoid,COMPLETE
9,1.6183620691299438,2025-07-12 18:58:37.974566,2025-07-12 18:59:09.403356,0 days 00:00:31.428790,relu,min,16,0.00034186497217548903,6,sigmoid,COMPLETE
10,0.7912540435791016,2025-07-12 18:59:09.403919,2025-07-12 18:59:19.443905,0 days 00:00:10.039986,identity,prod,64,0.0001154403657149545,5,gaussian,COMPLETE
11,0.018145382404327393,2025-07-12 18:59:19.444299,2025-07-12 18:59:57.532265,0 days 00:00:38.087966,identity,prod,16,0.009438359153058889,9,gaussian,COMPLETE
12,0.0005879750242456794,2025-07-12 18:59:57.532919,2025-07-12 19:00:05.799455,0 days 00:00:08.266536,identity,prod,64,0.003302295559699503,2,sigmoid,COMPLETE
13,0.0887695774435997,2025-07-12 19:00:05.800067,2025-07-12 19:00:14.376887,0 days 00:00:08.576820,identity,prod,64,0.0025298197094300082,2,gaussian,COMPLETE
14,0.020883791148662567,2025-07-12 19:00:14.377314,2025-07-12 19:00:23.754101,0 days 00:00:09.376787,identity,prod,64,0.008652030711357226,2,bell,COMPLETE
15,0.055467940866947174,2025-07-12 19:00:23.754517,2025-07-12 19:00:32.987388,0 days 00:00:09.232871,identity,prod,64,0.0024886074266003712,4,sigmoid,COMPLETE
16,0.27353230118751526,2025-07-12 19:00:32.987794,2025-07-12 19:00:47.933749,0 days 00:00:14.945955,identity,prod,32,0.005000717734740757,2,gaussian,COMPLETE
17,0.0010289166821166873,2025-07-12 19:00:47.934408,2025-07-12 19:00:57.174281,0 days 00:00:09.239873,identity,prod,64,0.001786971347727384,4,sigmoid,COMPLETE
18,0.0006845222087576985,2025-07-12 19:00:57.174690,2025-07-12 19:01:07.181953,0 days 00:00:10.007263,identity,prod,64,0.004189497051074664,5,gaussian,COMPLETE
19,0.0004964793333783746,2025-07-12 19:01:07.182581,2025-07-12 19:01:16.563373,0 days 00:00:09.380792,identity,prod,64,0.007370979468611699,2,bell,COMPLETE
20,0.07835619896650314,2025-07-12 19:01:16.563761,2025-07-12 19:01:39.588086,0 days 00:00:23.024325,identity,prod,32,0.006460922580652094,9,bell,COMPLETE
21,0.00038087309803813696,2025-07-12 19:01:39.588469,2025-07-12 19:01:48.961192,0 days 00:00:09.372723,identity,prod,64,0.0030970412221590763,2,bell,COMPLETE
22,2.127948522567749,2025-07-12 19:01:48.961774,2025-07-12 19:01:58.326042,0 days 00:00:09.364268,identity,prod,64,0.006889220465675816,2,bell,COMPLETE
23,0.010403764434158802,2025-07-12 19:01:58.326420,2025-07-12 19:02:08.173960,0 days 00:00:09.847540,identity,prod,64,0.001979665961181194,3,bell,COMPLETE
24,0.04532904550433159,2025-07-12 19:02:08.174339,2025-07-12 19:02:18.544796,0 days 00:00:10.370457,identity,prod,64,0.0062904793571287336,4,bell,COMPLETE
25,0.45606744289398193,2025-07-12 19:02:18.545192,2025-07-12 19:02:27.921166,0 days 00:00:09.375974,identity,prod,64,0.0032327921797951284,2,bell,COMPLETE
26,0.3079632520675659,2025-07-12 19:02:27.921772,2025-07-12 19:02:37.868112,0 days 00:00:09.946340,relu,prod,64,0.0012912488160225285,3,bell,COMPLETE
27,0.12505227327346802,2025-07-12 19:02:37.868527,2025-07-12 19:02:47.232165,0 days 00:00:09.363638,identity,prod,64,0.008503929141815301,2,bell,COMPLETE
28,0.14668503403663635,2025-07-12 19:02:47.232523,2025-07-12 19:03:05.516808,0 days 00:00:18.284285,identity,prod,32,0.0026920573331092605,4,bell,COMPLETE
29,0.15149985253810883,2025-07-12 19:03:05.517441,2025-07-12 19:03:12.113259,0 days 00:00:06.595818,identity,prod,128,0.000664293496590683,5,bell,COMPLETE
30,0.0003732777840923518,2025-07-12 19:03:12.113633,2025-07-12 19:03:21.148103,0 days 00:00:09.034470,identity,prod,64,0.004731649189759804,3,gaussian,COMPLETE
31,0.00045283601502887905,2025-07-12 19:03:21.148667,2025-07-12 19:03:30.178690,0 days 00:00:09.030023,identity,prod,64,0.004771179705284726,3,gaussian,COMPLETE
32,0.0026663613971322775,2025-07-12 19:03:30.179100,2025-07-12 19:03:39.215306,0 days 00:00:09.036206,identity,prod,64,0.004523094736457111,3,gaussian,COMPLETE
33,1.13526451587677,2025-07-12 19:03:39.215678,2025-07-12 19:03:48.246850,0 days 00:00:09.031172,identity,prod,64,0.005219085879072923,3,gaussian,COMPLETE
34,0.09507804363965988,2025-07-12 19:03:48.247219,2025-07-12 19:03:57.291731,0 days 00:00:09.044512,relu,min,64,0.003355454762345357,3,gaussian,COMPLETE
35,0.11385652422904968,2025-07-12 19:03:57.292139,2025-07-12 19:04:06.804834,0 days 00:00:09.512695,identity,prod,64,0.005719751913490189,4,gaussian,COMPLETE
36,0.8938930034637451,2025-07-12 19:04:06.805227,2025-07-12 19:04:13.172063,0 days 00:00:06.366836,relu,min,128,0.0013140541176568286,6,gaussian,COMPLETE
37,0.27843615412712097,2025-07-12 19:04:13.172408,2025-07-12 19:04:33.507965,0 days 00:00:20.335557,identity,prod,32,0.0020904319999492022,8,gaussian,COMPLETE
38,0.005455709528177977,2025-07-12 19:04:33.508544,2025-07-12 19:04:42.427875,0 days 00:00:08.919331,identity,min,64,0.00396951591379235,3,gaussian,COMPLETE
39,0.01050039567053318,2025-07-12 19:04:42.428237,2025-07-12 19:05:12.730715,0 days 00:00:30.302478,relu,prod,16,0.0006412926115159813,4,gaussian,COMPLETE
40,1.545493245124817,2025-07-12 19:05:12.731148,2025-07-12 19:05:18.376915,0 days 00:00:05.645767,identity,prod,128,0.0001014656700451588,3,gaussian,COMPLETE
41,0.0016868460224941373,2025-07-12 19:05:18.377291,2025-07-12 19:05:27.735649,0 days 00:00:09.358358,identity,prod,64,0.007353212513985555,2,bell,COMPLETE
42,0.28611743450164795,2025-07-12 19:05:27.736273,2025-07-12 19:05:36.306141,0 days 00:00:08.569868,identity,prod,64,0.005406003634557588,2,gaussian,COMPLETE
43,0.013373266905546188,2025-07-12 19:05:36.306540,2025-07-12 19:05:46.134639,0 days 00:00:09.828099,identity,prod,64,0.009864474916327514,3,bell,COMPLETE
44,0.2878415286540985,2025-07-12 19:05:46.135013,2025-07-12 19:05:54.697819,0 days 00:00:08.562806,identity,prod,64,0.007308621812298132,2,gaussian,COMPLETE
45,0.15737095475196838,2025-07-12 19:05:54.698181,2025-07-12 19:06:22.435165,0 days 00:00:27.736984,identity,min,16,0.00022479386324087967,3,gaussian,COMPLETE
46,0.07601021230220795,2025-07-12 19:06:22.435757,2025-07-12 19:06:34.255579,0 days 00:00:11.819822,identity,prod,64,0.0034856558049744077,7,bell,COMPLETE
47,1.4130871295928955,2025-07-12 19:06:34.255980,2025-07-12 19:06:44.373974,0 days 00:00:10.117994,relu,prod,64,0.0025462789125993424,5,gaussian,COMPLETE
48,0.00040011582314036787,2025-07-12 19:06:44.374338,2025-07-12 19:06:52.627558,0 days 00:00:08.253220,identity,prod,64,0.004680758495701765,2,sigmoid,COMPLETE
49,0.00046668777940794826,2025-07-12 19:06:52.627912,2025-07-12 19:07:17.645845,0 days 00:00:25.017933,identity,min,16,0.004577222503602609,2,sigmoid,COMPLETE
50,0.011315933428704739,2025-07-12 19:07:17.646451,2025-07-12 19:07:23.373809,0 days 00:00:05.727358,identity,prod,128,0.0029148112438157903,4,sigmoid,COMPLETE
51,0.0014081551926210523,2025-07-12 19:07:23.374164,2025-07-12 19:07:48.388664,0 days 00:00:25.014500,identity,min,16,0.004559244526672452,2,sigmoid,COMPLETE
52,0.00037369990604929626,2025-07-12 19:07:48.389290,2025-07-12 19:08:13.415556,0 days 00:00:25.026266,identity,min,16,0.00396929842162663,2,sigmoid,COMPLETE
53,0.003166542388498783,2025-07-12 19:08:13.416243,2025-07-12 19:08:39.994936,0 days 00:00:26.578693,identity,min,16,0.0036555512455861785,3,sigmoid,COMPLETE
54,0.0004941790830343962,2025-07-12 19:08:39.995660,2025-07-12 19:09:05.027973,0 days 00:00:25.032313,identity,min,16,0.005838012456619708,2,sigmoid,COMPLETE
55,0.07587781548500061,2025-07-12 19:09:05.028330,2025-07-12 19:09:13.211180,0 days 00:00:08.182850,identity,min,64,0.002244449879533784,2,sigmoid,COMPLETE
56,0.2223929762840271,2025-07-12 19:09:13.211550,2025-07-12 19:09:28.426067,0 days 00:00:15.214517,identity,prod,32,0.00145748850549686,3,sigmoid,COMPLETE
57,0.0005969156045466661,2025-07-12 19:09:28.426421,2025-07-12 19:09:53.777048,0 days 00:00:25.350627,identity,prod,16,0.004129347018042235,2,sigmoid,COMPLETE
58,0.3026692271232605,2025-07-12 19:09:53.777640,2025-07-12 19:10:02.818358,0 days 00:00:09.040718,identity,min,64,0.003072160315839451,4,sigmoid,COMPLETE
59,0.003362921765074134,2025-07-12 19:10:02.818746,2025-07-12 19:10:11.544034,0 days 00:00:08.725288,identity,prod,64,0.00508528079001114,3,sigmoid,COMPLETE
60,0.000519495049957186,2025-07-12 19:10:11.544389,2025-07-12 19:10:20.208148,0 days 00:00:08.663759,relu,prod,64,0.008109901116785124,2,gaussian,COMPLETE
61,0.000415385962696746,2025-07-12 19:10:20.208524,2025-07-12 19:10:45.222725,0 days 00:00:25.014201,identity,min,16,0.0046169589660755,2,sigmoid,COMPLETE
62,0.0005008610314689577,2025-07-12 19:10:45.223304,2025-07-12 19:11:10.251814,0 days 00:00:25.028510,identity,min,16,0.006397653940186616,2,sigmoid,COMPLETE
63,0.0004636170342564583,2025-07-12 19:11:10.252214,2025-07-12 19:11:36.863878,0 days 00:00:26.611664,identity,min,16,0.0036471352974408416,3,sigmoid,COMPLETE
64,0.006152736023068428,2025-07-12 19:11:36.864534,2025-07-12 19:12:03.429474,0 days 00:00:26.564940,identity,min,16,0.0038574536266948465,3,sigmoid,COMPLETE
65,0.0015799569664523005,2025-07-12 19:12:03.429868,2025-07-12 19:12:28.450400,0 days 00:00:25.020532,identity,min,16,0.001727781643015756,2,sigmoid,COMPLETE
66,0.0005341409123502672,2025-07-12 19:12:28.450997,2025-07-12 19:12:54.999711,0 days 00:00:26.548714,identity,min,16,0.00283204176058912,3,sigmoid,COMPLETE
67,0.008739447221159935,2025-07-12 19:12:55.000148,2025-07-12 19:13:20.019382,0 days 00:00:25.019234,identity,min,16,0.001015724172430214,2,sigmoid,COMPLETE
68,0.0005254665738902986,2025-07-12 19:13:20.020025,2025-07-12 19:13:45.031121,0 days 00:00:25.011096,identity,min,16,0.004513671249137342,2,sigmoid,COMPLETE
69,0.002282803412526846,2025-07-12 19:13:45.031746,2025-07-12 19:14:11.572041,0 days 00:00:26.540295,identity,min,16,0.0023468081817964435,3,sigmoid,COMPLETE
70,0.0006128756213001907,2025-07-12 19:14:11.572414,2025-07-12 19:14:36.571697,0 days 00:00:24.999283,identity,min,16,0.0034925860234338215,2,sigmoid,COMPLETE
71,0.0336478129029274,2025-07-12 19:14:36.572327,2025-07-12 19:14:46.086571,0 days 00:00:09.514244,identity,prod,64,0.005979808075850888,4,gaussian,COMPLETE
72,0.1756671667098999,2025-07-12 19:14:46.086944,2025-07-12 19:14:55.141656,0 days 00:00:09.054712,identity,prod,64,0.004986230253207293,3,gaussian,COMPLETE
73,0.1281621903181076,2025-07-12 19:14:55.142022,2025-07-12 19:15:10.110828,0 days 00:00:14.968806,identity,min,32,0.00396891586148318,3,sigmoid,COMPLETE
74,0.000495461979880929,2025-07-12 19:15:10.111196,2025-07-12 19:15:18.678995,0 days 00:00:08.567799,identity,prod,64,0.008199600077210444,2,gaussian,COMPLETE
75,0.002378935692831874,2025-07-12 19:15:18.679391,2025-07-12 19:15:24.158127,0 days 00:00:05.478736,identity,prod,128,0.003141627168962487,3,sigmoid,COMPLETE
76,1.2809895277023315,2025-07-12 19:15:24.158700,2025-07-12 19:15:33.810769,0 days 00:00:09.652069,relu,prod,64,0.00677320196930077,4,gaussian,COMPLETE
77,0.023420244455337524,2025-07-12 19:15:33.811145,2025-07-12 19:15:43.117987,0 days 00:00:09.306842,identity,min,64,0.005406504039227052,2,bell,COMPLETE
78,0.0013679205439984798,2025-07-12 19:15:43.118358,2025-07-12 19:16:16.512166,0 days 00:00:33.393808,identity,prod,16,0.004720569277514252,6,gaussian,COMPLETE
79,0.00043594464659690857,2025-07-12 19:16:16.512570,2025-07-12 19:16:24.754138,0 days 00:00:08.241568,identity,prod,64,0.001972389384569032,2,sigmoid,COMPLETE
80,0.02984054759144783,2025-07-12 19:16:24.754501,2025-07-12 19:16:32.997566,0 days 00:00:08.243065,identity,prod,64,0.0020030067357819856,2,sigmoid,COMPLETE
81,0.0004423704231157899,2025-07-12 19:16:32.997956,2025-07-12 19:16:41.255711,0 days 00:00:08.257755,identity,prod,64,0.002662158755605347,2,sigmoid,COMPLETE
82,0.02612774446606636,2025-07-12 19:16:41.256288,2025-07-12 19:16:49.516506,0 days 00:00:08.260218,identity,prod,64,0.0026060377512787986,2,sigmoid,COMPLETE
83,0.0009491040837019682,2025-07-12 19:16:49.516867,2025-07-12 19:16:57.760403,0 days 00:00:08.243536,identity,prod,64,0.0029063980060511523,2,sigmoid,COMPLETE
84,0.005228924565017223,2025-07-12 19:16:57.760759,2025-07-12 19:17:05.991795,0 days 00:00:08.231036,identity,prod,64,0.0035584616636284475,2,sigmoid,COMPLETE
85,0.04440166428685188,2025-07-12 19:17:05.992152,2025-07-12 19:17:14.236961,0 days 00:00:08.244809,identity,prod,64,0.0041588262971985444,2,sigmoid,COMPLETE
86,0.1194954589009285,2025-07-12 19:17:14.237355,2025-07-12 19:17:25.313010,0 days 00:00:11.075655,identity,prod,64,0.002225167405602804,8,sigmoid,COMPLETE
87,0.00046475286944769323,2025-07-12 19:17:25.313366,2025-07-12 19:17:40.217947,0 days 00:00:14.904581,identity,min,32,0.003176069720386829,3,sigmoid,COMPLETE
88,0.000534643477294594,2025-07-12 19:17:40.218311,2025-07-12 19:18:09.554733,0 days 00:00:29.336422,identity,prod,16,0.0026115631323826343,2,bell,COMPLETE
89,1.6183620691299438,2025-07-12 19:18:09.555396,2025-07-12 19:18:14.835077,0 days 00:00:05.279681,relu,prod,128,0.0017786925492703782,2,sigmoid,COMPLETE
90,0.008107041008770466,2025-07-12 19:18:14.835434,2025-07-12 19:18:23.433033,0 days 00:00:08.597599,identity,min,64,0.004309822946332477,3,sigmoid,COMPLETE
91,0.0059913513250648975,2025-07-12 19:18:23.433396,2025-07-12 19:18:38.343478,0 days 00:00:14.910082,identity,min,32,0.0031513356954440456,3,sigmoid,COMPLETE
92,0.010873154737055302,2025-07-12 19:18:38.343848,2025-07-12 19:18:53.289524,0 days 00:00:14.945676,identity,min,32,0.0036401178636509177,3,sigmoid,COMPLETE
93,0.0008985767490230501,2025-07-12 19:18:53.290135,2025-07-12 19:19:07.421035,0 days 00:00:14.130900,identity,min,32,0.0032549940589056262,2,sigmoid,COMPLETE
94,0.06273623555898666,2025-07-12 19:19:07.421448,2025-07-12 19:19:22.350248,0 days 00:00:14.928800,identity,min,32,0.00019542044420908469,3,sigmoid,COMPLETE
95,0.0006815504166297615,2025-07-12 19:19:22.350625,2025-07-12 19:19:36.480730,0 days 00:00:14.130105,identity,min,32,0.003828040527509331,2,sigmoid,COMPLETE
96,0.027568841353058815,2025-07-12 19:19:36.481362,2025-07-12 19:19:45.841254,0 days 00:00:09.359892,identity,prod,64,0.005590726536299544,2,bell,COMPLETE
97,0.005620881915092468,2025-07-12 19:19:45.841634,2025-07-12 19:20:12.348801,0 days 00:00:26.507167,identity,min,16,0.0015959549125979524,3,sigmoid,COMPLETE
98,0.2097168117761612,2025-07-12 19:20:12.349201,2025-07-12 19:20:21.576412,0 days 00:00:09.227211,identity,prod,64,0.0023916428015491008,4,sigmoid,COMPLETE
99,0.017342207953333855,2025-07-12 19:20:21.577001,2025-07-12 19:20:29.759957,0 days 00:00:08.182956,identity,min,64,0.004918006038985556,2,sigmoid,COMPLETE
100,0.13955265283584595,2025-07-12 19:20:29.760367,2025-07-12 19:21:00.243988,0 days 00:00:30.483621,identity,prod,16,0.002763316461968784,5,sigmoid,COMPLETE
101,0.0009507054346613586,2025-07-12 19:21:00.244409,2025-07-12 19:21:09.277876,0 days 00:00:09.033467,identity,prod,64,0.0061666187003375965,3,gaussian,COMPLETE
102,0.001229722867719829,2025-07-12 19:21:09.278257,2025-07-12 19:21:18.315101,0 days 00:00:09.036844,identity,prod,64,0.0044292829471223915,3,gaussian,COMPLETE
103,0.7996760010719299,2025-07-12 19:21:18.315483,2025-07-12 19:21:26.880817,0 days 00:00:08.565334,identity,prod,64,0.005193901296964017,2,gaussian,COMPLETE
104,0.0028419746086001396,2025-07-12 19:21:26.881189,2025-07-12 19:21:35.904078,0 days 00:00:09.022889,identity,prod,64,0.00732658537497066,3,gaussian,COMPLETE
105,0.007700192742049694,2025-07-12 19:21:35.904453,2025-07-12 19:21:45.737209,0 days 00:00:09.832756,identity,prod,64,0.0034302106203466807,3,bell,COMPLETE
106,1.6183620691299438,2025-07-12 19:21:45.737849,2025-07-12 19:22:11.095197,0 days 00:00:25.357348,relu,min,16,0.004067178089232045,2,sigmoid,COMPLETE
107,0.9086255431175232,2025-07-12 19:22:11.095608,2025-07-12 19:22:26.890164,0 days 00:00:15.794556,identity,prod,32,0.0029168504306930796,3,gaussian,COMPLETE
108,0.02598944492638111,2025-07-12 19:22:26.890548,2025-07-12 19:22:36.103919,0 days 00:00:09.213371,identity,prod,64,0.004881139482684412,4,sigmoid,COMPLETE
109,0.3235851228237152,2025-07-12 19:22:36.104298,2025-07-12 19:22:41.911041,0 days 00:00:05.806743,identity,min,128,0.0037674303046437542,2,bell,COMPLETE
110,0.0004577990621328354,2025-07-12 19:22:41.911654,2025-07-12 19:23:08.418106,0 days 00:00:26.506452,identity,prod,16,0.005723750507889591,2,gaussian,COMPLETE
111,0.0004935510805808008,2025-07-12 19:23:08.418581,2025-07-12 19:23:34.816724,0 days 00:00:26.398143,identity,prod,16,0.005934689531602785,2,gaussian,COMPLETE
112,0.0005048587336204946,2025-07-12 19:23:34.817163,2025-07-12 19:24:01.292545,0 days 00:00:26.475382,identity,prod,16,0.00674850502331926,2,gaussian,COMPLETE
113,0.000753620290197432,2025-07-12 19:24:01.293206,2025-07-12 19:24:27.748138,0 days 00:00:26.454932,identity,prod,16,0.004334979232955067,2,gaussian,COMPLETE
114,0.0005097557441331446,2025-07-12 19:24:27.748538,2025-07-12 19:24:54.244673,0 days 00:00:26.496135,identity,prod,16,0.0057325476352398435,2,gaussian,COMPLETE
115,0.09389830380678177,2025-07-12 19:24:54.245309,2025-07-12 19:25:22.521458,0 days 00:00:28.276149,identity,prod,16,0.002061046412289319,3,gaussian,COMPLETE
116,0.016754258424043655,2025-07-12 19:25:22.522141,2025-07-12 19:25:30.772559,0 days 00:00:08.250418,identity,prod,64,0.003340347686849072,2,sigmoid,COMPLETE
117,0.00044155941577628255,2025-07-12 19:25:30.772939,2025-07-12 19:25:39.709213,0 days 00:00:08.936274,identity,min,64,0.0010666748295793237,3,gaussian,COMPLETE
118,0.0032210221979767084,2025-07-12 19:25:39.709594,2025-07-12 19:25:48.323999,0 days 00:00:08.614405,identity,min,64,0.0010431508859983227,3,sigmoid,COMPLETE
119,1.0088661909103394,2025-07-12 19:25:48.324368,2025-07-12 19:26:14.476050,0 days 00:00:26.151682,identity,min,16,0.0004998083333418065,2,gaussian,COMPLETE
120,0.15118123590946198,2025-07-12 19:26:14.476701,2025-07-12 19:26:24.790119,0 days 00:00:10.313418,identity,min,64,0.0023854130990628216,7,sigmoid,COMPLETE
121,0.2206435352563858,2025-07-12 19:26:24.790533,2025-07-12 19:26:33.740293,0 days 00:00:08.949760,identity,min,64,0.0007112951117159907,3,gaussian,COMPLETE
122,0.08084928244352341,2025-07-12 19:26:33.740695,2025-07-12 19:26:42.683360,0 days 00:00:08.942665,identity,min,64,0.0011661560789365144,3,gaussian,COMPLETE
123,0.6642429828643799,2025-07-12 19:26:42.683988,2025-07-12 19:26:52.225085,0 days 00:00:09.541097,identity,prod,64,0.004696440556991943,4,gaussian,COMPLETE
124,0.04030568525195122,2025-07-12 19:26:52.225490,2025-07-12 19:27:00.738956,0 days 00:00:08.513466,identity,min,64,0.005211529382868168,2,gaussian,COMPLETE
125,0.0019128170097246766,2025-07-12 19:27:00.739388,2025-07-12 19:27:09.795682,0 days 00:00:09.056294,identity,prod,64,0.003986147575570836,3,gaussian,COMPLETE
126,1.6183620691299438,2025-07-12 19:27:09.796126,2025-07-12 19:27:35.202986,0 days 00:00:25.406860,relu,min,16,0.009349091276924883,2,sigmoid,COMPLETE
127,0.0004094023024663329,2025-07-12 19:27:35.203643,2025-07-12 19:27:51.677904,0 days 00:00:16.474261,identity,prod,32,0.003030857451380133,2,bell,COMPLETE
128,0.0006575851002708077,2025-07-12 19:27:51.678316,2025-07-12 19:28:08.134995,0 days 00:00:16.456679,identity,prod,32,0.000865827012352906,2,bell,COMPLETE
129,1.1629302501678467,2025-07-12 19:28:08.135390,2025-07-12 19:28:24.443704,0 days 00:00:16.308314,identity,min,32,0.0030244016038946065,2,bell,COMPLETE
130,1.7902389764785767,2025-07-12 19:28:24.444136,2025-07-12 19:28:40.907428,0 days 00:00:16.463292,identity,prod,32,0.0019275124510250003,2,bell,COMPLETE
131,0.0027823655400425196,2025-07-12 19:28:40.907836,2025-07-12 19:28:57.377422,0 days 00:00:16.469586,identity,prod,32,0.002664399561792443,2,bell,COMPLETE
132,0.1627681404352188,2025-07-12 19:28:57.378075,2025-07-12 19:29:14.769918,0 days 00:00:17.391843,identity,prod,32,0.0035115754173212187,3,bell,COMPLETE
133,0.005819256883114576,2025-07-12 19:29:14.770363,2025-07-12 19:29:23.040845,0 days 00:00:08.270482,identity,prod,64,0.0043065055824385405,2,sigmoid,COMPLETE
134,0.14248529076576233,2025-07-12 19:29:23.041225,2025-07-12 19:29:31.781668,0 days 00:00:08.740443,identity,prod,64,0.003851588293901563,3,sigmoid,COMPLETE
135,0.000550751865375787,2025-07-12 19:29:31.782092,2025-07-12 19:29:58.263919,0 days 00:00:26.481827,identity,prod,16,0.0014523946526632063,2,gaussian,COMPLETE
136,0.008143813349306583,2025-07-12 19:29:58.264592,2025-07-12 19:30:03.753496,0 days 00:00:05.488904,identity,prod,128,0.0032912685180161256,3,sigmoid,COMPLETE
137,0.0003921117458958179,2025-07-12 19:30:03.754119,2025-07-12 19:30:13.071566,0 days 00:00:09.317447,identity,min,64,0.005452370810525287,2,bell,COMPLETE
138,0.0006385676097124815,2025-07-12 19:30:13.071967,2025-07-12 19:30:22.362942,0 days 00:00:09.290975,identity,min,64,0.004707255348799418,2,bell,COMPLETE
139,0.009446370415389538,2025-07-12 19:30:22.363339,2025-07-12 19:30:38.670121,0 days 00:00:16.306782,identity,min,32,0.006388941308137929,2,bell,COMPLETE
140,1.054318904876709,2025-07-12 19:30:38.670804,2025-07-12 19:30:47.963840,0 days 00:00:09.293036,identity,min,64,0.0053501817112746155,2,bell,COMPLETE
141,0.3000223934650421,2025-07-12 19:30:47.964240,2025-07-12 19:30:57.264039,0 days 00:00:09.299799,identity,min,64,0.0005441073030270734,2,bell,COMPLETE
142,0.00049309286987409,2025-07-12 19:30:57.264433,2025-07-12 19:31:06.567259,0 days 00:00:09.302826,identity,min,64,0.0029689462625706294,2,bell,COMPLETE
143,0.0032771171536296606,2025-07-12 19:31:06.567646,2025-07-12 19:31:15.186425,0 days 00:00:08.618779,identity,min,64,0.005504956703107722,3,sigmoid,COMPLETE
144,0.0005301833734847605,2025-07-12 19:31:15.187122,2025-07-12 19:31:23.767696,0 days 00:00:08.580574,identity,prod,64,0.004133378294392312,2,gaussian,COMPLETE
145,0.008567404001951218,2025-07-12 19:31:23.768076,2025-07-12 19:31:50.867950,0 days 00:00:27.099874,identity,prod,16,0.0037199420756692954,3,sigmoid,COMPLETE
146,0.00047138836816884577,2025-07-12 19:31:50.868402,2025-07-12 19:31:59.376787,0 days 00:00:08.508385,identity,min,64,0.004901931661970429,2,gaussian,COMPLETE
147,0.00037668252480216324,2025-07-12 19:31:59.377184,2025-07-12 19:32:29.139953,0 days 00:00:29.762769,relu,prod,16,0.00774097411688147,2,bell,COMPLETE
148,0.0004531453305389732,2025-07-12 19:32:29.140633,2025-07-12 19:32:58.917028,0 days 00:00:29.776395,relu,prod,16,0.00801142188057782,2,bell,COMPLETE
149,0.0004109705041628331,2025-07-12 19:32:58.917495,2025-07-12 19:33:28.696960,0 days 00:00:29.779465,relu,prod,16,0.00796403161923678,2,bell,COMPLETE
150,0.00046989964903332293,2025-07-12 19:33:28.697677,2025-07-12 19:33:58.438367,0 days 00:00:29.740690,relu,prod,16,0.007980845977397125,2,bell,COMPLETE
151,0.008292004466056824,2025-07-12 19:33:58.439079,2025-07-12 19:34:28.190993,0 days 00:00:29.751914,relu,prod,16,0.009496388646751073,2,bell,COMPLETE
152,1.244723916053772,2025-07-12 19:34:28.191672,2025-07-12 19:34:57.949376,0 days 00:00:29.757704,relu,prod,16,0.005813261113084432,2,bell,COMPLETE
153,0.00042999573634006083,2025-07-12 19:34:57.950106,2025-07-12 19:35:27.695645,0 days 00:00:29.745539,relu,prod,16,0.007567223851507707,2,bell,COMPLETE
154,0.0007262477884069085,2025-07-12 19:35:27.696333,2025-07-12 19:35:57.452532,0 days 00:00:29.756199,relu,prod,16,0.007453476079831452,2,bell,COMPLETE
155,0.0004218851390760392,2025-07-12 19:35:57.453242,2025-07-12 19:36:27.207458,0 days 00:00:29.754216,relu,prod,16,0.008702181112949209,2,bell,COMPLETE
156,1.6183620691299438,2025-07-12 19:36:27.208185,2025-07-12 19:36:56.975256,0 days 00:00:29.767071,relu,prod,16,0.008898031633653564,2,bell,COMPLETE
157,0.000441808340838179,2025-07-12 19:36:56.975924,2025-07-12 19:37:26.758503,0 days 00:00:29.782579,relu,prod,16,0.008046199230813343,2,bell,COMPLETE
158,0.0004203322168905288,2025-07-12 19:37:26.759254,2025-07-12 19:37:56.550341,0 days 00:00:29.791087,relu,prod,16,0.008586783311404151,2,bell,COMPLETE
159,0.0003983362694270909,2025-07-12 19:37:56.551063,2025-07-12 19:38:26.388705,0 days 00:00:29.837642,relu,prod,16,0.0071491744885307604,2,bell,COMPLETE
160,1.6183620691299438,2025-07-12 19:38:26.389395,2025-07-12 19:38:56.165316,0 days 00:00:29.775921,relu,prod,16,0.008718450400314689,2,bell,COMPLETE
161,0.0004649633483495563,2025-07-12 19:38:56.165781,2025-07-12 19:39:25.959439,0 days 00:00:29.793658,relu,prod,16,0.00734328509826759,2,bell,COMPLETE
162,0.00042295592720620334,2025-07-12 19:39:25.960115,2025-07-12 19:39:55.758610,0 days 00:00:29.798495,relu,prod,16,0.007921648280942249,2,bell,COMPLETE
163,1.6183620691299438,2025-07-12 19:39:55.759344,2025-07-12 19:40:25.567788,0 days 00:00:29.808444,relu,prod,16,0.006848795767347608,2,bell,COMPLETE
164,0.00035708307405002415,2025-07-12 19:40:25.568460,2025-07-12 19:40:55.353438,0 days 00:00:29.784978,relu,prod,16,0.00817307682830149,2,bell,COMPLETE
165,0.00698794424533844,2025-07-12 19:40:55.354134,2025-07-12 19:41:25.130475,0 days 00:00:29.776341,relu,prod,16,0.009486266437066003,2,bell,COMPLETE
166,1.6183620691299438,2025-07-12 19:41:25.131147,2025-07-12 19:41:54.924580,0 days 00:00:29.793433,relu,prod,16,0.008600282889156624,2,bell,COMPLETE
167,0.0004328010545577854,2025-07-12 19:41:54.925302,2025-07-12 19:42:24.701327,0 days 00:00:29.776025,relu,prod,16,0.0074438167698593505,2,bell,COMPLETE
168,1.6183620691299438,2025-07-12 19:42:24.702005,2025-07-12 19:42:54.496899,0 days 00:00:29.794894,relu,prod,16,0.0075573208818006795,2,bell,COMPLETE
169,0.0005793568561784923,2025-07-12 19:42:54.497369,2025-07-12 19:43:24.303350,0 days 00:00:29.805981,relu,prod,16,0.006806651021755454,2,bell,COMPLETE
170,1.6183620691299438,2025-07-12 19:43:24.304032,2025-07-12 19:43:54.070112,0 days 00:00:29.766080,relu,prod,16,0.008741234321652564,2,bell,COMPLETE
171,1.6183620691299438,2025-07-12 19:43:54.070593,2025-07-12 19:44:23.836641,0 days 00:00:29.766048,relu,prod,16,0.009888147610560062,2,bell,COMPLETE
172,0.0004504417011048645,2025-07-12 19:44:23.837318,2025-07-12 19:45:04.069191,0 days 00:00:40.231873,relu,prod,16,0.0062964686327347695,8,bell,COMPLETE
173,1.6183620691299438,2025-07-12 19:45:04.069888,2025-07-12 19:45:33.843814,0 days 00:00:29.773926,relu,prod,16,0.007773666632450261,2,bell,COMPLETE
174,0.0004426613450050354,2025-07-12 19:45:33.844294,2025-07-12 19:46:03.639385,0 days 00:00:29.795091,relu,prod,16,0.007008057672605537,2,bell,COMPLETE
175,0.00039109104545786977,2025-07-12 19:46:03.640079,2025-07-12 19:46:33.432866,0 days 00:00:29.792787,relu,prod,16,0.008228809081772502,2,bell,COMPLETE
176,1.6183620691299438,2025-07-12 19:46:33.433347,2025-07-12 19:47:03.234567,0 days 00:00:29.801220,relu,prod,16,0.0083667989733452,2,bell,COMPLETE
177,0.636530339717865,2025-07-12 19:47:03.235248,2025-07-12 19:47:40.057427,0 days 00:00:36.822179,relu,prod,16,0.00649402146848924,6,bell,COMPLETE
178,0.019394177943468094,2025-07-12 19:47:40.058150,2025-07-12 19:48:09.858136,0 days 00:00:29.799986,relu,prod,16,0.008964373757252378,2,bell,COMPLETE
179,1.6183620691299438,2025-07-12 19:48:09.858854,2025-07-12 19:48:39.627003,0 days 00:00:29.768149,relu,prod,16,0.007344604801723834,2,bell,COMPLETE
180,1.6183620691299438,2025-07-12 19:48:39.627682,2025-07-12 19:49:09.389629,0 days 00:00:29.761947,relu,prod,16,0.009954362014678647,2,bell,COMPLETE
181,0.0004939896753057837,2025-07-12 19:49:09.390327,2025-07-12 19:49:39.176119,0 days 00:00:29.785792,relu,prod,16,0.0080895967965726,2,bell,COMPLETE
182,1.6183620691299438,2025-07-12 19:49:39.176796,2025-07-12 19:50:08.988059,0 days 00:00:29.811263,relu,prod,16,0.007086447438787761,2,bell,COMPLETE
183,0.0004300709697417915,2025-07-12 19:50:08.988784,2025-07-12 19:50:38.755572,0 days 00:00:29.766788,relu,prod,16,0.006329324523515038,2,bell,COMPLETE
184,0.00047007371904328465,2025-07-12 19:50:38.756246,2025-07-12 19:51:08.510053,0 days 00:00:29.753807,relu,prod,16,0.006818589304400389,2,bell,COMPLETE
185,1.1694600582122803,2025-07-12 19:51:08.510759,2025-07-12 19:51:38.259391,0 days 00:00:29.748632,relu,prod,16,0.00799868386515435,2,bell,COMPLETE
186,0.0004581162938848138,2025-07-12 19:51:38.260122,2025-07-12 19:52:08.015537,0 days 00:00:29.755415,relu,prod,16,0.006471909219301074,2,bell,COMPLETE
187,0.0011644928017631173,2025-07-12 19:52:08.016204,2025-07-12 19:52:37.762189,0 days 00:00:29.745985,relu,prod,16,0.005925799511895444,2,bell,COMPLETE
188,0.0004235064843669534,2025-07-12 19:52:37.762919,2025-07-12 19:53:07.544185,0 days 00:00:29.781266,relu,prod,16,0.008742326794429477,2,bell,COMPLETE
189,1.6183620691299438,2025-07-12 19:53:07.544873,2025-07-12 19:53:37.311193,0 days 00:00:29.766320,relu,prod,16,0.007644744948244062,2,bell,COMPLETE
190,1.0388933420181274,2025-07-12 19:53:37.311913,2025-07-12 19:54:07.070512,0 days 00:00:29.758599,relu,prod,16,0.008377558533598669,2,bell,COMPLETE
191,0.0004147989384364337,2025-07-12 19:54:07.071212,2025-07-12 19:54:36.849977,0 days 00:00:29.778765,relu,prod,16,0.008813627091997919,2,bell,COMPLETE
192,0.0005592011148110032,2025-07-12 19:54:36.850625,2025-07-12 19:55:06.589940,0 days 00:00:29.739315,relu,prod,16,0.009051917235209614,2,bell,COMPLETE
193,0.0006201281794346869,2025-07-12 19:55:06.590699,2025-07-12 19:55:36.336184,0 days 00:00:29.745485,relu,prod,16,0.008984273177713425,2,bell,COMPLETE
194,1.6183620691299438,2025-07-12 19:55:36.336884,2025-07-12 19:56:06.066196,0 days 00:00:29.729312,relu,prod,16,0.007122572444195909,2,bell,COMPLETE
195,0.06394146382808685,2025-07-12 19:56:06.066930,2025-07-12 19:56:35.836674,0 days 00:00:29.769744,relu,prod,16,0.00986478409460259,2,bell,COMPLETE
196,1.6183620691299438,2025-07-12 19:56:35.837375,2025-07-12 19:57:05.575778,0 days 00:00:29.738403,relu,prod,16,0.007677688856385452,2,bell,COMPLETE
197,0.0004768039798364043,2025-07-12 19:57:05.576474,2025-07-12 19:57:35.323944,0 days 00:00:29.747470,relu,prod,16,0.00631224218611549,2,bell,COMPLETE
198,1.6183620691299438,2025-07-12 19:57:35.324653,2025-07-12 19:58:05.064151,0 days 00:00:29.739498,relu,prod,16,0.008503895402024883,2,bell,COMPLETE
199,0.0004321238084230572,2025-07-12 19:58:05.064864,2025-07-12 19:58:34.803040,0 days 00:00:29.738176,relu,prod,16,0.007513039709034724,2,bell,COMPLETE
200,1.6183620691299438,2025-07-12 19:58:34.803776,2025-07-12 19:59:04.535100,0 days 00:00:29.731324,relu,prod,16,0.008913932108400134,2,bell,COMPLETE
201,0.003391602076590061,2025-07-12 19:59:04.535782,2025-07-12 19:59:34.285265,0 days 00:00:29.749483,relu,prod,16,0.007647734397526031,2,bell,COMPLETE
202,0.0005530702765099704,2025-07-12 19:59:34.285733,2025-07-12 20:00:04.031781,0 days 00:00:29.746048,relu,prod,16,0.006666980768284113,2,bell,COMPLETE
203,1.6183620691299438,2025-07-12 20:00:04.032477,2025-07-12 20:00:33.784106,0 days 00:00:29.751629,relu,prod,16,0.008254232802887172,2,bell,COMPLETE
204,0.0004396639997139573,2025-07-12 20:00:33.784817,2025-07-12 20:01:03.579808,0 days 00:00:29.794991,relu,prod,16,0.007123780636966918,2,bell,COMPLETE
205,0.0006007498595863581,2025-07-12 20:01:03.580526,2025-07-12 20:01:33.332404,0 days 00:00:29.751878,relu,prod,16,0.005433598746411146,2,bell,COMPLETE
206,1.6183620691299438,2025-07-12 20:01:33.333111,2025-07-12 20:01:39.194054,0 days 00:00:05.860943,relu,prod,128,0.008035679923437004,2,bell,COMPLETE
207,0.0006439788267016411,2025-07-12 20:01:39.194455,2025-07-12 20:02:08.929854,0 days 00:00:29.735399,relu,prod,16,0.006008580064687556,2,bell,COMPLETE
208,1.6183620691299438,2025-07-12 20:02:08.930587,2025-07-12 20:02:38.694894,0 days 00:00:29.764307,relu,prod,16,0.009249944243484338,2,bell,COMPLETE
209,0.0004928820417262614,2025-07-12 20:02:38.695616,2025-07-12 20:03:08.449655,0 days 00:00:29.754039,relu,prod,16,0.009970332216207741,2,bell,COMPLETE
210,0.023095041513442993,2025-07-12 20:03:08.450332,2025-07-12 20:03:38.196841,0 days 00:00:29.746509,relu,prod,16,0.00731151432997487,2,bell,COMPLETE
211,0.0008931871852837503,2025-07-12 20:03:38.197333,2025-07-12 20:04:07.945353,0 days 00:00:29.748020,relu,prod,16,0.008325666671938261,2,bell,COMPLETE
212,0.000500549329444766,2025-07-12 20:04:07.946105,2025-07-12 20:04:37.671467,0 days 00:00:29.725362,relu,prod,16,0.005062404963981261,2,bell,COMPLETE
213,0.03998003900051117,2025-07-12 20:04:37.672228,2025-07-12 20:05:07.411273,0 days 00:00:29.739045,relu,prod,16,0.006411907306683311,2,bell,COMPLETE
214,1.6183620691299438,2025-07-12 20:05:07.411965,2025-07-12 20:05:37.140096,0 days 00:00:29.728131,relu,prod,16,0.007600411070996464,2,bell,COMPLETE
215,0.00041839657933451235,2025-07-12 20:05:37.140821,2025-07-12 20:06:06.870827,0 days 00:00:29.730006,relu,prod,16,0.008961605896610023,2,bell,COMPLETE
216,1.6183620691299438,2025-07-12 20:06:06.871525,2025-07-12 20:06:36.603628,0 days 00:00:29.732103,relu,prod,16,0.00906790649131862,2,bell,COMPLETE
217,0.0003880358417518437,2025-07-12 20:06:36.604380,2025-07-12 20:07:06.324437,0 days 00:00:29.720057,relu,prod,16,0.008540002428104005,2,bell,COMPLETE
218,0.0004190081963315606,2025-07-12 20:07:06.325134,2025-07-12 20:07:36.017988,0 days 00:00:29.692854,relu,prod,16,0.008602316069125327,2,bell,COMPLETE
219,0.0004262764996383339,2025-07-12 20:07:36.018708,2025-07-12 20:08:05.719374,0 days 00:00:29.700666,relu,prod,16,0.008982429109067639,2,bell,COMPLETE
220,1.6183620691299438,2025-07-12 20:08:05.720069,2025-07-12 20:08:35.454148,0 days 00:00:29.734079,relu,prod,16,0.008953393294045214,2,bell,COMPLETE
221,1.6183620691299438,2025-07-12 20:08:35.454907,2025-07-12 20:09:05.176564,0 days 00:00:29.721657,relu,prod,16,0.008862590098789128,2,bell,COMPLETE
222,0.0003790446789935231,2025-07-12 20:09:05.177251,2025-07-12 20:09:34.911933,0 days 00:00:29.734682,relu,prod,16,0.008295601390983856,2,bell,COMPLETE
223,0.0004124248225707561,2025-07-12 20:09:34.912684,2025-07-12 20:10:04.626822,0 days 00:00:29.714138,relu,prod,16,0.009953826609413937,2,bell,COMPLETE
224,1.6183620691299438,2025-07-12 20:10:04.627531,2025-07-12 20:10:34.336855,0 days 00:00:29.709324,relu,prod,16,0.00981081815034688,2,bell,COMPLETE
225,0.0004353567201178521,2025-07-12 20:10:34.337605,2025-07-12 20:11:04.041350,0 days 00:00:29.703745,relu,prod,16,0.009916934474514137,2,bell,COMPLETE
226,0.00042628898518159986,2025-07-12 20:11:04.042061,2025-07-12 20:11:33.750378,0 days 00:00:29.708317,relu,prod,16,0.00832655966390895,2,bell,COMPLETE
227,0.00047233226359821856,2025-07-12 20:11:33.751079,2025-07-12 20:12:03.524685,0 days 00:00:29.773606,relu,prod,16,0.009025870521054028,2,bell,COMPLETE
228,0.00042244873475283384,2025-07-12 20:12:03.525403,2025-07-12 20:12:33.245587,0 days 00:00:29.720184,relu,prod,16,0.008435016635495125,2,bell,COMPLETE
229,1.6183620691299438,2025-07-12 20:12:33.246300,2025-07-12 20:13:02.965079,0 days 00:00:29.718779,relu,prod,16,0.00832172302857894,2,bell,COMPLETE
230,0.02639797143638134,2025-07-12 20:13:02.965837,2025-07-12 20:13:08.823410,0 days 00:00:05.857573,relu,prod,128,0.0002526270509478241,2,bell,COMPLETE
231,0.000399454147554934,2025-07-12 20:13:08.823838,2025-07-12 20:13:38.573422,0 days 00:00:29.749584,relu,prod,16,0.009148414933024714,2,bell,COMPLETE
232,1.6183620691299438,2025-07-12 20:13:38.574150,2025-07-12 20:14:08.342752,0 days 00:00:29.768602,relu,prod,16,0.00835428456156081,2,bell,COMPLETE
233,1.6183620691299438,2025-07-12 20:14:08.343495,2025-07-12 20:14:38.089615,0 days 00:00:29.746120,relu,prod,16,0.009992992433366606,2,bell,COMPLETE
234,0.0004226314777042717,2025-07-12 20:14:38.090057,2025-07-12 20:15:07.834089,0 days 00:00:29.744032,relu,prod,16,0.00810086536463035,2,bell,COMPLETE
235,1.6183620691299438,2025-07-12 20:15:07.834808,2025-07-12 20:15:37.606527,0 days 00:00:29.771719,relu,prod,16,0.008022873741674938,2,bell,COMPLETE
236,0.00042465340811759233,2025-07-12 20:15:37.607316,2025-07-12 20:16:07.356396,0 days 00:00:29.749080,relu,prod,16,0.008022898362224867,2,bell,COMPLETE
237,0.0005522746359929442,2025-07-12 20:16:07.357108,2025-07-12 20:16:37.088829,0 days 00:00:29.731721,relu,prod,16,0.009116026761255731,2,bell,COMPLETE
238,1.6183620691299438,2025-07-12 20:16:37.089551,2025-07-12 20:17:06.846689,0 days 00:00:29.757138,relu,prod,16,0.009279189122730982,2,bell,COMPLETE
239,1.6183620691299438,2025-07-12 20:17:06.847449,2025-07-12 20:17:36.580192,0 days 00:00:29.732743,relu,prod,16,0.007955131692685564,2,bell,COMPLETE
240,1.6183620691299438,2025-07-12 20:17:36.580907,2025-07-12 20:18:06.324907,0 days 00:00:29.744000,relu,prod,16,0.004459938621375172,2,bell,COMPLETE
241,1.6183620691299438,2025-07-12 20:18:06.325637,2025-07-12 20:18:36.089825,0 days 00:00:29.764188,relu,prod,16,0.008330824481657216,2,bell,COMPLETE
242,1.6183620691299438,2025-07-12 20:18:36.090522,2025-07-12 20:19:05.860468,0 days 00:00:29.769946,relu,prod,16,0.008764511558487212,2,bell,COMPLETE
243,0.00043626592378132045,2025-07-12 20:19:05.861203,2025-07-12 20:19:35.606769,0 days 00:00:29.745566,relu,prod,16,0.007121760784036111,2,bell,COMPLETE
244,1.6183620691299438,2025-07-12 20:19:35.607250,2025-07-12 20:20:05.352791,0 days 00:00:29.745541,relu,prod,16,0.009358169342318673,2,bell,COMPLETE
245,0.00042830200982280076,2025-07-12 20:20:05.353502,2025-07-12 20:20:35.120362,0 days 00:00:29.766860,relu,prod,16,0.00859730987905442,2,bell,COMPLETE
246,0.00038653661613352597,2025-07-12 20:20:35.121121,2025-07-12 20:21:04.843965,0 days 00:00:29.722844,relu,prod,16,0.00778155783239718,2,bell,COMPLETE
247,0.0008546197786927223,2025-07-12 20:21:04.844663,2025-07-12 20:21:21.487407,0 days 00:00:16.642744,relu,prod,32,0.006963556087246405,2,bell,COMPLETE
248,0.0007361160241998732,2025-07-12 20:21:21.487890,2025-07-12 20:22:03.389864,0 days 00:00:41.901974,relu,prod,16,0.007664174751491257,9,bell,COMPLETE
249,0.0006379727856256068,2025-07-12 20:22:03.390638,2025-07-12 20:22:33.158437,0 days 00:00:29.767799,relu,prod,16,0.00996462322783092,2,bell,COMPLETE
250,1.6183620691299438,2025-07-12 20:22:33.159144,2025-07-12 20:23:03.118443,0 days 00:00:29.959299,relu,prod,16,0.00802954927317094,2,bell,COMPLETE
251,0.007268026936799288,2025-07-12 20:23:03.119266,2025-07-12 20:23:32.987042,0 days 00:00:29.867776,relu,prod,16,0.007051253885592725,2,bell,COMPLETE
252,0.0004974051844328642,2025-07-12 20:23:32.987837,2025-07-12 20:24:02.714289,0 days 00:00:29.726452,relu,prod,16,0.0046776456964563555,2,bell,COMPLETE
253,0.0004258001281414181,2025-07-12 20:24:02.715033,2025-07-12 20:24:32.436919,0 days 00:00:29.721886,relu,prod,16,0.007861521468287213,2,bell,COMPLETE
254,0.0004946476547047496,2025-07-12 20:24:32.437628,2025-07-12 20:25:02.173877,0 days 00:00:29.736249,relu,prod,16,0.008616879400478583,2,bell,COMPLETE
255,0.0004340799350757152,2025-07-12 20:25:02.174608,2025-07-12 20:25:31.884721,0 days 00:00:29.710113,relu,prod,16,0.009328322011859493,2,bell,COMPLETE
256,0.0014704823261126876,2025-07-12 20:25:31.885433,2025-07-12 20:26:01.591764,0 days 00:00:29.706331,relu,prod,16,0.007418196324352454,2,bell,COMPLETE
257,0.46443212032318115,2025-07-12 20:26:01.592256,2025-07-12 20:26:18.234989,0 days 00:00:16.642733,relu,prod,32,0.004176938180953089,2,bell,COMPLETE
258,0.0004944286774843931,2025-07-12 20:26:18.235706,2025-07-12 20:26:47.986959,0 days 00:00:29.751253,relu,prod,16,0.006761308085231254,2,bell,COMPLETE
259,1.6183620691299438,2025-07-12 20:26:47.987660,2025-07-12 20:27:17.451535,0 days 00:00:29.463875,relu,min,16,0.008387233097029158,2,bell,COMPLETE
260,0.08453447371721268,2025-07-12 20:27:17.452244,2025-07-12 20:27:24.106539,0 days 00:00:06.654295,relu,prod,128,0.007733203794357512,5,bell,COMPLETE
261,0.00038343967753462493,2025-07-12 20:27:24.106979,2025-07-12 20:27:53.851009,0 days 00:00:29.744030,relu,prod,16,0.009203158724377618,2,bell,COMPLETE
262,0.00037576945032924414,2025-07-12 20:27:53.851552,2025-07-12 20:28:23.581884,0 days 00:00:29.730332,relu,prod,16,0.009378807251019597,2,bell,COMPLETE
263,0.0006440209690481424,2025-07-12 20:28:23.582614,2025-07-12 20:28:53.359781,0 days 00:00:29.777167,relu,prod,16,0.009857668428659662,2,bell,COMPLETE
264,0.0004939077771268785,2025-07-12 20:28:53.360507,2025-07-12 20:29:23.113426,0 days 00:00:29.752919,relu,prod,16,0.00917933496281465,2,bell,COMPLETE
265,0.0006914667901583016,2025-07-12 20:29:23.114165,2025-07-12 20:29:52.586339,0 days 00:00:29.472174,relu,min,16,0.00012456821697113553,2,bell,COMPLETE
266,0.0012373455101624131,2025-07-12 20:29:52.586817,2025-07-12 20:30:22.357570,0 days 00:00:29.770753,relu,prod,16,0.009083020556118265,2,bell,COMPLETE
267,0.0035347125958651304,2025-07-12 20:30:22.358345,2025-07-12 20:31:00.872954,0 days 00:00:38.514609,relu,prod,16,0.009994814619138568,7,bell,COMPLETE
268,0.018738126382231712,2025-07-12 20:31:00.873424,2025-07-12 20:31:17.526668,0 days 00:00:16.653244,relu,prod,32,0.005160081083764494,2,bell,COMPLETE
269,0.0007543710526078939,2025-07-12 20:31:17.527443,2025-07-12 20:31:47.285430,0 days 00:00:29.757987,relu,prod,16,0.008654229028533411,2,bell,COMPLETE
270,0.012493700720369816,2025-07-12 20:31:47.286167,2025-07-12 20:32:17.031889,0 days 00:00:29.745722,relu,prod,16,0.00889088620487052,2,bell,COMPLETE
271,0.3418310880661011,2025-07-12 20:32:17.032617,2025-07-12 20:32:26.455167,0 days 00:00:09.422550,relu,min,64,0.009957394385427275,2,bell,COMPLETE
272,0.00043923419434577227,2025-07-12 20:32:26.455652,2025-07-12 20:32:56.254714,0 days 00:00:29.799062,relu,prod,16,0.007153576516729244,2,bell,COMPLETE
273,0.028598707169294357,2025-07-12 20:32:56.255443,2025-07-12 20:33:26.016983,0 days 00:00:29.761540,relu,prod,16,0.008590149330124471,2,bell,COMPLETE
274,0.00045057895476929843,2025-07-12 20:33:26.017467,2025-07-12 20:33:55.406246,0 days 00:00:29.388779,identity,prod,16,0.00465722664106791,2,bell,COMPLETE
275,0.00043558093602769077,2025-07-12 20:33:55.407025,2025-07-12 20:34:21.118192,0 days 00:00:25.711167,relu,prod,16,0.005703185420669651,2,sigmoid,COMPLETE
276,1.6183620691299438,2025-07-12 20:34:21.118640,2025-07-12 20:34:30.588273,0 days 00:00:09.469633,relu,prod,64,0.009184270363417476,2,bell,COMPLETE
277,0.0003813666116911918,2025-07-12 20:34:30.588971,2025-07-12 20:34:59.690797,0 days 00:00:29.101826,identity,min,16,0.0076316240446633295,2,bell,COMPLETE
278,0.0004028971306979656,2025-07-12 20:34:59.691305,2025-07-12 20:35:28.817303,0 days 00:00:29.125998,identity,min,16,0.0067125865769417405,2,bell,COMPLETE
279,0.0021937843412160873,2025-07-12 20:35:28.818038,2025-07-12 20:35:57.920675,0 days 00:00:29.102637,identity,min,16,0.00637998669569923,2,bell,COMPLETE
280,0.0004265320603735745,2025-07-12 20:35:57.921407,2025-07-12 20:36:22.942254,0 days 00:00:25.020847,identity,min,16,0.006034910472106038,2,sigmoid,COMPLETE
281,0.0007408856763504446,2025-07-12 20:36:22.942742,2025-07-12 20:36:28.734274,0 days 00:00:05.791532,identity,min,128,0.006724457664454614,2,bell,COMPLETE
282,0.008904521353542805,2025-07-12 20:36:28.734710,2025-07-12 20:36:38.037236,0 days 00:00:09.302526,identity,min,64,0.007393161775368066,2,bell,COMPLETE
283,0.1636745035648346,2025-07-12 20:36:38.037677,2025-07-12 20:36:57.643899,0 days 00:00:19.606222,identity,min,32,0.0053295294932514,6,bell,COMPLETE
284,0.0005302769714035094,2025-07-12 20:36:57.644637,2025-07-12 20:37:26.735925,0 days 00:00:29.091288,identity,min,16,0.004012834425991344,2,bell,COMPLETE
285,0.0017362355720251799,2025-07-12 20:37:26.736427,2025-07-12 20:37:55.820699,0 days 00:00:29.084272,identity,min,16,0.007584339065092399,2,bell,COMPLETE
286,0.0004965439438819885,2025-07-12 20:37:55.821449,2025-07-12 20:38:20.827781,0 days 00:00:25.006332,identity,min,16,0.004876423551250452,2,sigmoid,COMPLETE
287,0.0018269337015226483,2025-07-12 20:38:20.828560,2025-07-12 20:38:49.947823,0 days 00:00:29.119263,identity,min,16,0.006979690662202228,2,bell,COMPLETE
288,0.03291409835219383,2025-07-12 20:38:49.948327,2025-07-12 20:38:59.253504,0 days 00:00:09.305177,identity,min,64,0.007867075229633818,2,bell,COMPLETE
289,0.0007919937488622963,2025-07-12 20:38:59.253941,2025-07-12 20:39:28.352522,0 days 00:00:29.098581,identity,min,16,0.00430773675331931,2,bell,COMPLETE
290,0.000555938167963177,2025-07-12 20:39:28.353311,2025-07-12 20:39:57.416100,0 days 00:00:29.062789,identity,min,16,0.005818684977077014,2,bell,COMPLETE
291,0.06566789746284485,2025-07-12 20:39:57.416806,2025-07-12 20:40:26.468576,0 days 00:00:29.051770,identity,min,16,0.007005749586250129,2,bell,COMPLETE
292,0.00048081742716021836,2025-07-12 20:40:26.469147,2025-07-12 20:40:51.428538,0 days 00:00:24.959391,identity,min,16,0.00804122823875321,2,sigmoid,COMPLETE
293,0.6197324395179749,2025-07-12 20:40:51.429281,2025-07-12 20:41:00.785416,0 days 00:00:09.356135,identity,prod,64,0.006403299819614025,2,bell,COMPLETE
294,0.005547924432903528,2025-07-12 20:41:00.785883,2025-07-12 20:41:30.152227,0 days 00:00:29.366344,identity,prod,16,0.009053279920569292,2,bell,COMPLETE
295,0.00044715983676724136,2025-07-12 20:41:30.152937,2025-07-12 20:41:59.522184,0 days 00:00:29.369247,identity,prod,16,0.0074972529177846975,2,bell,COMPLETE
296,0.0003720795502886176,2025-07-12 20:41:59.522758,2025-07-12 20:42:29.223624,0 days 00:00:29.700866,relu,prod,16,0.00835954981407842,2,bell,COMPLETE
297,0.0003961055481340736,2025-07-12 20:42:29.224395,2025-07-12 20:42:58.259382,0 days 00:00:29.034987,identity,min,16,0.0053391925491580745,2,bell,COMPLETE
298,0.003346268320456147,2025-07-12 20:42:58.259931,2025-07-12 20:43:12.408602,0 days 00:00:14.148671,identity,min,32,0.0051320267088960795,2,sigmoid,COMPLETE
299,0.0003968895471189171,2025-07-12 20:43:12.409364,2025-07-12 20:43:41.463915,0 days 00:00:29.054551,identity,min,16,0.005406413096146924,2,bell,COMPLETE
300,0.0004964354448020458,2025-07-12 20:43:41.464484,2025-07-12 20:43:50.761131,0 days 00:00:09.296647,identity,min,64,0.004650179410343805,2,bell,COMPLETE
301,0.0004978575161658227,2025-07-12 20:43:50.761813,2025-07-12 20:44:19.782618,0 days 00:00:29.020805,identity,min,16,0.0051361750276014565,2,bell,COMPLETE
302,0.002984582679346204,2025-07-12 20:44:19.783173,2025-07-12 20:44:48.843079,0 days 00:00:29.059906,identity,min,16,0.00562297839268806,2,bell,COMPLETE
303,0.0004961896338500082,2025-07-12 20:44:48.843889,2025-07-12 20:45:17.885140,0 days 00:00:29.041251,identity,min,16,0.005529326302010663,2,bell,COMPLETE
304,0.0020711624529212713,2025-07-12 20:45:17.885649,2025-07-12 20:45:28.498703,0 days 00:00:10.613054,identity,min,64,0.004469825935579334,5,bell,COMPLETE
305,0.0004999113152734935,2025-07-12 20:45:28.499421,2025-07-12 20:45:53.460203,0 days 00:00:24.960782,identity,min,16,0.006157595503397774,2,sigmoid,COMPLETE
306,0.00048809469444677234,2025-07-12 20:45:53.460700,2025-07-12 20:46:22.494199,0 days 00:00:29.033499,identity,min,16,0.003696497576348495,2,bell,COMPLETE
307,0.01749635487794876,2025-07-12 20:46:22.494997,2025-07-12 20:46:28.281121,0 days 00:00:05.786124,identity,min,128,0.004911857891197849,2,bell,COMPLETE
308,0.00040219968650490046,2025-07-12 20:46:28.281566,2025-07-12 20:46:57.307429,0 days 00:00:29.025863,identity,min,16,0.006070247298057092,2,bell,COMPLETE
309,0.0005098316469229758,2025-07-12 20:46:57.308129,2025-07-12 20:47:26.369903,0 days 00:00:29.061774,identity,min,16,0.006053169609404163,2,bell,COMPLETE
310,0.0004531116283033043,2025-07-12 20:47:26.370459,2025-07-12 20:47:55.440767,0 days 00:00:29.070308,identity,min,16,0.006737553572934287,2,bell,COMPLETE
311,0.32473328709602356,2025-07-12 20:47:55.441558,2025-07-12 20:48:11.733011,0 days 00:00:16.291453,identity,min,32,0.00546062770938045,2,bell,COMPLETE
312,1.1880531311035156,2025-07-12 20:48:11.733479,2025-07-12 20:48:23.598880,0 days 00:00:11.865401,identity,min,64,0.006168070416432522,8,bell,COMPLETE
313,0.0004959568032063544,2025-07-12 20:48:23.599572,2025-07-12 20:48:52.639139,0 days 00:00:29.039567,identity,min,16,0.006469065209066103,2,bell,COMPLETE
314,0.0003619520866777748,2025-07-12 20:48:52.639694,2025-07-12 20:49:21.653119,0 days 00:00:29.013425,identity,min,16,0.006929867246110586,2,bell,COMPLETE
315,0.00038226868491619825,2025-07-12 20:49:21.653835,2025-07-12 20:49:50.712917,0 days 00:00:29.059082,identity,min,16,0.006807462114349833,2,bell,COMPLETE
316,0.0004515674663707614,2025-07-12 20:49:50.713750,2025-07-12 20:50:19.747364,0 days 00:00:29.033614,identity,min,16,0.006716219214375309,2,bell,COMPLETE
317,0.0027161797042936087,2025-07-12 20:50:19.747929,2025-07-12 20:50:48.802749,0 days 00:00:29.054820,identity,min,16,0.005895838029595075,2,bell,COMPLETE
318,0.006451660301536322,2025-07-12 20:50:48.803475,2025-07-12 20:50:58.115331,0 days 00:00:09.311856,identity,min,64,0.005815822637225487,2,bell,COMPLETE
319,0.027555471286177635,2025-07-12 20:50:58.115857,2025-07-12 20:51:27.173051,0 days 00:00:29.057194,identity,min,16,0.00039884084075888354,2,bell,COMPLETE
320,0.00044476997572928667,2025-07-12 20:51:27.173819,2025-07-12 20:51:56.245280,0 days 00:00:29.071461,identity,min,16,0.006606983261371932,2,bell,COMPLETE
321,0.000426669605076313,2025-07-12 20:51:56.245812,2025-07-12 20:52:25.303008,0 days 00:00:29.057196,identity,min,16,0.007018655022871553,2,bell,COMPLETE
322,0.000445988611318171,2025-07-12 20:52:25.303838,2025-07-12 20:52:54.345896,0 days 00:00:29.042058,identity,min,16,0.005407135035281455,2,bell,COMPLETE
323,0.1129341572523117,2025-07-12 20:52:54.346623,2025-07-12 20:53:03.640899,0 days 00:00:09.294276,identity,min,64,0.0073424347524510165,2,bell,COMPLETE
324,0.0004066721594426781,2025-07-12 20:53:03.641400,2025-07-12 20:53:32.680269,0 days 00:00:29.038869,identity,min,16,0.0058660852230284135,2,bell,COMPLETE
325,0.1398187279701233,2025-07-12 20:53:32.681073,2025-07-12 20:53:48.982031,0 days 00:00:16.300958,identity,min,32,0.0056817213760337205,2,bell,COMPLETE
326,0.01403666939586401,2025-07-12 20:53:48.982556,2025-07-12 20:54:18.026386,0 days 00:00:29.043830,identity,min,16,0.005144707560887503,2,bell,COMPLETE
327,0.9086450338363647,2025-07-12 20:54:18.026934,2025-07-12 20:54:47.078949,0 days 00:00:29.052015,identity,min,16,0.0003263023326714328,2,bell,COMPLETE
328,0.00048698860337026417,2025-07-12 20:54:47.079699,2025-07-12 20:55:16.146065,0 days 00:00:29.066366,identity,min,16,0.00607537090764491,2,bell,COMPLETE
329,0.4276560842990875,2025-07-12 20:55:16.146820,2025-07-12 20:55:24.645341,0 days 00:00:08.498521,identity,min,64,0.00650904711474319,2,gaussian,COMPLETE
330,0.0003777880920097232,2025-07-12 20:55:24.645825,2025-07-12 20:55:53.673246,0 days 00:00:29.027421,identity,min,16,0.0049676291883002,2,bell,COMPLETE
331,0.0005001052631996572,2025-07-12 20:55:53.673959,2025-07-12 20:56:22.722086,0 days 00:00:29.048127,identity,min,16,0.005075563768055108,2,bell,COMPLETE
332,0.0005108838086016476,2025-07-12 20:56:22.722671,2025-07-12 20:56:51.758789,0 days 00:00:29.036118,identity,min,16,0.004694126705361275,2,bell,COMPLETE
333,0.000455077359220013,2025-07-12 20:56:51.759595,2025-07-12 20:57:20.800975,0 days 00:00:29.041380,identity,min,16,0.005446429407876645,2,bell,COMPLETE
334,0.0005984007730148733,2025-07-12 20:57:20.801715,2025-07-12 20:57:49.850400,0 days 00:00:29.048685,identity,min,16,0.006149059993682453,2,bell,COMPLETE
335,0.017693011090159416,2025-07-12 20:57:49.850939,2025-07-12 20:58:18.906053,0 days 00:00:29.055114,identity,min,16,0.006980472447279339,2,bell,COMPLETE
336,0.0004835567669942975,2025-07-12 20:58:18.906845,2025-07-12 20:58:47.965144,0 days 00:00:29.058299,identity,min,16,0.005627050503668157,2,bell,COMPLETE
337,0.0042359172366559505,2025-07-12 20:58:47.965892,2025-07-12 20:59:17.040728,0 days 00:00:29.074836,identity,min,16,0.004326917517042233,2,bell,COMPLETE
338,0.0005490645417012274,2025-07-12 20:59:17.041323,2025-07-12 20:59:46.075793,0 days 00:00:29.034470,identity,min,16,0.004984756758800619,2,bell,COMPLETE
339,0.0003865161270368844,2025-07-12 20:59:46.076541,2025-07-12 21:00:15.151524,0 days 00:00:29.074983,identity,min,16,0.007283874039254027,2,bell,COMPLETE
340,0.0005076972884126008,2025-07-12 21:00:15.152318,2025-07-12 21:00:20.529748,0 days 00:00:05.377430,identity,min,128,0.007666314348485248,2,gaussian,COMPLETE
341,0.0005551927024498582,2025-07-12 21:00:20.530190,2025-07-12 21:00:52.674195,0 days 00:00:32.144005,identity,min,16,0.0072855097117185625,4,bell,COMPLETE
342,0.00037707516457885504,2025-07-12 21:00:52.674776,2025-07-12 21:01:02.398211,0 days 00:00:09.723435,identity,min,64,0.006731788636387374,3,bell,COMPLETE
343,0.4477067291736603,2025-07-12 21:01:02.398922,2025-07-12 21:01:12.123272,0 days 00:00:09.724350,identity,min,64,0.0073554583413618976,3,bell,COMPLETE
344,0.00041318548028357327,2025-07-12 21:01:12.123722,2025-07-12 21:01:21.844009,0 days 00:00:09.720287,identity,min,64,0.006326086077047046,3,bell,COMPLETE
345,0.04636378213763237,2025-07-12 21:01:21.844500,2025-07-12 21:01:31.574862,0 days 00:00:09.730362,identity,min,64,0.00801195793931658,3,bell,COMPLETE
346,0.2785097360610962,2025-07-12 21:01:31.575288,2025-07-12 21:01:40.865671,0 days 00:00:09.290383,identity,min,64,0.006975975605319529,2,bell,COMPLETE
347,0.017490535974502563,2025-07-12 21:01:40.866111,2025-07-12 21:01:50.603931,0 days 00:00:09.737820,identity,min,64,0.004096611401479328,3,bell,COMPLETE
348,0.000494545151013881,2025-07-12 21:01:50.604663,2025-07-12 21:01:59.895540,0 days 00:00:09.290877,identity,min,64,0.00787427650644298,2,bell,COMPLETE
349,0.12979713082313538,2025-07-12 21:01:59.895987,2025-07-12 21:02:10.079259,0 days 00:00:10.183272,identity,min,64,0.004643793830913826,4,bell,COMPLETE
350,0.2649344205856323,2025-07-12 21:02:10.079751,2025-07-12 21:02:20.277175,0 days 00:00:10.197424,identity,min,64,0.006398070221384264,4,bell,COMPLETE
351,0.006709177978336811,2025-07-12 21:02:20.277615,2025-07-12 21:02:53.994008,0 days 00:00:33.716393,identity,min,16,0.007409866814466348,7,gaussian,COMPLETE
352,0.0005016427603550255,2025-07-12 21:02:53.994794,2025-07-12 21:03:23.071313,0 days 00:00:29.076519,identity,min,16,0.00507878502275757,2,bell,COMPLETE
353,0.28712740540504456,2025-07-12 21:03:23.072063,2025-07-12 21:03:33.724888,0 days 00:00:10.652825,identity,min,64,0.006769179791031802,5,bell,COMPLETE
354,0.00037778113619424403,2025-07-12 21:03:33.725453,2025-07-12 21:04:02.818520,0 days 00:00:29.093067,identity,min,16,0.008267942929975031,2,bell,COMPLETE
355,0.0004936232580803335,2025-07-12 21:04:02.819251,2025-07-12 21:04:31.885967,0 days 00:00:29.066716,identity,min,16,0.008238649566586343,2,bell,COMPLETE
356,0.0004184092686045915,2025-07-12 21:04:31.886540,2025-07-12 21:05:01.310781,0 days 00:00:29.424241,identity,prod,16,0.008131647528767093,2,bell,COMPLETE
357,0.0004271884390618652,2025-07-12 21:05:01.311268,2025-07-12 21:05:26.257003,0 days 00:00:24.945735,identity,min,16,0.007373937336748457,2,sigmoid,COMPLETE
358,0.00036258221371099353,2025-07-12 21:05:26.257759,2025-07-12 21:05:35.656678,0 days 00:00:09.398919,identity,prod,64,0.00804810354593939,2,bell,COMPLETE
359,0.00041852399590425193,2025-07-12 21:05:35.657232,2025-07-12 21:06:05.089514,0 days 00:00:29.432282,identity,prod,16,0.008365151367119943,2,bell,COMPLETE
360,0.0005198014550842345,2025-07-12 21:06:05.090296,2025-07-12 21:06:14.507850,0 days 00:00:09.417554,relu,min,64,0.00771179445378071,2,bell,COMPLETE
361,0.02697003446519375,2025-07-12 21:06:14.508355,2025-07-12 21:06:43.955157,0 days 00:00:29.446802,identity,prod,16,0.00866756078003366,2,bell,COMPLETE
362,0.0004929678398184478,2025-07-12 21:06:43.955944,2025-07-12 21:07:13.801401,0 days 00:00:29.845457,relu,prod,16,0.009264823683807842,2,bell,COMPLETE
363,0.0006121093756519258,2025-07-12 21:07:13.801989,2025-07-12 21:07:42.904338,0 days 00:00:29.102349,identity,min,16,0.007795274002446098,2,bell,COMPLETE
364,0.007416046690195799,2025-07-12 21:07:42.905122,2025-07-12 21:07:49.045748,0 days 00:00:06.140626,relu,prod,128,0.0072808592558534216,3,bell,COMPLETE
365,0.5526068806648254,2025-07-12 21:07:49.046199,2025-07-12 21:07:58.342625,0 days 00:00:09.296426,identity,min,64,0.008355421361465113,2,bell,COMPLETE
366,0.0003826039901468903,2025-07-12 21:07:58.343152,2025-07-12 21:08:28.159011,0 days 00:00:29.815859,relu,prod,16,0.009268842547413633,2,bell,COMPLETE
367,0.0004458976036403328,2025-07-12 21:08:28.159578,2025-07-12 21:08:57.591986,0 days 00:00:29.432408,identity,prod,16,0.006969796028214051,2,bell,COMPLETE
368,0.0003675546613521874,2025-07-12 21:08:57.592764,2025-07-12 21:09:27.031058,0 days 00:00:29.438294,relu,min,16,0.009379172395915701,2,bell,COMPLETE
369,0.0004095387412235141,2025-07-12 21:09:27.031568,2025-07-12 21:09:56.472450,0 days 00:00:29.440882,relu,min,16,0.009448484784116458,2,bell,COMPLETE
370,0.0020252002868801355,2025-07-12 21:09:56.473198,2025-07-12 21:10:05.773778,0 days 00:00:09.300580,identity,min,64,0.008381063855298167,2,bell,COMPLETE
371,0.0004966460401192307,2025-07-12 21:10:05.774243,2025-07-12 21:10:31.910150,0 days 00:00:26.135907,identity,min,16,0.00941130567659313,2,gaussian,COMPLETE
372,1.6183620691299438,2025-07-12 21:10:31.910663,2025-07-12 21:11:01.365604,0 days 00:00:29.454941,relu,min,16,0.009957109130153519,2,bell,COMPLETE
373,0.00041712261736392975,2025-07-12 21:11:01.366443,2025-07-12 21:11:30.406648,0 days 00:00:29.040205,identity,min,16,0.008494780922466071,2,bell,COMPLETE
374,0.34156444668769836,2025-07-12 21:11:30.407454,2025-07-12 21:12:10.416895,0 days 00:00:40.009441,relu,min,16,0.0008335872839294447,9,bell,COMPLETE
375,0.9561599493026733,2025-07-12 21:12:10.417722,2025-07-12 21:12:19.722181,0 days 00:00:09.304459,identity,min,64,0.007762955411347643,2,bell,COMPLETE
376,1.6183620691299438,2025-07-12 21:12:19.722647,2025-07-12 21:12:49.132709,0 days 00:00:29.410062,relu,min,16,0.009157702442880212,2,bell,COMPLETE
377,0.0004149041778873652,2025-07-12 21:12:49.133292,2025-07-12 21:13:19.771621,0 days 00:00:30.638329,identity,min,16,0.00792221699157042,3,bell,COMPLETE
378,0.0005485734436661005,2025-07-12 21:13:19.772458,2025-07-12 21:13:49.197194,0 days 00:00:29.424736,relu,min,16,0.009970150653364835,2,bell,COMPLETE
379,0.0003772643394768238,2025-07-12 21:13:49.197923,2025-07-12 21:14:18.268778,0 days 00:00:29.070855,identity,min,16,0.008603152113769308,2,bell,COMPLETE
380,1.6183620691299438,2025-07-12 21:14:18.269333,2025-07-12 21:14:27.684157,0 days 00:00:09.414824,relu,min,64,0.008430593042893633,2,bell,COMPLETE
381,0.00042013786151073873,2025-07-12 21:14:27.684966,2025-07-12 21:14:56.737824,0 days 00:00:29.052858,identity,min,16,0.008452463857238697,2,bell,COMPLETE
382,1.6183620691299438,2025-07-12 21:14:56.738420,2025-07-12 21:15:23.238417,0 days 00:00:26.499997,relu,min,16,0.009128506879877204,2,gaussian,COMPLETE
383,0.001760485116392374,2025-07-12 21:15:23.239151,2025-07-12 21:15:52.677370,0 days 00:00:29.438219,identity,prod,16,0.0006996475989482945,2,bell,COMPLETE
384,0.0003925823839381337,2025-07-12 21:15:52.677946,2025-07-12 21:16:01.986121,0 days 00:00:09.308175,identity,min,64,0.00129223885562848,2,bell,COMPLETE
385,0.0005314847221598029,2025-07-12 21:16:01.986594,2025-07-12 21:16:11.485902,0 days 00:00:09.499308,relu,prod,64,0.0016270572110161543,2,bell,COMPLETE
386,0.1770625114440918,2025-07-12 21:16:11.486437,2025-07-12 21:16:21.879267,0 days 00:00:10.392830,identity,prod,64,0.0012672623188412994,4,bell,COMPLETE
387,0.026660747826099396,2025-07-12 21:16:21.879777,2025-07-12 21:16:31.300596,0 days 00:00:09.420819,relu,min,64,0.002174018255783629,2,bell,COMPLETE
388,0.0004864286456722766,2025-07-12 21:16:31.301318,2025-07-12 21:16:40.700282,0 days 00:00:09.398964,identity,prod,64,0.0075825817128806145,2,bell,COMPLETE
389,1.6183620691299438,2025-07-12 21:16:40.700752,2025-07-12 21:16:50.575540,0 days 00:00:09.874788,relu,min,64,0.0005661285000862824,3,bell,COMPLETE
390,1.3678113222122192,2025-07-12 21:16:50.576044,2025-07-12 21:16:59.965155,0 days 00:00:09.389111,identity,prod,64,0.00909772059649889,2,bell,COMPLETE
391,0.01126096025109291,2025-07-12 21:16:59.965633,2025-07-12 21:17:09.402292,0 days 00:00:09.436659,relu,min,64,0.000976768368839403,2,bell,COMPLETE
392,0.000774312939029187,2025-07-12 21:17:09.403047,2025-07-12 21:17:18.793015,0 days 00:00:09.389968,identity,prod,64,0.00044039705011334883,2,bell,COMPLETE
393,0.0037640919908881187,2025-07-12 21:17:18.793480,2025-07-12 21:17:28.129542,0 days 00:00:09.336062,identity,min,64,0.007745204882380547,2,bell,COMPLETE
394,0.000489038007799536,2025-07-12 21:17:28.130000,2025-07-12 21:17:55.030069,0 days 00:00:26.900069,relu,prod,16,0.008496139176668449,2,gaussian,COMPLETE
395,0.22299665212631226,2025-07-12 21:17:55.030601,2025-07-12 21:18:04.359391,0 days 00:00:09.328790,identity,min,64,0.009930910699004503,2,bell,COMPLETE
396,0.0005392617895267904,2025-07-12 21:18:04.360085,2025-07-12 21:18:10.239767,0 days 00:00:05.879682,relu,prod,128,0.007149141862036494,2,bell,COMPLETE
397,0.33326998353004456,2025-07-12 21:18:10.240292,2025-07-12 21:18:39.277800,0 days 00:00:29.037508,identity,min,16,0.0014411972167103595,2,bell,COMPLETE
398,0.0011125155724585056,2025-07-12 21:18:39.278354,2025-07-12 21:19:09.029289,0 days 00:00:29.750935,relu,prod,16,0.009066695377160393,2,bell,COMPLETE
399,0.001028260332532227,2025-07-12 21:19:09.030100,2025-07-12 21:19:44.203766,0 days 00:00:35.173666,identity,min,16,0.007949819537127084,6,bell,COMPLETE
400,0.0021305715199559927,2025-07-12 21:19:44.204547,2025-07-12 21:19:53.681949,0 days 00:00:09.477402,relu,prod,64,0.006906739572503583,2,bell,COMPLETE
401,0.06555037945508957,2025-07-12 21:19:53.682434,2025-07-12 21:20:24.859583,0 days 00:00:31.177149,identity,prod,16,0.0011518773643566353,3,bell,COMPLETE
402,0.010272596031427383,2025-07-12 21:20:24.860178,2025-07-12 21:20:53.909745,0 days 00:00:29.049567,identity,min,16,0.001822660197039419,2,bell,COMPLETE
403,0.00039542894228361547,2025-07-12 21:20:53.910509,2025-07-12 21:21:23.690082,0 days 00:00:29.779573,relu,prod,16,0.008600420494849336,2,bell,COMPLETE
404,0.014672956429421902,2025-07-12 21:21:23.690667,2025-07-12 21:21:33.000508,0 days 00:00:09.309841,identity,min,64,0.007631105687360009,2,bell,COMPLETE
405,1.6183620691299438,2025-07-12 21:21:33.001238,2025-07-12 21:21:59.866520,0 days 00:00:26.865282,relu,prod,16,0.009106146879107109,2,gaussian,COMPLETE
406,0.0003565012593753636,2025-07-12 21:21:59.867011,2025-07-12 21:22:28.935493,0 days 00:00:29.068482,identity,min,16,0.008083526914759142,2,bell,COMPLETE
407,0.0004243184521328658,2025-07-12 21:22:28.936068,2025-07-12 21:22:58.699261,0 days 00:00:29.763193,relu,prod,16,0.008144111164543447,2,bell,COMPLETE
408,0.0004926020628772676,2025-07-12 21:22:58.700023,2025-07-12 21:23:27.782243,0 days 00:00:29.082220,identity,min,16,0.007272066981318394,2,bell,COMPLETE
409,0.0017130617052316666,2025-07-12 21:23:27.782824,2025-07-12 21:23:57.536408,0 days 00:00:29.753584,relu,prod,16,0.006638726460998445,2,bell,COMPLETE
410,0.0005058468086645007,2025-07-12 21:23:57.536884,2025-07-12 21:24:28.182929,0 days 00:00:30.646045,identity,min,16,0.008192923486400598,3,bell,COMPLETE
411,0.00042532512452453375,2025-07-12 21:24:28.183808,2025-07-12 21:25:07.995743,0 days 00:00:39.811935,identity,prod,16,0.009240120131341626,8,bell,COMPLETE
412,1.6183620691299438,2025-07-12 21:25:07.996587,2025-07-12 21:25:37.434637,0 days 00:00:29.438050,relu,min,16,0.007548789385599211,2,bell,COMPLETE
413,0.00042069799383170903,2025-07-12 21:25:37.435403,2025-07-12 21:26:06.791687,0 days 00:00:29.356284,identity,prod,16,0.008565037371561942,2,bell,COMPLETE
414,0.00048555980902165174,2025-07-12 21:26:06.792286,2025-07-12 21:26:36.190995,0 days 00:00:29.398709,relu,min,16,0.00665988863548987,2,bell,COMPLETE
415,0.0006957363802939653,2025-07-12 21:26:36.191756,2025-07-12 21:27:05.534121,0 days 00:00:29.342365,identity,prod,16,0.009924678588074597,2,bell,COMPLETE
416,0.0010342978639528155,2025-07-12 21:27:05.534713,2025-07-12 21:27:34.953047,0 days 00:00:29.418334,relu,min,16,0.00786543364163234,2,bell,COMPLETE
417,0.00044757674913853407,2025-07-12 21:27:34.953847,2025-07-12 21:28:01.344927,0 days 00:00:26.391080,identity,prod,16,0.00720650163904863,2,gaussian,COMPLETE
418,1.6183620691299438,2025-07-12 21:28:01.345461,2025-07-12 21:28:30.745870,0 days 00:00:29.400409,relu,min,16,0.009061348687042317,2,bell,COMPLETE
419,0.0007139435037970543,2025-07-12 21:28:30.746673,2025-07-12 21:28:36.559571,0 days 00:00:05.812898,identity,prod,128,0.008271548211413344,2,bell,COMPLETE
420,0.00042107253102585673,2025-07-12 21:28:36.560035,2025-07-12 21:29:05.592815,0 days 00:00:29.032780,identity,min,16,0.007472783086728338,2,bell,COMPLETE
421,0.0003820421115960926,2025-07-12 21:29:05.593608,2025-07-12 21:29:35.342124,0 days 00:00:29.748516,relu,prod,16,0.009199027642364487,2,bell,COMPLETE
422,0.000436031463323161,2025-07-12 21:29:35.342666,2025-07-12 21:30:05.080108,0 days 00:00:29.737442,relu,prod,16,0.009953611122212765,2,bell,COMPLETE
423,0.0005233001429587603,2025-07-12 21:30:05.080887,2025-07-12 21:30:40.110562,0 days 00:00:35.029675,relu,prod,16,0.009089893236211483,5,bell,COMPLETE
424,1.3053585290908813,2025-07-12 21:30:40.111177,2025-07-12 21:31:09.866540,0 days 00:00:29.755363,relu,prod,16,0.008443621033153898,2,bell,COMPLETE
425,1.6183620691299438,2025-07-12 21:31:09.867355,2025-07-12 21:31:39.607962,0 days 00:00:29.740607,relu,prod,16,0.008991529403466756,2,bell,COMPLETE
426,0.0017269592499360442,2025-07-12 21:31:39.608698,2025-07-12 21:32:12.909195,0 days 00:00:33.300497,relu,prod,16,0.009954944442324658,4,bell,COMPLETE
427,1.5751076936721802,2025-07-12 21:32:12.910031,2025-07-12 21:32:42.656956,0 days 00:00:29.746925,relu,prod,16,0.008035390973046352,2,bell,COMPLETE
428,0.00041721377056092024,2025-07-12 21:32:42.657773,2025-07-12 21:33:14.274331,0 days 00:00:31.616558,relu,prod,16,0.008732624011375924,3,bell,COMPLETE
429,1.6183620691299438,2025-07-12 21:33:14.275186,2025-07-12 21:33:41.098169,0 days 00:00:26.822983,relu,prod,16,0.0077782832470491775,2,gaussian,COMPLETE
430,0.00048675446305423975,2025-07-12 21:33:41.098674,2025-07-12 21:34:10.850355,0 days 00:00:29.751681,relu,prod,16,0.0070544411953823456,2,bell,COMPLETE
431,1.6183620691299438,2025-07-12 21:34:10.851233,2025-07-12 21:34:40.636435,0 days 00:00:29.785202,relu,prod,16,0.008856766076398811,2,bell,COMPLETE
432,0.0004214632499497384,2025-07-12 21:34:40.637247,2025-07-12 21:35:10.414131,0 days 00:00:29.776884,relu,prod,16,0.008206807307261936,2,bell,COMPLETE
433,1.6183620691299438,2025-07-12 21:35:10.414990,2025-07-12 21:35:40.255924,0 days 00:00:29.840934,relu,prod,16,0.0034669114033984514,2,bell,COMPLETE
434,0.0004428413521964103,2025-07-12 21:35:40.256832,2025-07-12 21:36:10.061549,0 days 00:00:29.804717,relu,prod,16,0.009280264341857044,2,bell,COMPLETE
435,0.00042343148379586637,2025-07-12 21:36:10.062388,2025-07-12 21:36:39.873229,0 days 00:00:29.810841,relu,prod,16,0.007508659955065883,2,bell,COMPLETE
436,1.6183620691299438,2025-07-12 21:36:39.874069,2025-07-12 21:37:09.682966,0 days 00:00:29.808897,relu,prod,16,0.00839348102576929,2,bell,COMPLETE
437,1.6183620691299438,2025-07-12 21:37:09.683818,2025-07-12 21:37:35.418674,0 days 00:00:25.734856,relu,prod,16,0.006764380436007627,2,sigmoid,COMPLETE
438,0.0004142522520851344,2025-07-12 21:37:35.419494,2025-07-12 21:38:06.683920,0 days 00:00:31.264426,identity,prod,16,0.009060758376146009,3,bell,COMPLETE
439,0.02434530109167099,2025-07-12 21:38:06.684788,2025-07-12 21:38:36.103961,0 days 00:00:29.419173,identity,prod,16,0.007682044223108181,2,bell,COMPLETE
440,0.00041257552220486104,2025-07-12 21:38:36.104481,2025-07-12 21:39:05.533257,0 days 00:00:29.428776,relu,min,16,0.009437590635554223,2,bell,COMPLETE
441,0.0004506898403633386,2025-07-12 21:39:05.534010,2025-07-12 21:39:32.000295,0 days 00:00:26.466285,identity,prod,16,0.006455191953694745,2,gaussian,COMPLETE
442,1.6183620691299438,2025-07-12 21:39:32.000767,2025-07-12 21:40:01.407638,0 days 00:00:29.406871,relu,min,16,0.008198212247084245,2,bell,COMPLETE
443,0.00039922306314110756,2025-07-12 21:40:01.408312,2025-07-12 21:40:30.782587,0 days 00:00:29.374275,identity,prod,16,0.009925038693361159,2,bell,COMPLETE
444,1.6183620691299438,2025-07-12 21:40:30.783042,2025-07-12 21:41:00.199775,0 days 00:00:29.416733,relu,min,16,0.007155357069111768,2,bell,COMPLETE
445,0.00041950351442210376,2025-07-12 21:41:00.200414,2025-07-12 21:41:29.574881,0 days 00:00:29.374467,identity,prod,16,0.008546492058460538,2,bell,COMPLETE
446,0.030395030975341797,2025-07-12 21:41:29.575329,2025-07-12 21:41:35.453359,0 days 00:00:05.878030,relu,prod,128,0.0075242911114541625,2,bell,COMPLETE
447,0.0004687858745455742,2025-07-12 21:41:35.453722,2025-07-12 21:42:04.488404,0 days 00:00:29.034682,identity,min,16,0.00806253908465376,2,bell,COMPLETE
448,0.041816677898168564,2025-07-12 21:42:04.489077,2025-07-12 21:42:36.096865,0 days 00:00:31.607788,relu,prod,16,0.006861235807026872,3,bell,COMPLETE
449,0.00036469081533141434,2025-07-12 21:42:36.097272,2025-07-12 21:43:01.024279,0 days 00:00:24.927007,identity,min,16,0.00901407054767814,2,sigmoid,COMPLETE
450,0.001601474010385573,2025-07-12 21:43:01.024951,2025-07-12 21:43:25.976363,0 days 00:00:24.951412,identity,min,16,0.009307566603354026,2,sigmoid,COMPLETE
451,0.0004103159299120307,2025-07-12 21:43:25.977013,2025-07-12 21:43:50.909649,0 days 00:00:24.932636,identity,min,16,0.009096326404786881,2,sigmoid,COMPLETE
452,0.00039618692244403064,2025-07-12 21:43:50.910100,2025-07-12 21:44:15.854323,0 days 00:00:24.944223,identity,min,16,0.009917154449065595,2,sigmoid,COMPLETE
453,0.0007527613779529929,2025-07-12 21:44:15.854953,2025-07-12 21:44:40.829209,0 days 00:00:24.974256,identity,min,16,0.003755825685196417,2,sigmoid,COMPLETE
454,0.00042730383574962616,2025-07-12 21:44:40.829775,2025-07-12 21:45:05.798094,0 days 00:00:24.968319,identity,min,16,0.008600431856494761,2,sigmoid,COMPLETE
455,0.00045731861609965563,2025-07-12 21:45:05.798747,2025-07-12 21:45:30.707029,0 days 00:00:24.908282,identity,min,16,0.0075411937022142606,2,sigmoid,COMPLETE
456,0.000436824542703107,2025-07-12 21:45:30.707438,2025-07-12 21:45:55.601786,0 days 00:00:24.894348,identity,min,16,0.006370810655458711,2,sigmoid,COMPLETE
457,0.00040983286453410983,2025-07-12 21:45:55.602418,2025-07-12 21:46:20.512626,0 days 00:00:24.910208,identity,min,16,0.008433905623721056,2,sigmoid,COMPLETE
458,0.00039610767271369696,2025-07-12 21:46:20.513031,2025-07-12 21:46:45.422151,0 days 00:00:24.909120,identity,min,16,0.009123580102767658,2,sigmoid,COMPLETE
459,0.0004680316778831184,2025-07-12 21:46:45.422835,2025-07-12 21:47:13.097897,0 days 00:00:27.675062,identity,min,16,0.007691393955225949,3,gaussian,COMPLETE
460,0.00041507653077133,2025-07-12 21:47:13.098320,2025-07-12 21:47:45.194986,0 days 00:00:32.096666,identity,min,16,0.007018665041306633,4,bell,COMPLETE
461,0.0004225220764055848,2025-07-12 21:47:45.195690,2025-07-12 21:48:14.202978,0 days 00:00:29.007288,identity,min,16,0.00803160854708846,2,bell,COMPLETE
462,0.00043637369526550174,2025-07-12 21:48:14.203609,2025-07-12 21:48:39.108542,0 days 00:00:24.904933,identity,min,16,0.009970269147658091,2,sigmoid,COMPLETE
463,0.00039979349821805954,2025-07-12 21:48:39.108989,2025-07-12 21:49:08.099463,0 days 00:00:28.990474,identity,min,16,0.008796535356084769,2,bell,COMPLETE
464,1.0758376121520996,2025-07-12 21:49:08.100173,2025-07-12 21:49:37.123931,0 days 00:00:29.023758,identity,min,16,0.00012500223256077148,2,bell,COMPLETE
465,0.0029617189429700375,2025-07-12 21:49:37.124594,2025-07-12 21:49:42.918773,0 days 00:00:05.794179,identity,min,128,0.007148306344220071,2,bell,COMPLETE
466,0.0004261535359546542,2025-07-12 21:49:42.919193,2025-07-12 21:50:11.919725,0 days 00:00:29.000532,identity,min,16,0.007990268220460466,2,bell,COMPLETE
467,0.0006812652572989464,2025-07-12 21:50:11.920130,2025-07-12 21:50:26.836180,0 days 00:00:14.916050,identity,prod,32,0.006499858452029645,2,gaussian,COMPLETE
468,0.00037815782707184553,2025-07-12 21:50:26.836812,2025-07-12 21:50:55.828984,0 days 00:00:28.992172,identity,min,16,0.009093472366596722,2,bell,COMPLETE
469,0.0004556828353088349,2025-07-12 21:50:55.829455,2025-07-12 21:51:24.828010,0 days 00:00:28.998555,identity,min,16,0.009102703543136583,2,bell,COMPLETE
470,0.0005627812352031469,2025-07-12 21:51:24.828659,2025-07-12 21:51:53.826775,0 days 00:00:28.998116,identity,min,16,0.009277818286679554,2,bell,COMPLETE
471,0.0004469277337193489,2025-07-12 21:51:53.827249,2025-07-12 21:52:22.842432,0 days 00:00:29.015183,identity,min,16,0.009983481660292517,2,bell,COMPLETE
472,0.0004598963132593781,2025-07-12 21:52:22.843191,2025-07-12 21:52:47.757787,0 days 00:00:24.914596,identity,min,16,0.008477444427340015,2,sigmoid,COMPLETE
473,0.0004302977758925408,2025-07-12 21:52:47.758468,2025-07-12 21:53:18.369577,0 days 00:00:30.611109,identity,min,16,0.007614229751604926,3,bell,COMPLETE
474,0.1788952797651291,2025-07-12 21:53:18.370046,2025-07-12 21:53:47.336881,0 days 00:00:28.966835,identity,min,16,0.00016471714175645978,2,bell,COMPLETE
475,0.00038335242425091565,2025-07-12 21:53:47.337696,2025-07-12 21:54:16.333072,0 days 00:00:28.995376,identity,min,16,0.006163867497697381,2,bell,COMPLETE
476,0.004108223132789135,2025-07-12 21:54:16.333742,2025-07-12 21:54:45.348105,0 days 00:00:29.014363,identity,min,16,0.0060445568023227035,2,bell,COMPLETE
477,0.00046365492744371295,2025-07-12 21:54:45.348602,2025-07-12 21:55:14.341665,0 days 00:00:28.993063,identity,min,16,0.006280328493170667,2,bell,COMPLETE
478,0.0005242120823822916,2025-07-12 21:55:14.342341,2025-07-12 21:55:43.314613,0 days 00:00:28.972272,identity,min,16,0.006732183709639413,2,bell,COMPLETE
479,0.0005005375714972615,2025-07-12 21:55:43.315410,2025-07-12 21:56:09.389245,0 days 00:00:26.073835,identity,min,16,0.005921364279150255,2,gaussian,COMPLETE
480,0.00044610974146053195,2025-07-12 21:56:09.389747,2025-07-12 21:56:38.386667,0 days 00:00:28.996920,identity,min,16,0.006950327393662345,2,bell,COMPLETE
481,0.009751654230058193,2025-07-12 21:56:38.387387,2025-07-12 21:57:07.374704,0 days 00:00:28.987317,identity,min,16,0.00401340538198344,2,bell,COMPLETE
482,0.00043515022844076157,2025-07-12 21:57:07.375162,2025-07-12 21:57:36.365511,0 days 00:00:28.990349,identity,min,16,0.007384095537602595,2,bell,COMPLETE
483,0.00040019609150476754,2025-07-12 21:57:36.366226,2025-07-12 21:58:01.279759,0 days 00:00:24.913533,identity,min,16,0.008667611517051421,2,sigmoid,COMPLETE
484,0.007728366181254387,2025-07-12 21:58:01.280524,2025-07-12 21:58:10.574235,0 days 00:00:09.293711,identity,min,64,0.00934599425668827,2,bell,COMPLETE
485,0.00042805165867321193,2025-07-12 21:58:10.574658,2025-07-12 21:58:39.577796,0 days 00:00:29.003138,identity,min,16,0.009984651660415561,2,bell,COMPLETE
486,0.01601346954703331,2025-07-12 21:58:39.578657,2025-07-12 21:59:11.740514,0 days 00:00:32.161857,identity,min,16,0.006467068780531998,4,bell,COMPLETE
487,0.027078626677393913,2025-07-12 21:59:11.741189,2025-07-12 21:59:32.134137,0 days 00:00:20.392948,identity,min,32,0.007906569844534502,7,bell,COMPLETE
488,0.03421691060066223,2025-07-12 21:59:32.134836,2025-07-12 21:59:37.937050,0 days 00:00:05.802214,identity,min,128,0.007078485674972643,2,bell,COMPLETE
489,0.00039492445648647845,2025-07-12 21:59:37.937431,2025-07-12 22:00:08.604650,0 days 00:00:30.667219,identity,min,16,0.008574123401172647,3,bell,COMPLETE
490,0.0003934260457754135,2025-07-12 22:00:08.605197,2025-07-12 22:00:37.622553,0 days 00:00:29.017356,identity,min,16,0.008075820336433103,2,bell,COMPLETE
491,0.0006515212007798254,2025-07-12 22:00:37.623455,2025-07-12 22:00:45.824712,0 days 00:00:08.201257,identity,min,64,0.005845278349555475,2,sigmoid,COMPLETE
492,0.00939431693404913,2025-07-12 22:00:45.825284,2025-07-12 22:01:14.845427,0 days 00:00:29.020143,identity,min,16,0.009123857772960067,2,bell,COMPLETE
493,0.0004737657436635345,2025-07-12 22:01:14.846147,2025-07-12 22:01:40.955403,0 days 00:00:26.109256,identity,min,16,0.007320868471875281,2,gaussian,COMPLETE
494,0.0006006720941513777,2025-07-12 22:01:40.956225,2025-07-12 22:02:09.984243,0 days 00:00:29.028018,identity,min,16,0.008385092698913878,2,bell,COMPLETE
495,0.015000906772911549,2025-07-12 22:02:09.984817,2025-07-12 22:02:43.683492,0 days 00:00:33.698675,identity,min,16,0.006276015083605188,5,bell,COMPLETE
496,0.0038604510482400656,2025-07-12 22:02:43.684269,2025-07-12 22:02:53.012583,0 days 00:00:09.328314,identity,min,64,0.0031341763522326213,2,bell,COMPLETE
497,0.03917552903294563,2025-07-12 22:02:53.012996,2025-07-12 22:03:22.112896,0 days 00:00:29.099900,identity,min,16,0.0002839112498289102,2,bell,COMPLETE
498,0.00036803417606279254,2025-07-12 22:03:22.113517,2025-07-12 22:03:51.167030,0 days 00:00:29.053513,identity,min,16,0.007760037429563458,2,bell,COMPLETE
499,0.0005209434311836958,2025-07-12 22:03:51.167509,2025-07-12 22:04:20.265419,0 days 00:00:29.097910,identity,min,16,0.0043133972014402664,2,bell,COMPLETE
