number,value,datetime_start,datetime_complete,duration,params_activation,params_and_operator,params_batch_size,params_lr,params_n_sets,params_seq_length,params_shape,state
0,1.5914275646209717,2025-07-12 21:52:00.372926,2025-07-12 21:52:23.313053,0 days 00:00:22.940127,relu,min,64,0.0008123500040386177,9,11,gaussian,COMPLETE
1,0.015552593395113945,2025-07-12 21:52:23.313979,2025-07-12 21:52:51.279338,0 days 00:00:27.965359,identity,min,64,0.0013800846505417355,8,20,bell,COMPLETE
2,0.009622822515666485,2025-07-12 21:52:51.280199,2025-07-12 21:53:52.456683,0 days 00:01:01.176484,identity,min,16,0.007925940046967474,8,13,sigmoid,COMPLETE
3,0.9810059070587158,2025-07-12 21:53:52.457501,2025-07-12 21:54:09.641571,0 days 00:00:17.184070,relu,prod,128,0.0007230358424275768,8,24,gaussian,COMPLETE
4,0.0793805941939354,2025-07-12 21:54:09.642001,2025-07-12 21:54:23.782329,0 days 00:00:14.140328,identity,min,128,0.0006971411744970164,5,19,sigmoid,COMPLETE
5,0.6512791514396667,2025-07-12 21:54:23.782964,2025-07-12 21:55:06.813192,0 days 00:00:43.030228,relu,prod,32,0.0030724166814905846,9,19,sigmoid,COMPLETE
6,0.013832471333444118,2025-07-12 21:55:06.813808,2025-07-12 21:55:57.092362,0 days 00:00:50.278554,relu,min,16,0.0005573175282510838,5,6,gaussian,COMPLETE
7,0.09371942281723022,2025-07-12 21:55:57.093192,2025-07-12 21:56:25.071165,0 days 00:00:27.977973,relu,prod,64,0.0005100196794782358,9,22,sigmoid,COMPLETE
8,0.49004656076431274,2025-07-12 21:56:25.071784,2025-07-12 21:57:29.091996,0 days 00:01:04.020212,identity,prod,16,0.0008393968191542079,8,14,sigmoid,COMPLETE
9,4.435629844665527,2025-07-12 21:57:29.092784,2025-07-12 21:57:45.047137,0 days 00:00:15.954353,identity,prod,128,0.005634870455621599,7,19,gaussian,COMPLETE
10,0.2518141269683838,2025-07-12 21:57:45.047769,2025-07-12 21:58:44.848239,0 days 00:00:59.800470,identity,min,16,0.00016111798877144312,6,9,bell,COMPLETE
11,1.6493552923202515,2025-07-12 21:58:44.848867,2025-07-12 21:59:33.593133,0 days 00:00:48.744266,relu,min,16,0.009278647952311467,5,5,gaussian,COMPLETE
12,0.13147105276584625,2025-07-12 21:59:33.593754,2025-07-12 22:00:25.448286,0 days 00:00:51.854532,identity,min,16,0.0001889126681542212,6,7,sigmoid,COMPLETE
13,1.053297996520996,2025-07-12 22:00:25.448923,2025-07-12 22:01:28.794203,0 days 00:01:03.345280,relu,min,16,0.00030886238106336296,7,14,gaussian,COMPLETE
14,0.34870192408561707,2025-07-12 22:01:28.794875,2025-07-12 22:02:02.612703,0 days 00:00:33.817828,identity,min,32,0.0023383829711057123,6,11,sigmoid,COMPLETE
15,0.09079094976186752,2025-07-12 22:02:02.613339,2025-07-12 22:02:58.328334,0 days 00:00:55.714995,relu,min,16,0.0018545463009633245,7,5,bell,COMPLETE
16,0.0005253275739960372,2025-07-12 22:02:58.328970,2025-07-12 22:04:00.113712,0 days 00:01:01.784742,identity,min,16,0.004058844310181139,5,16,gaussian,COMPLETE
17,0.0008333002333529294,2025-07-12 22:04:00.114336,2025-07-12 22:05:06.940930,0 days 00:01:06.826594,identity,min,16,0.004619233552911395,8,16,gaussian,COMPLETE
18,0.13708828389644623,2025-07-12 22:05:06.941752,2025-07-12 22:05:43.946666,0 days 00:00:37.004914,identity,min,32,0.004417896707317341,6,16,gaussian,COMPLETE
19,0.009727866388857365,2025-07-12 22:05:43.947322,2025-07-12 22:06:50.861641,0 days 00:01:06.914319,identity,min,16,0.004280601056996562,8,16,gaussian,COMPLETE
20,0.5950097441673279,2025-07-12 22:06:50.862441,2025-07-12 22:07:58.186121,0 days 00:01:07.323680,identity,min,16,0.0015018844137851671,7,17,gaussian,COMPLETE
21,0.0004889885312877595,2025-07-12 22:07:58.186965,2025-07-12 22:08:59.198425,0 days 00:01:01.011460,identity,min,16,0.008627181683750198,8,12,gaussian,COMPLETE
22,0.0005741140921600163,2025-07-12 22:08:59.199045,2025-07-12 22:10:00.310933,0 days 00:01:01.111888,identity,min,16,0.0063866979220849876,8,12,gaussian,COMPLETE
23,0.03155667707324028,2025-07-12 22:10:00.311556,2025-07-12 22:11:03.570451,0 days 00:01:03.258895,identity,min,16,0.007048589711333757,9,12,gaussian,COMPLETE
24,0.0008313687285408378,2025-07-12 22:11:03.571281,2025-07-12 22:12:01.615164,0 days 00:00:58.043883,identity,min,16,0.0031019197158191126,7,9,gaussian,COMPLETE
25,0.000924892898183316,2025-07-12 22:12:01.615791,2025-07-12 22:13:00.899565,0 days 00:00:59.283774,identity,min,16,0.0065447693425655235,8,9,gaussian,COMPLETE
26,1.2071032524108887,2025-07-12 22:13:00.900184,2025-07-12 22:13:14.860040,0 days 00:00:13.959856,identity,prod,128,0.009803750420177611,7,11,bell,COMPLETE
27,0.38038909435272217,2025-07-12 22:13:14.860607,2025-07-12 22:13:53.003512,0 days 00:00:38.142905,identity,min,32,0.0033865830289748836,9,14,gaussian,COMPLETE
28,0.05243935436010361,2025-07-12 22:13:53.004144,2025-07-12 22:14:11.754638,0 days 00:00:18.750494,identity,min,64,0.005732824365313817,8,8,gaussian,COMPLETE
29,1.1304004192352295,2025-07-12 22:14:11.755100,2025-07-12 22:14:33.203163,0 days 00:00:21.448063,identity,min,64,0.0024310027139622116,9,11,gaussian,COMPLETE
30,1.1708776950836182,2025-07-12 22:14:33.203722,2025-07-12 22:15:36.354731,0 days 00:01:03.151009,identity,min,16,0.0011362076004382733,5,17,gaussian,COMPLETE
31,0.06652165949344635,2025-07-12 22:15:36.355557,2025-07-12 22:16:34.512698,0 days 00:00:58.157141,identity,min,16,0.003617705355309665,7,9,gaussian,COMPLETE
32,0.00044390984112396836,2025-07-12 22:16:34.513326,2025-07-12 22:17:32.668481,0 days 00:00:58.155155,identity,min,16,0.00256852842738957,6,12,gaussian,COMPLETE
33,0.0005189792718738317,2025-07-12 22:17:32.669090,2025-07-12 22:18:32.321550,0 days 00:00:59.652460,identity,min,16,0.005475324655538157,6,13,gaussian,COMPLETE
34,0.07980012148618698,2025-07-12 22:18:32.322166,2025-07-12 22:19:35.696024,0 days 00:01:03.373858,identity,min,16,0.001968058785946117,6,13,bell,COMPLETE
35,1.6159852743148804,2025-07-12 22:19:35.696847,2025-07-12 22:19:55.814436,0 days 00:00:20.117589,identity,min,64,0.00811702902520466,5,13,gaussian,COMPLETE
36,0.4891890585422516,2025-07-12 22:19:55.815015,2025-07-12 22:20:09.500558,0 days 00:00:13.685543,identity,min,128,0.00478281820585223,6,15,gaussian,COMPLETE
37,0.004319826140999794,2025-07-12 22:20:09.500980,2025-07-12 22:21:18.809024,0 days 00:01:09.308044,identity,prod,16,0.002755721117838298,5,21,gaussian,COMPLETE
38,1.0389021635055542,2025-07-12 22:21:18.809845,2025-07-12 22:22:25.295859,0 days 00:01:06.486014,identity,min,16,0.0016137814105878388,6,18,gaussian,COMPLETE
39,0.2704571783542633,2025-07-12 22:22:25.296687,2025-07-12 22:23:11.394295,0 days 00:00:46.097608,relu,prod,32,0.00010427329311682062,5,24,bell,COMPLETE
40,1.1384652853012085,2025-07-12 22:23:11.394914,2025-07-12 22:24:13.749604,0 days 00:01:02.354690,identity,min,16,0.0012345081257490132,6,15,gaussian,COMPLETE
41,0.0004838503082282841,2025-07-12 22:24:13.750246,2025-07-12 22:25:14.765403,0 days 00:01:01.015157,identity,min,16,0.005742820616421313,8,12,gaussian,COMPLETE
42,0.003563713515177369,2025-07-12 22:25:14.766028,2025-07-12 22:26:11.056482,0 days 00:00:56.290454,identity,min,16,0.0038242294555167248,5,12,gaussian,COMPLETE
43,0.00033610366517677903,2025-07-12 22:26:11.057119,2025-07-12 22:27:11.686300,0 days 00:01:00.629181,identity,min,16,0.005192405032813248,8,10,gaussian,COMPLETE
44,0.0005250952090136707,2025-07-12 22:27:11.686930,2025-07-12 22:28:12.366201,0 days 00:01:00.679271,identity,min,16,0.007913445739715398,8,10,gaussian,COMPLETE
45,0.20666728913784027,2025-07-12 22:28:12.367219,2025-07-12 22:28:24.288373,0 days 00:00:11.921154,identity,min,128,0.005273408727377316,8,10,sigmoid,COMPLETE
46,0.08110879361629486,2025-07-12 22:28:24.288794,2025-07-12 22:29:22.276519,0 days 00:00:57.987725,relu,prod,16,0.007735426396832502,8,7,gaussian,COMPLETE
47,0.5115336775779724,2025-07-12 22:29:22.277150,2025-07-12 22:30:27.157164,0 days 00:01:04.880014,identity,min,16,0.0059892905336457495,9,13,gaussian,COMPLETE
48,0.4611915051937103,2025-07-12 22:30:27.157989,2025-07-12 22:30:46.687307,0 days 00:00:19.529318,identity,min,64,0.009939541160367306,8,10,sigmoid,COMPLETE
49,0.3131875991821289,2025-07-12 22:30:46.687888,2025-07-12 22:31:47.225463,0 days 00:01:00.537575,relu,min,16,0.002662918316442612,7,12,gaussian,COMPLETE
50,0.023963073268532753,2025-07-12 22:31:47.226291,2025-07-12 22:32:55.307611,0 days 00:01:08.081320,identity,prod,16,0.005112719434653409,7,14,bell,COMPLETE
51,0.0019115603063255548,2025-07-12 22:32:55.308439,2025-07-12 22:33:55.985883,0 days 00:01:00.677444,identity,min,16,0.0084392074062167,8,10,gaussian,COMPLETE
52,0.0007182511035352945,2025-07-12 22:33:55.986502,2025-07-12 22:34:53.760973,0 days 00:00:57.774471,identity,min,16,0.007378171791663772,8,8,gaussian,COMPLETE
53,0.000643703795503825,2025-07-12 22:34:53.761606,2025-07-12 22:35:55.917033,0 days 00:01:02.155427,identity,min,16,0.006670930251172436,8,11,gaussian,COMPLETE
54,0.00043694768100976944,2025-07-12 22:35:55.917671,2025-07-12 22:36:58.424889,0 days 00:01:02.507218,identity,min,16,0.008157029554423075,8,13,gaussian,COMPLETE
55,0.027539025992155075,2025-07-12 22:36:58.425515,2025-07-12 22:38:04.651107,0 days 00:01:06.225592,identity,min,16,0.0053770487177634465,9,14,gaussian,COMPLETE
56,0.004301327746361494,2025-07-12 22:38:04.651967,2025-07-12 22:38:37.845938,0 days 00:00:33.193971,identity,min,32,0.0008557221824464723,6,12,gaussian,COMPLETE
57,0.06369121372699738,2025-07-12 22:38:37.846573,2025-07-12 22:39:38.446411,0 days 00:01:00.599838,relu,min,16,0.0005543510334875004,7,13,sigmoid,COMPLETE
58,3.6984903812408447,2025-07-12 22:39:38.447274,2025-07-12 22:39:52.481458,0 days 00:00:14.034184,identity,min,128,0.004546900931377447,8,15,gaussian,COMPLETE
59,1.4381424188613892,2025-07-12 22:39:52.482039,2025-07-12 22:40:53.601339,0 days 00:01:01.119300,identity,min,16,0.00034781812324146923,8,12,gaussian,COMPLETE
60,0.23631612956523895,2025-07-12 22:40:53.601976,2025-07-12 22:41:53.127842,0 days 00:00:59.525866,identity,min,16,0.0020782480463862863,6,13,gaussian,COMPLETE
61,0.0011766973184421659,2025-07-12 22:41:53.128495,2025-07-12 22:42:53.903859,0 days 00:01:00.775364,identity,min,16,0.00845542837850437,8,10,gaussian,COMPLETE
62,0.18879424035549164,2025-07-12 22:42:53.904487,2025-07-12 22:43:56.137986,0 days 00:01:02.233499,identity,min,16,0.007059152014397144,8,11,gaussian,COMPLETE
63,0.009980639442801476,2025-07-12 22:43:56.138808,2025-07-12 22:44:53.962638,0 days 00:00:57.823830,identity,min,16,0.005929593771078563,8,8,gaussian,COMPLETE
64,0.0005767995025962591,2025-07-12 22:44:53.963272,2025-07-12 22:45:58.395453,0 days 00:01:04.432181,identity,min,16,0.008609419615667063,9,11,gaussian,COMPLETE
65,0.1331111341714859,2025-07-12 22:45:58.399041,2025-07-12 22:46:59.199162,0 days 00:01:00.800121,identity,min,16,0.0032673020233920944,8,10,gaussian,COMPLETE
66,0.017868155613541603,2025-07-12 22:46:59.199788,2025-07-12 22:48:17.754221,0 days 00:01:18.554433,identity,min,16,0.0040138152507146274,7,25,gaussian,COMPLETE
67,0.04748239740729332,2025-07-12 22:48:17.755060,2025-07-12 22:48:38.621490,0 days 00:00:20.866430,identity,min,64,0.0064125261963545,8,9,bell,COMPLETE
68,0.0006316342041827738,2025-07-12 22:48:38.622080,2025-07-12 22:49:39.838527,0 days 00:01:01.216447,identity,min,16,0.008779945085614835,8,12,gaussian,COMPLETE
69,0.01407653372734785,2025-07-12 22:49:39.839183,2025-07-12 22:50:16.083089,0 days 00:00:36.243906,identity,prod,32,0.007386834388051633,7,14,sigmoid,COMPLETE
70,1.7041062116622925,2025-07-12 22:50:16.083734,2025-07-12 22:51:24.085864,0 days 00:01:08.002130,relu,min,16,0.00976567001562307,9,15,gaussian,COMPLETE
71,0.009020053781569004,2025-07-12 22:51:24.086702,2025-07-12 22:52:25.898559,0 days 00:01:01.811857,identity,min,16,0.004322694101749428,5,16,gaussian,COMPLETE
72,0.015858281403779984,2025-07-12 22:52:25.899205,2025-07-12 22:53:23.542436,0 days 00:00:57.643231,identity,min,16,0.0051787391457489736,5,13,gaussian,COMPLETE
73,0.0006000013672746718,2025-07-12 22:53:23.543098,2025-07-12 22:54:28.618288,0 days 00:01:05.075190,identity,min,16,0.0037664586031224013,6,17,gaussian,COMPLETE
74,0.0490787997841835,2025-07-12 22:54:28.619145,2025-07-12 22:55:30.763382,0 days 00:01:02.144237,identity,min,16,0.003002855455276372,8,11,gaussian,COMPLETE
75,0.4753808081150055,2025-07-12 22:55:30.764252,2025-07-12 22:55:45.884341,0 days 00:00:15.120089,identity,min,128,0.006164015895641798,8,18,gaussian,COMPLETE
76,0.0059943171218037605,2025-07-12 22:55:45.884922,2025-07-12 22:56:44.032404,0 days 00:00:58.147482,identity,min,16,0.004699193790986676,6,12,gaussian,COMPLETE
77,0.0011670549865812063,2025-07-12 22:56:44.033041,2025-07-12 22:57:47.096857,0 days 00:01:03.063816,identity,min,16,0.005586649300492545,7,14,gaussian,COMPLETE
78,0.0025155791081488132,2025-07-12 22:57:47.097510,2025-07-12 22:58:41.556377,0 days 00:00:54.458867,identity,min,16,0.0035207267686316645,5,9,gaussian,COMPLETE
79,0.00042839444358833134,2025-07-12 22:58:41.557028,2025-07-12 22:59:43.097566,0 days 00:01:01.540538,identity,prod,16,0.007279522128632261,8,7,bell,COMPLETE
80,0.08402431756258011,2025-07-12 22:59:43.098203,2025-07-12 23:00:01.605692,0 days 00:00:18.507489,identity,prod,64,0.007719811191486765,8,5,bell,COMPLETE
81,0.0005258460878394544,2025-07-12 23:00:01.606480,2025-07-12 23:01:01.648022,0 days 00:01:00.041542,identity,prod,16,0.006610784540708121,8,6,bell,COMPLETE
82,0.0022116501349955797,2025-07-12 23:01:01.648651,2025-07-12 23:02:13.908320,0 days 00:01:12.259669,identity,prod,16,0.0041323375607000825,8,16,bell,COMPLETE
83,0.0004061813233420253,2025-07-12 23:02:13.909196,2025-07-12 23:03:15.425041,0 days 00:01:01.515845,identity,prod,16,0.004998995204376586,8,7,bell,COMPLETE
84,0.0009065848425962031,2025-07-12 23:03:15.425695,2025-07-12 23:04:16.968305,0 days 00:01:01.542610,identity,prod,16,0.009121345849610444,8,7,bell,COMPLETE
85,0.027425047010183334,2025-07-12 23:04:16.968971,2025-07-12 23:05:20.007091,0 days 00:01:03.038120,identity,prod,16,0.0071562619663147675,8,8,bell,COMPLETE
86,0.06088590994477272,2025-07-12 23:05:20.007987,2025-07-12 23:06:21.519518,0 days 00:01:01.511531,identity,prod,16,0.0059343271570245545,8,7,bell,COMPLETE
87,0.009419174864888191,2025-07-12 23:06:21.520384,2025-07-12 23:07:24.030290,0 days 00:01:02.509906,relu,prod,16,0.007945794264874144,9,6,bell,COMPLETE
88,0.002229931764304638,2025-07-12 23:07:24.031125,2025-07-12 23:08:02.412547,0 days 00:00:38.381422,identity,prod,32,0.004718716467360081,8,10,bell,COMPLETE
89,0.016259856522083282,2025-07-12 23:08:02.413209,2025-07-12 23:09:05.415747,0 days 00:01:03.002538,identity,prod,16,0.005099169501051206,8,8,bell,COMPLETE
90,0.2005903273820877,2025-07-12 23:09:05.416601,2025-07-12 23:09:17.738447,0 days 00:00:12.321846,identity,prod,128,0.006786543652925375,8,11,sigmoid,COMPLETE
91,0.0003726716968230903,2025-07-12 23:09:17.739055,2025-07-12 23:10:20.299120,0 days 00:01:02.560065,identity,min,16,0.005334622129723673,8,13,gaussian,COMPLETE
92,0.04373132437467575,2025-07-12 23:10:20.299769,2025-07-12 23:11:21.418344,0 days 00:01:01.118575,identity,min,16,0.005590744924660533,8,12,gaussian,COMPLETE
93,0.005788360722362995,2025-07-12 23:11:21.418993,2025-07-12 23:12:23.964199,0 days 00:01:02.545206,identity,min,16,0.008172280634293426,8,13,gaussian,COMPLETE
94,0.0007734311511740088,2025-07-12 23:12:23.964853,2025-07-12 23:13:27.977300,0 days 00:01:04.012447,identity,min,16,0.009556007292193828,8,14,gaussian,COMPLETE
95,0.13943028450012207,2025-07-12 23:13:27.978164,2025-07-12 23:14:29.138958,0 days 00:01:01.160794,identity,min,16,0.006152123693187873,8,12,gaussian,COMPLETE
96,0.019324785098433495,2025-07-12 23:14:29.139606,2025-07-12 23:15:32.125168,0 days 00:01:02.985562,identity,min,16,0.002429886058243677,8,9,bell,COMPLETE
97,2.4703783988952637,2025-07-12 23:15:32.125850,2025-07-12 23:16:26.811350,0 days 00:00:54.685500,identity,prod,16,0.005110137245732394,8,5,gaussian,COMPLETE
98,0.0005805196124128997,2025-07-12 23:16:26.811998,2025-07-12 23:17:28.417156,0 days 00:01:01.605158,identity,min,16,0.0071029693790511305,7,13,gaussian,COMPLETE
99,0.0037534816656261683,2025-07-12 23:17:28.417818,2025-07-12 23:18:30.934736,0 days 00:01:02.516918,relu,min,16,0.0027949717221890835,8,11,gaussian,COMPLETE
100,2.2930877208709717,2025-07-12 23:18:30.935385,2025-07-12 23:18:51.828380,0 days 00:00:20.892995,identity,min,64,0.0042748673991965,9,10,gaussian,COMPLETE
101,0.0007534644682891667,2025-07-12 23:18:51.828992,2025-07-12 23:19:50.880435,0 days 00:00:59.051443,identity,min,16,0.003942083434478588,5,14,gaussian,COMPLETE
102,0.2237556129693985,2025-07-12 23:19:50.881280,2025-07-12 23:20:52.167552,0 days 00:01:01.286272,identity,min,16,0.004863618825796178,8,12,gaussian,COMPLETE
103,0.00036570767406374216,2025-07-12 23:20:52.168447,2025-07-12 23:21:54.694345,0 days 00:01:02.525898,identity,min,16,0.005768707550160242,6,15,gaussian,COMPLETE
104,0.024351075291633606,2025-07-12 23:21:54.695210,2025-07-12 23:22:57.294988,0 days 00:01:02.599778,identity,min,16,0.005650372110559567,6,15,gaussian,COMPLETE
105,0.0004541090165730566,2025-07-12 23:22:57.295644,2025-07-12 23:23:56.880719,0 days 00:00:59.585075,identity,min,16,0.007847065581945298,6,13,gaussian,COMPLETE
106,0.000686352257616818,2025-07-12 23:23:56.881375,2025-07-12 23:24:56.583830,0 days 00:00:59.702455,identity,min,16,0.006440795406792287,6,13,gaussian,COMPLETE
107,0.0003365919692441821,2025-07-12 23:24:56.584479,2025-07-12 23:25:56.258079,0 days 00:00:59.673600,identity,min,16,0.008817944764327065,6,14,sigmoid,COMPLETE
108,0.06520365178585052,2025-07-12 23:25:56.258741,2025-07-12 23:26:57.324485,0 days 00:01:01.065744,identity,min,16,0.008591322770905374,6,15,sigmoid,COMPLETE
109,0.646605908870697,2025-07-12 23:26:57.325128,2025-07-12 23:27:31.786931,0 days 00:00:34.461803,identity,min,32,0.0017311841276074725,6,14,sigmoid,COMPLETE
110,0.0035361838527023792,2025-07-12 23:27:31.787533,2025-07-12 23:28:31.101487,0 days 00:00:59.313954,identity,prod,16,0.009269549645028682,6,13,sigmoid,COMPLETE
111,0.04748332127928734,2025-07-12 23:28:31.102158,2025-07-12 23:29:30.753204,0 days 00:00:59.651046,identity,min,16,0.006996991299936732,6,14,sigmoid,COMPLETE
112,0.0025514790322631598,2025-07-12 23:29:30.753862,2025-07-12 23:30:29.030482,0 days 00:00:58.276620,identity,min,16,0.007750234611415849,6,13,sigmoid,COMPLETE
113,0.5991924405097961,2025-07-12 23:30:29.031144,2025-07-12 23:31:27.161790,0 days 00:00:58.130646,identity,min,16,0.0007126011026372405,6,12,gaussian,COMPLETE
114,0.0009560092003084719,2025-07-12 23:31:27.162447,2025-07-12 23:32:28.191377,0 days 00:01:01.028930,identity,min,16,0.009919602911496518,6,14,gaussian,COMPLETE
115,0.00858792383223772,2025-07-12 23:32:28.192254,2025-07-12 23:33:34.496174,0 days 00:01:06.303920,identity,min,16,0.006159695233563235,6,15,bell,COMPLETE
116,0.008813124150037766,2025-07-12 23:33:34.497057,2025-07-12 23:33:47.380095,0 days 00:00:12.883038,identity,min,128,0.007536311692974925,6,13,gaussian,COMPLETE
117,0.0025347862392663956,2025-07-12 23:33:47.380532,2025-07-12 23:34:45.741535,0 days 00:00:58.361003,identity,min,16,0.009000168795865286,6,12,gaussian,COMPLETE
118,0.0003994542348664254,2025-07-12 23:34:45.742186,2025-07-12 23:35:45.277336,0 days 00:00:59.535150,identity,min,16,0.005574666283380489,6,13,gaussian,COMPLETE
119,0.0670771598815918,2025-07-12 23:35:45.277995,2025-07-12 23:36:37.074556,0 days 00:00:51.796561,identity,min,16,0.006678296889115698,6,6,gaussian,COMPLETE
120,0.0003729830787051469,2025-07-12 23:36:37.075210,2025-07-12 23:37:40.250956,0 days 00:01:03.175746,relu,min,16,0.004491198117956584,6,11,bell,COMPLETE
121,0.0028463967610150576,2025-07-12 23:37:40.251787,2025-07-12 23:38:43.429605,0 days 00:01:03.177818,relu,min,16,0.005485229794359314,6,11,bell,COMPLETE
122,0.39348313212394714,2025-07-12 23:38:43.430459,2025-07-12 23:39:46.657691,0 days 00:01:03.227232,relu,min,16,0.00043878513331470457,6,11,bell,COMPLETE
123,0.00047146884026005864,2025-07-12 23:39:46.658344,2025-07-12 23:40:48.828057,0 days 00:01:02.169713,relu,min,16,0.004636583460257197,6,12,bell,COMPLETE
124,0.0005311280838213861,2025-07-12 23:40:48.828716,2025-07-12 23:41:52.481692,0 days 00:01:03.652976,relu,min,16,0.0045462919768105734,6,13,bell,COMPLETE
125,0.00060085958102718,2025-07-12 23:41:52.482590,2025-07-12 23:42:54.680618,0 days 00:01:02.198028,relu,min,16,0.0031898028517183233,6,12,bell,COMPLETE
126,0.012277558445930481,2025-07-12 23:42:54.681287,2025-07-12 23:44:00.922181,0 days 00:01:06.240894,relu,prod,16,0.00370349362547036,6,14,bell,COMPLETE
127,0.002412618836387992,2025-07-12 23:44:00.923058,2025-07-12 23:45:04.121843,0 days 00:01:03.198785,relu,min,16,0.005073190038510152,6,11,bell,COMPLETE
128,0.005360955838114023,2025-07-12 23:45:04.122502,2025-07-12 23:46:12.204324,0 days 00:01:08.081822,relu,min,16,0.004483061536897079,6,16,bell,COMPLETE
129,0.9810736179351807,2025-07-12 23:46:12.205201,2025-07-12 23:46:34.812697,0 days 00:00:22.607496,relu,min,64,0.0009675715479600215,6,13,bell,COMPLETE
130,0.0005103583680465817,2025-07-12 23:46:34.813352,2025-07-12 23:47:34.754430,0 days 00:00:59.941078,relu,prod,16,0.0057219363111663995,6,8,bell,COMPLETE
131,0.004745929501950741,2025-07-12 23:47:34.755073,2025-07-12 23:48:35.968377,0 days 00:01:01.213304,identity,min,16,0.00624319698570234,8,12,gaussian,COMPLETE
132,0.0003599146439228207,2025-07-12 23:48:35.969252,2025-07-12 23:49:37.855646,0 days 00:01:01.886394,identity,min,16,0.008238724214623279,6,12,bell,COMPLETE
133,0.00036572787212207913,2025-07-12 23:49:37.856524,2025-07-12 23:50:41.058255,0 days 00:01:03.201731,relu,min,16,0.007945232878496371,6,11,bell,COMPLETE
134,0.4244450032711029,2025-07-12 23:50:41.059121,2025-07-12 23:51:44.320519,0 days 00:01:03.261398,relu,min,16,0.00019417556083321474,6,11,bell,COMPLETE
135,0.06725654751062393,2025-07-12 23:51:44.321180,2025-07-12 23:52:46.127454,0 days 00:01:01.806274,relu,min,16,0.007335425657737565,6,10,bell,COMPLETE
136,0.07652802020311356,2025-07-12 23:52:46.128340,2025-07-12 23:53:48.351822,0 days 00:01:02.223482,relu,min,16,0.002183797685360724,6,12,bell,COMPLETE
137,0.0005082263960503042,2025-07-12 23:53:48.352687,2025-07-12 23:54:25.048641,0 days 00:00:36.695954,relu,min,32,0.007789328433203142,6,13,bell,COMPLETE
138,0.0004611071781255305,2025-07-12 23:54:25.049310,2025-07-12 23:55:20.704160,0 days 00:00:55.654850,relu,min,16,0.0082872336621462,6,6,bell,COMPLETE
139,0.039258576929569244,2025-07-12 23:55:20.704837,2025-07-12 23:56:17.918594,0 days 00:00:57.213757,relu,min,16,0.008475904134997572,6,7,bell,COMPLETE
140,0.0004613463534042239,2025-07-12 23:56:17.919257,2025-07-12 23:57:15.995190,0 days 00:00:58.075933,identity,prod,16,0.006839849540910251,6,7,bell,COMPLETE
141,0.0005445965798571706,2025-07-12 23:57:15.995860,2025-07-12 23:58:12.398015,0 days 00:00:56.402155,identity,prod,16,0.008263758015195766,6,6,bell,COMPLETE
142,0.00045911475899629295,2025-07-12 23:58:12.398681,2025-07-12 23:59:10.396507,0 days 00:00:57.997826,identity,prod,16,0.006769052001020044,6,7,bell,COMPLETE
143,0.0038860440254211426,2025-07-12 23:59:10.397180,2025-07-13 00:00:08.430662,0 days 00:00:58.033482,identity,prod,16,0.009265230427832852,6,7,bell,COMPLETE
144,0.0007646192098036408,2025-07-13 00:00:08.431334,2025-07-13 00:01:04.895299,0 days 00:00:56.463965,identity,prod,16,0.007212016744546981,6,6,bell,COMPLETE
145,0.0003372752689756453,2025-07-13 00:01:04.895967,2025-07-13 00:02:05.844805,0 days 00:01:00.948838,identity,prod,16,0.006409997382874174,6,9,bell,COMPLETE
146,0.34359973669052124,2025-07-13 00:02:05.845468,2025-07-13 00:03:06.893918,0 days 00:01:01.048450,identity,prod,16,0.006058986433495354,6,9,bell,COMPLETE
147,1.1397995948791504,2025-07-13 00:03:06.894579,2025-07-13 00:03:17.710284,0 days 00:00:10.815705,identity,prod,128,0.0013126393524843416,6,8,sigmoid,COMPLETE
148,0.00036108348285779357,2025-07-13 00:03:17.710901,2025-07-13 00:04:20.314993,0 days 00:01:02.604092,identity,prod,16,0.006585601979014754,6,10,bell,COMPLETE
149,0.0004837347660213709,2025-07-13 00:04:20.315674,2025-07-13 00:05:22.910549,0 days 00:01:02.594875,identity,prod,16,0.005286013006649246,6,10,bell,COMPLETE
150,0.00040400607394985855,2025-07-13 00:05:22.911239,2025-07-13 00:06:29.161829,0 days 00:01:06.250590,identity,prod,16,0.006505963130190099,7,11,bell,COMPLETE
151,0.00036899818223901093,2025-07-13 00:06:29.162744,2025-07-13 00:07:35.422070,0 days 00:01:06.259326,identity,prod,16,0.006221693692239197,7,11,bell,COMPLETE
152,0.00048178204451687634,2025-07-13 00:07:35.422964,2025-07-13 00:08:40.193630,0 days 00:01:04.770666,identity,prod,16,0.006182135562897265,7,10,bell,COMPLETE
153,0.0005284990766085684,2025-07-13 00:08:40.194525,2025-07-13 00:09:46.481771,0 days 00:01:06.287246,identity,prod,16,0.005456123932202278,7,11,bell,COMPLETE
154,0.0007283568847924471,2025-07-13 00:09:46.482655,2025-07-13 00:10:49.736050,0 days 00:01:03.253395,identity,prod,16,0.005767264619109216,7,9,bell,COMPLETE
155,0.0003788559406530112,2025-07-13 00:10:49.736899,2025-07-13 00:11:56.044992,0 days 00:01:06.308093,identity,prod,16,0.004842085908441573,7,11,bell,COMPLETE
156,0.0026230129878968,2025-07-13 00:11:56.045880,2025-07-13 00:13:00.889358,0 days 00:01:04.843478,identity,prod,16,0.006463870576296835,7,10,bell,COMPLETE
157,0.00040743956924416125,2025-07-13 00:13:00.890226,2025-07-13 00:14:05.667462,0 days 00:01:04.777236,identity,prod,16,0.004972017490196255,7,10,bell,COMPLETE
158,0.0008313676808029413,2025-07-13 00:14:05.668136,2025-07-13 00:15:08.890610,0 days 00:01:03.222474,identity,prod,16,0.004113752635055259,7,9,bell,COMPLETE
159,0.00034811432124115527,2025-07-13 00:15:08.891521,2025-07-13 00:16:15.214886,0 days 00:01:06.323365,identity,prod,16,0.004960028008558039,7,11,bell,COMPLETE
160,0.02765376679599285,2025-07-13 00:16:15.215762,2025-07-13 00:16:36.909724,0 days 00:00:21.693962,identity,prod,64,0.004737734063204613,7,10,bell,COMPLETE
161,0.00457240454852581,2025-07-13 00:16:36.910347,2025-07-13 00:17:43.153998,0 days 00:01:06.243651,identity,prod,16,0.004921656796919068,7,11,bell,COMPLETE
162,0.0035139501560479403,2025-07-13 00:17:43.155054,2025-07-13 00:18:49.407391,0 days 00:01:06.252337,identity,prod,16,0.0053350401401589635,7,11,bell,COMPLETE
163,0.01425867062062025,2025-07-13 00:18:49.408287,2025-07-13 00:19:54.123667,0 days 00:01:04.715380,identity,prod,16,0.004055809079469251,7,10,bell,COMPLETE
164,0.0014884358970448375,2025-07-13 00:19:54.124575,2025-07-13 00:21:00.357221,0 days 00:01:06.232646,identity,prod,16,0.005914775633512907,7,11,bell,COMPLETE
165,0.031280502676963806,2025-07-13 00:21:00.358123,2025-07-13 00:22:05.099479,0 days 00:01:04.741356,identity,prod,16,0.004976467639479197,7,10,bell,COMPLETE
166,0.0420224703848362,2025-07-13 00:22:05.100374,2025-07-13 00:23:11.303531,0 days 00:01:06.203157,identity,prod,16,0.004400446670429538,7,11,bell,COMPLETE
167,0.06288743019104004,2025-07-13 00:23:11.304442,2025-07-13 00:24:16.063451,0 days 00:01:04.759009,identity,prod,16,0.006954570383723011,7,10,bell,COMPLETE
168,0.0020191287621855736,2025-07-13 00:24:16.064347,2025-07-13 00:25:19.242822,0 days 00:01:03.178475,identity,prod,16,0.003448225965107464,7,9,bell,COMPLETE
169,0.01386039424687624,2025-07-13 00:25:19.243764,2025-07-13 00:25:58.144083,0 days 00:00:38.900319,identity,prod,32,0.0053496074398285045,7,11,bell,COMPLETE
170,0.0005404444527812302,2025-07-13 00:25:58.144759,2025-07-13 00:27:02.873592,0 days 00:01:04.728833,identity,prod,16,0.006220447921613457,7,10,bell,COMPLETE
171,0.0011749387485906482,2025-07-13 00:27:02.874484,2025-07-13 00:28:07.979200,0 days 00:01:05.104716,identity,prod,16,0.007533457273359947,7,12,bell,COMPLETE
172,0.03626847267150879,2025-07-13 00:28:07.980114,2025-07-13 00:29:27.900097,0 days 00:01:19.919983,identity,prod,16,0.006761431688685406,7,22,bell,COMPLETE
173,0.08837480843067169,2025-07-13 00:29:27.901001,2025-07-13 00:30:29.002890,0 days 00:01:01.101889,identity,prod,16,0.005071761137963692,7,11,sigmoid,COMPLETE
174,0.004648497328162193,2025-07-13 00:30:29.003801,2025-07-13 00:31:36.625481,0 days 00:01:07.621680,identity,prod,16,0.005748610522177333,8,11,bell,COMPLETE
175,0.017833013087511063,2025-07-13 00:31:36.626404,2025-07-13 00:32:43.050737,0 days 00:01:06.424333,identity,prod,16,0.009982229779997591,8,12,bell,COMPLETE
176,0.0005872960900887847,2025-07-13 00:32:43.051691,2025-07-13 00:33:47.686232,0 days 00:01:04.634541,identity,prod,16,0.007447377149610978,8,9,bell,COMPLETE
177,0.02813100442290306,2025-07-13 00:33:47.687140,2025-07-13 00:34:55.876371,0 days 00:01:08.189231,identity,prod,16,0.006505036382913611,7,14,bell,COMPLETE
178,0.505410373210907,2025-07-13 00:34:55.877269,2025-07-13 00:36:01.013335,0 days 00:01:05.136066,identity,prod,16,0.008760943436190749,7,12,bell,COMPLETE
179,0.21422138810157776,2025-07-13 00:36:01.014266,2025-07-13 00:36:13.855299,0 days 00:00:12.841033,identity,prod,128,0.004672598884666661,6,10,bell,COMPLETE
180,0.0034666545689105988,2025-07-13 00:36:13.855738,2025-07-13 00:37:21.488222,0 days 00:01:07.632484,identity,prod,16,0.0055813337971479865,8,11,bell,COMPLETE
181,0.0012045491021126509,2025-07-13 00:37:21.489088,2025-07-13 00:38:18.485106,0 days 00:00:56.996018,identity,min,16,0.004379062154907228,6,12,sigmoid,COMPLETE
182,0.0005741792847402394,2025-07-13 00:38:18.485799,2025-07-13 00:39:22.529107,0 days 00:01:04.043308,identity,prod,16,0.007977640933500932,6,11,bell,COMPLETE
183,0.11366880685091019,2025-07-13 00:39:22.530030,2025-07-13 00:40:25.908276,0 days 00:01:03.378246,identity,min,16,0.006336918149730388,6,13,bell,COMPLETE
184,0.0007169311866164207,2025-07-13 00:40:25.909168,2025-07-13 00:41:28.795798,0 days 00:01:02.886630,identity,min,16,0.007131180583556703,6,11,bell,COMPLETE
185,0.4530458152294159,2025-07-13 00:41:28.796487,2025-07-13 00:42:28.087932,0 days 00:00:59.291445,identity,prod,16,0.005026893911268648,6,12,gaussian,COMPLETE
186,0.0005959304398857057,2025-07-13 00:42:28.088622,2025-07-13 00:43:34.488323,0 days 00:01:06.399701,identity,min,16,0.0038145021737831996,6,15,bell,COMPLETE
187,0.18353766202926636,2025-07-13 00:43:34.489239,2025-07-13 00:44:35.579938,0 days 00:01:01.090699,identity,prod,16,0.005841299359136542,8,10,sigmoid,COMPLETE
188,0.00033486291067674756,2025-07-13 00:44:35.580629,2025-07-13 00:45:38.948440,0 days 00:01:03.367811,identity,min,16,0.008305678240064264,6,13,bell,COMPLETE
189,0.000596779806073755,2025-07-13 00:45:38.949131,2025-07-13 00:46:43.874981,0 days 00:01:04.925850,identity,min,16,0.008982759087026166,6,14,bell,COMPLETE
190,0.0005048335297033191,2025-07-13 00:46:43.875886,2025-07-13 00:47:48.343981,0 days 00:01:04.468095,identity,prod,16,0.007757082726670343,6,13,bell,COMPLETE
191,0.0006202872027643025,2025-07-13 00:47:48.344919,2025-07-13 00:48:51.656289,0 days 00:01:03.311370,identity,min,16,0.008553663608310778,6,13,bell,COMPLETE
192,0.0041612922213971615,2025-07-13 00:48:51.657303,2025-07-13 00:49:53.452522,0 days 00:01:01.795219,identity,min,16,0.006965488707666523,6,12,bell,COMPLETE
193,0.00043591507710516453,2025-07-13 00:49:53.453220,2025-07-13 00:50:52.593730,0 days 00:00:59.140510,identity,min,16,0.006296142302371457,6,11,gaussian,COMPLETE
194,0.004740335512906313,2025-07-13 00:50:52.594430,2025-07-13 00:51:55.393189,0 days 00:01:02.798759,identity,min,16,0.0063722563523452526,6,11,bell,COMPLETE
195,0.0012742148246616125,2025-07-13 00:51:55.394099,2025-07-13 00:52:54.988975,0 days 00:00:59.594876,identity,min,16,0.005477521759521055,7,10,gaussian,COMPLETE
196,0.004368791356682777,2025-07-13 00:52:54.989670,2025-07-13 00:53:57.806948,0 days 00:01:02.817278,identity,min,16,0.007646643429746223,6,11,bell,COMPLETE
197,1.02143132686615,2025-07-13 00:53:57.807857,2025-07-13 00:54:18.354905,0 days 00:00:20.547048,identity,min,64,0.005981202036735798,6,10,bell,COMPLETE
198,0.0004937710473313928,2025-07-13 00:54:18.355537,2025-07-13 00:55:19.004974,0 days 00:01:00.649437,identity,prod,16,0.007056974630208446,8,9,gaussian,COMPLETE
199,0.0004018446779809892,2025-07-13 00:55:19.005901,2025-07-13 00:56:23.931197,0 days 00:01:04.925296,identity,min,16,0.004862201341137949,7,11,bell,COMPLETE
200,0.138078972697258,2025-07-13 00:56:23.932192,2025-07-13 00:57:24.128175,0 days 00:01:00.195983,identity,min,16,0.004912465661738156,7,8,bell,COMPLETE
201,0.00067750527523458,2025-07-13 00:57:24.128860,2025-07-13 00:58:29.011628,0 days 00:01:04.882768,identity,min,16,0.004388550756386816,7,11,bell,COMPLETE
202,0.0003976025909651071,2025-07-13 00:58:29.012562,2025-07-13 00:59:33.839788,0 days 00:01:04.827226,identity,min,16,0.0056801575783799185,7,11,bell,COMPLETE
203,0.0003728642186615616,2025-07-13 00:59:33.840714,2025-07-13 01:00:38.674542,0 days 00:01:04.833828,identity,min,16,0.0053643043562908495,7,11,bell,COMPLETE
204,0.0003676294581964612,2025-07-13 01:00:38.675442,2025-07-13 01:01:42.464961,0 days 00:01:03.789519,identity,min,16,0.005326880932940348,7,12,bell,COMPLETE
205,0.004432083573192358,2025-07-13 01:01:42.465649,2025-07-13 01:02:46.284622,0 days 00:01:03.818973,identity,min,16,0.005284181508797185,7,12,bell,COMPLETE
206,0.00042026687879115343,2025-07-13 01:02:46.285520,2025-07-13 01:03:51.036680,0 days 00:01:04.751160,identity,min,16,0.004763319728719799,7,11,bell,COMPLETE
207,0.01909353770315647,2025-07-13 01:03:51.037625,2025-07-13 01:04:54.893173,0 days 00:01:03.855548,identity,min,16,0.004142521682208204,7,12,bell,COMPLETE
208,0.0009484664769843221,2025-07-13 01:04:54.894140,2025-07-13 01:05:58.181825,0 days 00:01:03.287685,identity,min,16,0.005402972475869055,7,10,bell,COMPLETE
209,0.008650869131088257,2025-07-13 01:05:58.182516,2025-07-13 01:07:03.022327,0 days 00:01:04.839811,identity,min,16,0.004756951791746019,7,11,bell,COMPLETE
210,0.25280940532684326,2025-07-13 01:07:03.023208,2025-07-13 01:07:39.804305,0 days 00:00:36.781097,identity,min,32,0.005701221436960229,7,12,bell,COMPLETE
211,0.0020740290638059378,2025-07-13 01:07:39.804982,2025-07-13 01:08:44.586002,0 days 00:01:04.781020,identity,min,16,0.004756774012532546,7,11,bell,COMPLETE
212,0.018977923318743706,2025-07-13 01:08:44.586931,2025-07-13 01:09:49.341940,0 days 00:01:04.755009,identity,min,16,0.0051658177038356665,7,11,bell,COMPLETE
213,0.0005277532618492842,2025-07-13 01:09:49.342890,2025-07-13 01:10:52.540655,0 days 00:01:03.197765,identity,min,16,0.0045713854089123,7,10,bell,COMPLETE
214,0.0005110960337333381,2025-07-13 01:10:52.541551,2025-07-13 01:11:57.256400,0 days 00:01:04.714849,identity,min,16,0.005088024480277639,7,11,bell,COMPLETE
215,0.005000332836061716,2025-07-13 01:11:57.257091,2025-07-13 01:13:02.003990,0 days 00:01:04.746899,identity,min,16,0.004330459721283362,7,11,bell,COMPLETE
216,0.029530055820941925,2025-07-13 01:13:02.004925,2025-07-13 01:14:05.240153,0 days 00:01:03.235228,identity,min,16,0.005815547589155448,7,10,bell,COMPLETE
217,0.02175130508840084,2025-07-13 01:14:05.240846,2025-07-13 01:15:09.377362,0 days 00:01:04.136516,relu,min,16,0.0038141394278444797,7,12,bell,COMPLETE
218,0.0004103565588593483,2025-07-13 01:15:09.378251,2025-07-13 01:16:12.661634,0 days 00:01:03.283383,identity,min,16,0.005398156572702449,7,10,bell,COMPLETE
219,0.0003693607868626714,2025-07-13 01:16:12.662339,2025-07-13 01:17:15.887176,0 days 00:01:03.224837,identity,min,16,0.005924455606814487,7,10,bell,COMPLETE
220,0.0005783797823823988,2025-07-13 01:17:15.888168,2025-07-13 01:18:19.151602,0 days 00:01:03.263434,identity,min,16,0.006046343937195148,7,10,bell,COMPLETE
221,0.0037891834508627653,2025-07-13 01:18:19.152504,2025-07-13 01:19:22.460202,0 days 00:01:03.307698,identity,min,16,0.005337193007159755,7,10,bell,COMPLETE
222,0.00044853510917164385,2025-07-13 01:19:22.460910,2025-07-13 01:20:24.215947,0 days 00:01:01.755037,identity,min,16,0.00562893088313627,7,9,bell,COMPLETE
223,0.07562250643968582,2025-07-13 01:20:24.216864,2025-07-13 01:21:27.531569,0 days 00:01:03.314705,identity,min,16,0.006556536762692075,7,10,bell,COMPLETE
224,0.015933744609355927,2025-07-13 01:21:27.532489,2025-07-13 01:22:30.827532,0 days 00:01:03.295043,identity,min,16,0.00506328518709231,7,10,bell,COMPLETE
225,0.16111595928668976,2025-07-13 01:22:30.828232,2025-07-13 01:22:44.742592,0 days 00:00:13.914360,identity,min,128,0.005879748316709265,7,11,bell,COMPLETE
226,0.00035336727160029113,2025-07-13 01:22:44.743245,2025-07-13 01:23:46.482612,0 days 00:01:01.739367,identity,min,16,0.005410895826610026,7,9,bell,COMPLETE
227,0.20577317476272583,2025-07-13 01:23:46.483325,2025-07-13 01:24:43.145129,0 days 00:00:56.661804,identity,min,16,0.006585010237676356,7,9,sigmoid,COMPLETE
228,0.0008761674398556352,2025-07-13 01:24:43.145829,2025-07-13 01:25:51.889412,0 days 00:01:08.743583,relu,min,16,0.005881028494435165,7,15,bell,COMPLETE
229,0.0009952583350241184,2025-07-13 01:25:51.890339,2025-07-13 01:26:54.974464,0 days 00:01:03.084125,identity,prod,16,0.004894685347062399,7,9,bell,COMPLETE
230,0.0032732568215578794,2025-07-13 01:26:54.975492,2025-07-13 01:27:58.826667,0 days 00:01:03.851175,identity,min,16,0.004400642081629117,7,12,bell,COMPLETE
231,0.002288483316078782,2025-07-13 01:27:58.827390,2025-07-13 01:29:02.149223,0 days 00:01:03.321833,identity,min,16,0.005350471543902125,7,10,bell,COMPLETE
232,0.22281751036643982,2025-07-13 01:29:02.150224,2025-07-13 01:30:06.972140,0 days 00:01:04.821916,identity,min,16,0.0006197983487933804,7,11,bell,COMPLETE
233,0.00036030341289006174,2025-07-13 01:30:06.973216,2025-07-13 01:31:08.685490,0 days 00:01:01.712274,identity,min,16,0.005409428830172683,7,9,bell,COMPLETE
234,0.0006123975035734475,2025-07-13 01:31:08.686201,2025-07-13 01:32:10.409838,0 days 00:01:01.723637,identity,min,16,0.006185687642090604,7,9,bell,COMPLETE
235,0.0162003543227911,2025-07-13 01:32:10.410536,2025-07-13 01:33:10.591912,0 days 00:01:00.181376,identity,min,16,0.00562307188679761,7,8,bell,COMPLETE
236,0.0007552651804871857,2025-07-13 01:33:10.592628,2025-07-13 01:34:15.387477,0 days 00:01:04.794849,identity,min,16,0.005057594625988569,7,11,bell,COMPLETE
237,0.0005354849272407591,2025-07-13 01:34:15.388403,2025-07-13 01:35:16.321504,0 days 00:01:00.933101,identity,prod,16,0.006580119216706878,6,9,bell,COMPLETE
238,0.03838284686207771,2025-07-13 01:35:16.322183,2025-07-13 01:36:21.587984,0 days 00:01:05.265801,identity,min,16,0.0046599052797220274,7,13,bell,COMPLETE
239,0.605034589767456,2025-07-13 01:36:21.592785,2025-07-13 01:36:44.895128,0 days 00:00:23.302343,identity,prod,64,0.00599695785834254,6,14,bell,COMPLETE
240,0.0003635481698438525,2025-07-13 01:36:44.895763,2025-07-13 01:37:49.671751,0 days 00:01:04.775988,identity,min,16,0.006900067133310646,7,11,bell,COMPLETE
241,0.0007213515345938504,2025-07-13 01:37:49.672664,2025-07-13 01:38:54.443440,0 days 00:01:04.770776,identity,min,16,0.007080272163166524,7,11,bell,COMPLETE
242,0.003949428908526897,2025-07-13 01:38:54.444351,2025-07-13 01:39:59.223795,0 days 00:01:04.779444,identity,min,16,0.005435311694889584,7,11,bell,COMPLETE
243,0.00037587349652312696,2025-07-13 01:39:59.224736,2025-07-13 01:41:03.989661,0 days 00:01:04.764925,identity,min,16,0.006511575331652822,7,11,bell,COMPLETE
244,0.0003922773466911167,2025-07-13 01:41:03.990565,2025-07-13 01:42:07.837436,0 days 00:01:03.846871,identity,min,16,0.006544988145642863,7,12,bell,COMPLETE
245,0.032966990023851395,2025-07-13 01:42:07.838346,2025-07-13 01:43:11.768129,0 days 00:01:03.929783,identity,min,16,0.007427297161913625,7,12,bell,COMPLETE
246,0.00530505133792758,2025-07-13 01:43:11.769065,2025-07-13 01:44:15.699740,0 days 00:01:03.930675,identity,min,16,0.006611377735090212,7,12,bell,COMPLETE
247,1.6851037740707397,2025-07-13 01:44:15.700675,2025-07-13 01:45:15.790337,0 days 00:01:00.089662,relu,min,16,0.008299573001050232,7,11,sigmoid,COMPLETE
248,0.0012417221441864967,2025-07-13 01:45:15.791037,2025-07-13 01:46:19.680890,0 days 00:01:03.889853,identity,min,16,0.006873943841579886,7,12,bell,COMPLETE
249,0.0012655883328989148,2025-07-13 01:46:19.681608,2025-07-13 01:47:24.492182,0 days 00:01:04.810574,identity,min,16,0.006243156603750361,7,11,bell,COMPLETE
250,0.006104703526943922,2025-07-13 01:47:24.505563,2025-07-13 01:48:29.834375,0 days 00:01:05.328812,identity,min,16,0.007624687043493731,7,13,bell,COMPLETE
251,0.000370898429537192,2025-07-13 01:48:29.835303,2025-07-13 01:49:32.604164,0 days 00:01:02.768861,identity,min,16,0.005988613543498378,6,11,bell,COMPLETE
252,0.009452985599637032,2025-07-13 01:49:32.605348,2025-07-13 01:50:35.805732,0 days 00:01:03.200384,identity,min,16,0.005704770746522103,6,13,bell,COMPLETE
253,0.0866640955209732,2025-07-13 01:50:35.806426,2025-07-13 01:51:11.173013,0 days 00:00:35.366587,identity,min,32,0.00909738207205828,6,12,bell,COMPLETE
254,0.00037960769259370863,2025-07-13 01:51:11.173727,2025-07-13 01:52:14.021019,0 days 00:01:02.847292,identity,min,16,0.006195757111218001,6,11,bell,COMPLETE
255,0.22767454385757446,2025-07-13 01:52:14.021959,2025-07-13 01:53:16.182333,0 days 00:01:02.160374,relu,min,16,0.00024554750810272015,6,12,bell,COMPLETE
256,0.07350526750087738,2025-07-13 01:53:16.185621,2025-07-13 01:54:19.055906,0 days 00:01:02.870285,identity,min,16,0.00012447081112062364,6,11,bell,COMPLETE
257,0.001965377712622285,2025-07-13 01:54:19.056816,2025-07-13 01:55:13.934294,0 days 00:00:54.877478,identity,min,16,0.007057013226830939,6,9,sigmoid,COMPLETE
258,0.0030139866285026073,2025-07-13 01:55:13.935002,2025-07-13 01:56:15.307173,0 days 00:01:01.372171,identity,min,16,0.006220318510464084,6,10,bell,COMPLETE
259,0.002724927617236972,2025-07-13 01:56:15.308091,2025-07-13 01:57:18.158881,0 days 00:01:02.850790,identity,min,16,0.008126751776287544,6,11,bell,COMPLETE
260,0.21299441158771515,2025-07-13 01:57:18.159809,2025-07-13 01:57:31.822996,0 days 00:00:13.663187,identity,min,128,0.005985936568840998,6,12,bell,COMPLETE
261,0.11362332105636597,2025-07-13 01:57:31.823466,2025-07-13 01:58:39.494666,0 days 00:01:07.671200,identity,min,16,0.0068074530375120835,6,16,bell,COMPLETE
262,0.011307002045214176,2025-07-13 01:58:39.495618,2025-07-13 01:59:42.324814,0 days 00:01:02.829196,identity,min,16,0.006283779664934001,6,11,bell,COMPLETE
263,0.12474599480628967,2025-07-13 01:59:42.325525,2025-07-13 02:00:46.016973,0 days 00:01:03.691448,relu,min,16,0.007665627140550941,6,13,bell,COMPLETE
264,0.06714855134487152,2025-07-13 02:00:46.017889,2025-07-13 02:01:52.326142,0 days 00:01:06.308253,identity,min,16,0.005365362832854801,6,15,bell,COMPLETE
265,0.00040829615318216383,2025-07-13 02:01:52.327114,2025-07-13 02:02:53.697939,0 days 00:01:01.370825,identity,min,16,0.005715423582446966,6,10,bell,COMPLETE
266,0.00040363380685448647,2025-07-13 02:02:53.698665,2025-07-13 02:03:58.532544,0 days 00:01:04.833879,identity,min,16,0.00705788574945837,6,14,bell,COMPLETE
267,0.0004525734402704984,2025-07-13 02:03:58.533514,2025-07-13 02:04:56.745862,0 days 00:00:58.212348,identity,min,16,0.006243154346945138,6,12,gaussian,COMPLETE
268,0.10605837404727936,2025-07-13 02:04:56.746570,2025-07-13 02:05:52.654616,0 days 00:00:55.908046,identity,min,16,0.00837002031381286,5,11,sigmoid,COMPLETE
269,0.0037354750093072653,2025-07-13 02:05:52.655347,2025-07-13 02:06:15.124292,0 days 00:00:22.468945,identity,min,64,0.005660092011169293,6,13,bell,COMPLETE
270,0.0005480164545588195,2025-07-13 02:06:15.124959,2025-07-13 02:07:21.877913,0 days 00:01:06.752954,identity,min,16,0.007384902980420843,9,10,bell,COMPLETE
271,0.3584965169429779,2025-07-13 02:07:21.878983,2025-07-13 02:08:25.085940,0 days 00:01:03.206957,relu,min,16,0.006645966675480537,6,11,bell,COMPLETE
272,0.001594536122865975,2025-07-13 02:08:25.086662,2025-07-13 02:09:21.300253,0 days 00:00:56.213591,identity,min,16,0.009193659109312973,6,9,gaussian,COMPLETE
273,0.0038042061496526003,2025-07-13 02:09:21.300980,2025-07-13 02:10:23.186925,0 days 00:01:01.885945,identity,min,16,0.005253069028459554,6,12,bell,COMPLETE
274,0.00047099587391130626,2025-07-13 02:10:23.187650,2025-07-13 02:11:26.571499,0 days 00:01:03.383849,identity,min,16,0.005954196640303245,7,10,bell,COMPLETE
275,0.008155602030456066,2025-07-13 02:11:26.572493,2025-07-13 02:12:31.467211,0 days 00:01:04.894718,identity,min,16,0.007819377730765506,7,11,bell,COMPLETE
276,0.0037220390513539314,2025-07-13 02:12:31.468138,2025-07-13 02:13:33.335647,0 days 00:01:01.867509,identity,min,16,0.006499136022917161,6,12,bell,COMPLETE
277,0.09943927079439163,2025-07-13 02:13:33.336375,2025-07-13 02:14:09.777053,0 days 00:00:36.440678,identity,min,32,0.005570003664369724,7,14,gaussian,COMPLETE
278,0.0003538948658388108,2025-07-13 02:14:09.777784,2025-07-13 02:15:08.130318,0 days 00:00:58.352534,identity,min,16,0.005126674933435016,6,8,bell,COMPLETE
279,0.0503876619040966,2025-07-13 02:15:08.131054,2025-07-13 02:16:06.552246,0 days 00:00:58.421192,identity,min,16,0.0047288411912661,6,8,bell,COMPLETE
280,0.0005615133559331298,2025-07-13 02:16:06.552975,2025-07-13 02:17:07.196760,0 days 00:01:00.643785,relu,min,16,0.009928103640876,7,8,bell,COMPLETE
281,0.00048434099880978465,2025-07-13 02:17:07.197491,2025-07-13 02:18:07.005870,0 days 00:00:59.808379,identity,min,16,0.005161369340319259,6,9,bell,COMPLETE
282,0.020968951284885406,2025-07-13 02:18:07.006601,2025-07-13 02:19:08.481197,0 days 00:01:01.474596,identity,min,16,0.00436159082675967,6,10,bell,COMPLETE
283,0.00038958751247264445,2025-07-13 02:19:08.481930,2025-07-13 02:20:10.320346,0 days 00:01:01.838416,identity,min,16,0.007204692875887859,7,9,bell,COMPLETE
284,0.2033839225769043,2025-07-13 02:20:10.321066,2025-07-13 02:20:22.682585,0 days 00:00:12.361519,identity,min,128,0.00862669137741366,6,9,bell,COMPLETE
285,0.000596155587118119,2025-07-13 02:20:22.683240,2025-07-13 02:21:22.992929,0 days 00:01:00.309689,identity,min,16,0.00719686150044883,7,8,bell,COMPLETE
286,0.1950090378522873,2025-07-13 02:21:22.993630,2025-07-13 02:22:19.784763,0 days 00:00:56.791133,identity,min,16,0.007851622094862983,7,9,sigmoid,COMPLETE
287,0.058993399143218994,2025-07-13 02:22:19.785470,2025-07-13 02:23:18.152911,0 days 00:00:58.367441,identity,min,16,0.001109669550726318,6,8,bell,COMPLETE
288,0.022450920194387436,2025-07-13 02:23:18.153628,2025-07-13 02:24:20.390787,0 days 00:01:02.237159,relu,min,16,0.006829823700106887,7,9,bell,COMPLETE
289,0.005896329414099455,2025-07-13 02:24:20.391786,2025-07-13 02:25:23.819469,0 days 00:01:03.427683,identity,min,16,0.006482801908589544,7,10,bell,COMPLETE
290,0.00034910914837382734,2025-07-13 02:25:23.820523,2025-07-13 02:26:25.233494,0 days 00:01:01.412971,identity,min,16,0.007406256832351246,6,10,bell,COMPLETE
291,0.0003982998605351895,2025-07-13 02:26:25.234222,2025-07-13 02:27:25.129863,0 days 00:00:59.895641,identity,min,16,0.009044307733460075,6,9,bell,COMPLETE
292,0.0005143052549101412,2025-07-13 02:27:25.130590,2025-07-13 02:28:26.483452,0 days 00:01:01.352862,identity,min,16,0.007788104484442484,6,10,bell,COMPLETE
293,0.03918430581688881,2025-07-13 02:28:26.484178,2025-07-13 02:29:27.841294,0 days 00:01:01.357116,identity,min,16,0.0008055741593334378,6,10,bell,COMPLETE
294,0.9092826247215271,2025-07-13 02:29:27.842027,2025-07-13 02:29:47.759904,0 days 00:00:19.917877,identity,min,64,0.007288581664597604,6,9,bell,COMPLETE
295,0.024320190772414207,2025-07-13 02:29:47.760559,2025-07-13 02:30:49.121749,0 days 00:01:01.361190,identity,min,16,0.008451614991763235,6,10,bell,COMPLETE
296,0.011473950929939747,2025-07-13 02:30:49.122734,2025-07-13 02:31:50.847151,0 days 00:01:01.724417,relu,min,16,0.005098708742670584,6,10,bell,COMPLETE
297,0.019049901515245438,2025-07-13 02:31:50.848122,2025-07-13 02:32:44.231445,0 days 00:00:53.383323,identity,min,16,0.00042270968569904703,6,8,sigmoid,COMPLETE
298,0.0007523552631027997,2025-07-13 02:32:44.232170,2025-07-13 02:33:47.133251,0 days 00:01:02.901081,identity,min,16,0.006250806205714799,6,11,bell,COMPLETE
299,0.0003438720013946295,2025-07-13 02:33:47.133992,2025-07-13 02:34:48.755772,0 days 00:01:01.621780,identity,min,16,0.007394247446855563,6,10,bell,COMPLETE
300,0.00039399912930093706,2025-07-13 02:34:48.756497,2025-07-13 02:35:50.304786,0 days 00:01:01.548289,identity,min,16,0.008020188926293928,6,10,bell,COMPLETE
301,0.16672611236572266,2025-07-13 02:35:50.305845,2025-07-13 02:36:27.364059,0 days 00:00:37.058214,identity,min,32,0.0058725401982925,6,11,bell,COMPLETE
302,0.0030342303216457367,2025-07-13 02:36:27.364775,2025-07-13 02:37:28.881447,0 days 00:01:01.516672,identity,min,16,0.004145443997657219,6,10,bell,COMPLETE
303,0.27438095211982727,2025-07-13 02:37:28.882396,2025-07-13 02:38:32.996457,0 days 00:01:04.114061,identity,prod,16,0.0015023220217279833,6,11,bell,COMPLETE
304,0.0007771774544380605,2025-07-13 02:38:32.997380,2025-07-13 02:39:34.535614,0 days 00:01:01.538234,identity,min,16,0.004733064509055663,6,10,bell,COMPLETE
305,0.013490427285432816,2025-07-13 02:39:34.536344,2025-07-13 02:40:38.010462,0 days 00:01:03.474118,relu,min,16,0.005458361657094235,6,11,bell,COMPLETE
306,0.0003436011029407382,2025-07-13 02:40:38.011436,2025-07-13 02:41:41.083832,0 days 00:01:03.072396,identity,min,16,0.008973020413678348,6,11,bell,COMPLETE
307,0.00035296520218253136,2025-07-13 02:41:41.084750,2025-07-13 02:42:43.762975,0 days 00:01:02.678225,identity,prod,16,0.00999730878338218,6,10,bell,COMPLETE
308,0.000895568635314703,2025-07-13 02:42:43.763696,2025-07-13 02:43:58.697440,0 days 00:01:14.933744,identity,min,16,0.009703044240118246,6,25,sigmoid,COMPLETE
309,1.4971446990966797,2025-07-13 02:43:58.698396,2025-07-13 02:44:13.698333,0 days 00:00:14.999937,identity,min,128,0.009088787284110354,6,15,bell,COMPLETE
310,0.0009510730742476881,2025-07-13 02:44:13.698816,2025-07-13 02:45:16.388364,0 days 00:01:02.689548,identity,prod,16,0.009969077582773227,6,10,bell,COMPLETE
311,0.0003609864506870508,2025-07-13 02:45:16.389086,2025-07-13 02:46:17.952331,0 days 00:01:01.563245,identity,min,16,0.00955355103727483,6,10,bell,COMPLETE
312,0.8294171690940857,2025-07-13 02:46:17.953049,2025-07-13 02:47:31.524261,0 days 00:01:13.571212,identity,min,16,0.008694105888914895,6,20,bell,COMPLETE
313,0.155310720205307,2025-07-13 02:47:31.525271,2025-07-13 02:48:39.762665,0 days 00:01:08.237394,relu,min,16,0.009275470918397468,6,16,bell,COMPLETE
314,0.00034683194826357067,2025-07-13 02:48:39.763610,2025-07-13 02:49:40.922934,0 days 00:01:01.159324,identity,prod,16,0.00864925597595193,6,9,bell,COMPLETE
315,0.0004734233662020415,2025-07-13 02:49:40.923665,2025-07-13 02:50:42.097634,0 days 00:01:01.173969,identity,prod,16,0.00933998352152181,6,9,bell,COMPLETE
316,0.29714176058769226,2025-07-13 02:50:42.098596,2025-07-13 02:51:39.423984,0 days 00:00:57.325388,identity,prod,16,0.009976619001201418,6,9,gaussian,COMPLETE
317,0.0003729910822585225,2025-07-13 02:51:39.424707,2025-07-13 02:52:40.564019,0 days 00:01:01.139312,identity,prod,16,0.008734846586849377,6,9,bell,COMPLETE
318,0.0004798381414730102,2025-07-13 02:52:40.564750,2025-07-13 02:53:40.212559,0 days 00:00:59.647809,identity,prod,16,0.008163615316145473,6,8,bell,COMPLETE
319,0.000485749333165586,2025-07-13 02:53:40.213275,2025-07-13 02:54:47.372658,0 days 00:01:07.159383,identity,prod,16,0.008551625692751714,9,9,bell,COMPLETE
320,0.031185036525130272,2025-07-13 02:54:47.383588,2025-07-13 02:55:06.320324,0 days 00:00:18.936736,identity,prod,64,0.009084856621813997,6,10,sigmoid,COMPLETE
321,0.009941174648702145,2025-07-13 02:55:06.320989,2025-07-13 02:56:08.925411,0 days 00:01:02.604422,identity,prod,16,0.008332538542894091,6,10,bell,COMPLETE
322,0.0003391136124264449,2025-07-13 02:56:08.926361,2025-07-13 02:57:09.419004,0 days 00:01:00.492643,identity,prod,16,0.009945784791581033,5,10,bell,COMPLETE
323,0.00041637467802502215,2025-07-13 02:57:09.419732,2025-07-13 02:58:06.131923,0 days 00:00:56.712191,identity,prod,16,0.009901665558478455,5,10,gaussian,COMPLETE
324,0.0003372561768628657,2025-07-13 02:58:06.132648,2025-07-13 02:59:05.100746,0 days 00:00:58.968098,identity,prod,16,0.009052708613149128,5,9,bell,COMPLETE
325,0.0009209717973135412,2025-07-13 02:59:05.101463,2025-07-13 03:00:04.080643,0 days 00:00:58.979180,identity,prod,16,0.0090983919945313,5,9,bell,COMPLETE
326,0.0023722152691334486,2025-07-13 03:00:04.081383,2025-07-13 03:01:02.996050,0 days 00:00:58.914667,identity,prod,16,0.008574383207827344,5,9,bell,COMPLETE
327,0.0003425167524255812,2025-07-13 03:01:02.996771,2025-07-13 03:02:01.922731,0 days 00:00:58.925960,identity,prod,16,0.007922044632902688,5,9,bell,COMPLETE
328,0.004070393741130829,2025-07-13 03:02:01.923465,2025-07-13 03:02:36.072052,0 days 00:00:34.148587,identity,prod,32,0.007880842553642239,5,9,bell,COMPLETE
329,0.0004663656582124531,2025-07-13 03:02:36.072723,2025-07-13 03:03:33.522205,0 days 00:00:57.449482,identity,prod,16,0.009396682300818589,5,8,bell,COMPLETE
330,0.0004592417390085757,2025-07-13 03:03:33.522935,2025-07-13 03:04:32.348364,0 days 00:00:58.825429,identity,prod,16,0.009963479124323849,5,9,bell,COMPLETE
331,0.00035864522214978933,2025-07-13 03:04:32.349103,2025-07-13 03:05:29.702244,0 days 00:00:57.353141,identity,prod,16,0.008133294906020673,5,8,bell,COMPLETE
332,0.0032609563786536455,2025-07-13 03:05:29.702993,2025-07-13 03:06:27.211302,0 days 00:00:57.508309,identity,prod,16,0.008203782595931873,5,8,bell,COMPLETE
333,0.0004568115691654384,2025-07-13 03:06:27.212033,2025-07-13 03:07:24.738245,0 days 00:00:57.526212,identity,prod,16,0.007866101955310059,5,8,bell,COMPLETE
334,0.006366318557411432,2025-07-13 03:07:24.738978,2025-07-13 03:08:23.690533,0 days 00:00:58.951555,identity,prod,16,0.008920022402472593,5,9,bell,COMPLETE
335,0.0003586745006032288,2025-07-13 03:08:23.691283,2025-07-13 03:09:21.181333,0 days 00:00:57.490050,identity,prod,16,0.008589907044146439,5,8,bell,COMPLETE
336,0.3773972988128662,2025-07-13 03:09:21.182064,2025-07-13 03:09:32.227667,0 days 00:00:11.045603,identity,prod,128,0.009044317752368466,5,7,bell,COMPLETE
337,0.0005089440383017063,2025-07-13 03:09:32.228142,2025-07-13 03:10:29.728627,0 days 00:00:57.500485,identity,prod,16,0.008333048578376794,5,8,bell,COMPLETE
338,0.00034456950379535556,2025-07-13 03:10:29.729372,2025-07-13 03:11:27.239839,0 days 00:00:57.510467,identity,prod,16,0.009983525412849557,5,8,bell,COMPLETE
339,0.0022739837877452374,2025-07-13 03:11:27.240572,2025-07-13 03:12:23.267511,0 days 00:00:56.026939,identity,prod,16,0.009873092349046536,5,7,bell,COMPLETE
340,0.003949606791138649,2025-07-13 03:12:23.268229,2025-07-13 03:13:15.930598,0 days 00:00:52.662369,identity,prod,16,0.008986839897987967,5,8,sigmoid,COMPLETE
341,0.002442691009491682,2025-07-13 03:13:15.931340,2025-07-13 03:14:13.390744,0 days 00:00:57.459404,identity,prod,16,0.008023190891687128,5,8,bell,COMPLETE
342,0.00034440206945873797,2025-07-13 03:14:13.391489,2025-07-13 03:15:10.925130,0 days 00:00:57.533641,identity,prod,16,0.009839713471049854,5,8,bell,COMPLETE
343,0.5085805654525757,2025-07-13 03:15:10.925868,2025-07-13 03:16:06.954483,0 days 00:00:56.028615,identity,prod,16,0.009717824807063298,5,7,bell,COMPLETE
344,0.0003679408400785178,2025-07-13 03:16:06.955221,2025-07-13 03:17:04.474047,0 days 00:00:57.518826,identity,prod,16,0.009960061649481197,5,8,bell,COMPLETE
345,0.0033093460369855165,2025-07-13 03:17:04.474791,2025-07-13 03:18:01.942616,0 days 00:00:57.467825,identity,prod,16,0.008899245753209295,5,8,bell,COMPLETE
346,0.002549201250076294,2025-07-13 03:18:01.943351,2025-07-13 03:18:59.510381,0 days 00:00:57.567030,identity,prod,16,0.008635144639508758,5,8,bell,COMPLETE
347,0.2079087346792221,2025-07-13 03:18:59.511128,2025-07-13 03:19:18.281693,0 days 00:00:18.770565,identity,prod,64,0.007602293098042241,5,8,bell,COMPLETE
348,0.001701945555396378,2025-07-13 03:19:18.282176,2025-07-13 03:20:15.857177,0 days 00:00:57.575001,identity,prod,16,0.00999693456879775,5,8,bell,COMPLETE
349,0.0004949239664711058,2025-07-13 03:20:15.857909,2025-07-13 03:21:11.913237,0 days 00:00:56.055328,identity,prod,16,0.008448075403252238,5,7,bell,COMPLETE
350,0.00034839543513953686,2025-07-13 03:21:11.913961,2025-07-13 03:22:10.934247,0 days 00:00:59.020286,identity,prod,16,0.008897756133553593,5,9,bell,COMPLETE
351,0.0003552392590790987,2025-07-13 03:22:10.934988,2025-07-13 03:23:09.932980,0 days 00:00:58.997992,identity,prod,16,0.009340460787885115,5,9,bell,COMPLETE
352,0.015222752466797829,2025-07-13 03:23:09.933708,2025-07-13 03:24:08.947897,0 days 00:00:59.014189,identity,prod,16,0.008993523584721535,5,9,bell,COMPLETE
353,0.0007662855205126107,2025-07-13 03:24:08.948622,2025-07-13 03:25:07.939058,0 days 00:00:58.990436,identity,prod,16,0.009203906186587807,5,9,bell,COMPLETE
354,0.0003504048509057611,2025-07-13 03:25:07.939790,2025-07-13 03:26:06.983229,0 days 00:00:59.043439,identity,prod,16,0.009144714441282942,5,9,bell,COMPLETE
355,0.160548597574234,2025-07-13 03:26:06.983964,2025-07-13 03:26:41.231455,0 days 00:00:34.247491,identity,prod,32,0.009237275198386505,5,9,bell,COMPLETE
356,0.0003828807093668729,2025-07-13 03:26:41.232180,2025-07-13 03:27:40.249230,0 days 00:00:59.017050,identity,prod,16,0.009867086505440988,5,9,bell,COMPLETE
357,0.0003809795598499477,2025-07-13 03:27:40.249947,2025-07-13 03:28:39.281778,0 days 00:00:59.031831,identity,prod,16,0.00841648013826888,5,9,bell,COMPLETE
358,0.033260099589824677,2025-07-13 03:28:39.282507,2025-07-13 03:29:36.936038,0 days 00:00:57.653531,identity,prod,16,0.008294026802875755,5,8,bell,COMPLETE
359,0.000855960650369525,2025-07-13 03:29:36.936772,2025-07-13 03:30:34.565919,0 days 00:00:57.629147,identity,prod,16,0.00914637608469005,5,8,bell,COMPLETE
360,0.00424805236980319,2025-07-13 03:30:34.566653,2025-07-13 03:31:33.657468,0 days 00:00:59.090815,identity,prod,16,0.007892922944183424,5,9,bell,COMPLETE
361,0.0036980847362428904,2025-07-13 03:31:33.658211,2025-07-13 03:32:25.018465,0 days 00:00:51.360254,identity,prod,16,0.009940313625445197,5,7,sigmoid,COMPLETE
362,0.0003476031415630132,2025-07-13 03:32:25.019205,2025-07-13 03:33:22.555000,0 days 00:00:57.535795,identity,prod,16,0.009086939350449307,5,8,bell,COMPLETE
363,0.00041295718983747065,2025-07-13 03:33:22.555735,2025-07-13 03:34:20.097903,0 days 00:00:57.542168,identity,prod,16,0.008528974370618194,5,8,bell,COMPLETE
364,0.1511317491531372,2025-07-13 03:34:20.098630,2025-07-13 03:34:31.542058,0 days 00:00:11.443428,identity,prod,128,0.0076983994366533436,5,8,bell,COMPLETE
365,0.0008086212910711765,2025-07-13 03:34:31.542528,2025-07-13 03:35:30.485429,0 days 00:00:58.942901,identity,prod,16,0.008875461173529423,5,9,bell,COMPLETE
366,0.0004773564578499645,2025-07-13 03:35:30.486164,2025-07-13 03:36:26.570527,0 days 00:00:56.084363,identity,prod,16,0.007517760601877155,5,7,bell,COMPLETE
367,0.001329127699136734,2025-07-13 03:36:26.571261,2025-07-13 03:37:24.107512,0 days 00:00:57.536251,identity,prod,16,0.008303240086344522,5,8,bell,COMPLETE
368,0.000373340881196782,2025-07-13 03:37:24.108245,2025-07-13 03:38:23.094440,0 days 00:00:58.986195,identity,prod,16,0.00918214191019426,5,9,bell,COMPLETE
369,0.00034455463173799217,2025-07-13 03:38:23.095190,2025-07-13 03:39:22.053156,0 days 00:00:58.957966,identity,prod,16,0.007632765388145737,5,9,bell,COMPLETE
370,0.0003503474872559309,2025-07-13 03:39:22.053899,2025-07-13 03:40:19.494007,0 days 00:00:57.440108,identity,prod,16,0.007624349582618969,5,8,bell,COMPLETE
371,0.0053683738224208355,2025-07-13 03:40:19.494740,2025-07-13 03:41:16.964515,0 days 00:00:57.469775,identity,prod,16,0.00743452968806472,5,8,bell,COMPLETE
372,0.00046760361874476075,2025-07-13 03:41:16.965250,2025-07-13 03:42:09.686869,0 days 00:00:52.721619,identity,prod,16,0.007678260462799861,5,8,sigmoid,COMPLETE
373,0.0004021072818432003,2025-07-13 03:42:09.687601,2025-07-13 03:43:05.802218,0 days 00:00:56.114617,identity,prod,16,0.008550974357533192,5,7,bell,COMPLETE
374,0.0014997845282778144,2025-07-13 03:43:05.802956,2025-07-13 03:44:04.792743,0 days 00:00:58.989787,identity,prod,16,0.00914556188556132,5,9,bell,COMPLETE
375,0.47136133909225464,2025-07-13 03:44:04.793485,2025-07-13 03:44:24.154286,0 days 00:00:19.360801,identity,prod,64,0.0081837601856572,5,9,bell,COMPLETE
376,0.00035157622187398374,2025-07-13 03:44:24.154958,2025-07-13 03:45:21.757542,0 days 00:00:57.602584,identity,prod,16,0.007425512918262902,5,8,bell,COMPLETE
377,0.00039608171209692955,2025-07-13 03:45:21.758275,2025-07-13 03:46:19.399856,0 days 00:00:57.641581,identity,prod,16,0.007400988217966647,5,8,bell,COMPLETE
378,0.0005754706216976047,2025-07-13 03:46:19.400592,2025-07-13 03:47:15.521858,0 days 00:00:56.121266,identity,prod,16,0.009980672703542652,5,7,bell,COMPLETE
379,0.0004208861500956118,2025-07-13 03:47:15.522595,2025-07-13 03:48:14.590365,0 days 00:00:59.067770,identity,prod,16,0.007296511189086853,5,9,bell,COMPLETE
380,0.00046611251309514046,2025-07-13 03:48:14.591123,2025-07-13 03:49:12.174349,0 days 00:00:57.583226,identity,prod,16,0.007879966644920565,5,8,bell,COMPLETE
381,0.0004396295116748661,2025-07-13 03:49:12.175099,2025-07-13 03:49:46.431081,0 days 00:00:34.255982,identity,prod,32,0.00908024695638812,5,9,bell,COMPLETE
382,0.0004083930398337543,2025-07-13 03:49:46.431824,2025-07-13 03:50:44.024823,0 days 00:00:57.592999,identity,prod,16,0.008191095074077186,5,8,bell,COMPLETE
383,0.0030306861735880375,2025-07-13 03:50:44.025571,2025-07-13 03:51:43.031406,0 days 00:00:59.005835,identity,prod,16,0.00991958067978735,5,9,bell,COMPLETE
384,0.0003527250955812633,2025-07-13 03:51:43.032162,2025-07-13 03:52:42.038538,0 days 00:00:59.006376,identity,prod,16,0.007290073693367263,5,9,bell,COMPLETE
385,0.01004291232675314,2025-07-13 03:52:42.039298,2025-07-13 03:53:36.119962,0 days 00:00:54.080664,identity,prod,16,0.007085646300581222,5,9,sigmoid,COMPLETE
386,0.008203543722629547,2025-07-13 03:53:36.120713,2025-07-13 03:54:35.048177,0 days 00:00:58.927464,identity,prod,16,0.0074908420284225865,5,9,bell,COMPLETE
387,0.0003459132567513734,2025-07-13 03:54:35.048928,2025-07-13 03:55:33.806395,0 days 00:00:58.757467,identity,prod,16,0.00910588782325388,5,9,bell,COMPLETE
388,0.8150138258934021,2025-07-13 03:55:33.807149,2025-07-13 03:55:45.609199,0 days 00:00:11.802050,identity,prod,128,0.008846684848131805,5,9,bell,COMPLETE
389,0.0008886907016858459,2025-07-13 03:55:45.609900,2025-07-13 03:56:44.455596,0 days 00:00:58.845696,identity,prod,16,0.007418662407269034,5,9,bell,COMPLETE
390,0.0003640303621068597,2025-07-13 03:56:44.456346,2025-07-13 03:57:41.934316,0 days 00:00:57.477970,identity,prod,16,0.008586269587660095,5,8,bell,COMPLETE
391,0.214882493019104,2025-07-13 03:57:41.935071,2025-07-13 03:58:51.049434,0 days 00:01:09.114363,identity,prod,16,0.007794071579064827,5,18,bell,COMPLETE
392,0.001998758874833584,2025-07-13 03:58:51.050442,2025-07-13 03:59:49.875123,0 days 00:00:58.824681,identity,prod,16,0.009999106941879115,5,9,bell,COMPLETE
393,0.00038561446126550436,2025-07-13 03:59:49.875873,2025-07-13 04:00:48.759100,0 days 00:00:58.883227,identity,prod,16,0.008984012011774973,5,9,bell,COMPLETE
394,0.0026580695994198322,2025-07-13 04:00:48.759844,2025-07-13 04:01:46.241671,0 days 00:00:57.481827,identity,prod,16,0.007089017322595971,5,8,bell,COMPLETE
395,0.03913872689008713,2025-07-13 04:01:46.242424,2025-07-13 04:02:41.810525,0 days 00:00:55.568101,identity,prod,16,0.00823624451382112,5,10,sigmoid,COMPLETE
396,0.00039248811663128436,2025-07-13 04:02:41.811283,2025-07-13 04:03:37.803074,0 days 00:00:55.991791,identity,prod,16,0.008966725339803633,5,7,bell,COMPLETE
397,0.0004950077272951603,2025-07-13 04:03:37.803825,2025-07-13 04:04:36.627489,0 days 00:00:58.823664,identity,prod,16,0.007817393286105775,5,9,bell,COMPLETE
398,0.049117669463157654,2025-07-13 04:04:36.628226,2025-07-13 04:05:34.026062,0 days 00:00:57.397836,identity,prod,16,0.009987945206572308,5,8,bell,COMPLETE
399,0.4719305634498596,2025-07-13 04:05:34.026822,2025-07-13 04:05:53.334409,0 days 00:00:19.307587,identity,prod,64,0.007099705277099562,5,9,bell,COMPLETE
400,0.0018020444549620152,2025-07-13 04:05:53.335106,2025-07-13 04:07:08.021353,0 days 00:01:14.686247,identity,prod,16,0.009175424907496333,5,22,bell,COMPLETE
401,0.00048245664220303297,2025-07-13 04:07:08.022325,2025-07-13 04:08:08.424776,0 days 00:01:00.402451,identity,prod,16,0.00830277967469412,5,10,bell,COMPLETE
402,0.003319338196888566,2025-07-13 04:08:08.425516,2025-07-13 04:09:07.304225,0 days 00:00:58.878709,identity,prod,16,0.00733898085997329,5,9,bell,COMPLETE
403,0.00035887735430151224,2025-07-13 04:09:07.304980,2025-07-13 04:10:07.715512,0 days 00:01:00.410532,identity,prod,16,0.009004423089742931,5,10,bell,COMPLETE
404,0.06511126458644867,2025-07-13 04:10:07.716254,2025-07-13 04:11:03.727955,0 days 00:00:56.011701,identity,prod,16,0.0018542978588586862,5,7,bell,COMPLETE
405,0.0009502557804808021,2025-07-13 04:11:03.728687,2025-07-13 04:12:01.147404,0 days 00:00:57.418717,identity,prod,16,0.0099915678266251,5,8,bell,COMPLETE
406,0.0003959562163800001,2025-07-13 04:12:01.148143,2025-07-13 04:13:00.045574,0 days 00:00:58.897431,identity,prod,16,0.00826021287474589,5,9,bell,COMPLETE
407,0.024825533851981163,2025-07-13 04:13:00.046328,2025-07-13 04:13:30.449213,0 days 00:00:30.402885,identity,prod,32,0.007705143310498136,5,8,sigmoid,COMPLETE
408,0.03594120964407921,2025-07-13 04:13:30.449907,2025-07-13 04:14:30.728304,0 days 00:01:00.278397,identity,prod,16,0.009165617013629225,5,10,bell,COMPLETE
409,0.00038798360037617385,2025-07-13 04:14:30.729062,2025-07-13 04:15:29.541862,0 days 00:00:58.812800,identity,prod,16,0.007115285109084452,5,9,bell,COMPLETE
410,0.0003502381150610745,2025-07-13 04:15:29.542612,2025-07-13 04:16:29.881123,0 days 00:01:00.338511,identity,prod,16,0.008367215119648108,5,10,bell,COMPLETE
411,0.00034615083131939173,2025-07-13 04:16:29.881876,2025-07-13 04:17:30.216269,0 days 00:01:00.334393,identity,prod,16,0.008349907536661663,5,10,bell,COMPLETE
412,0.0008115387754514813,2025-07-13 04:17:30.217025,2025-07-13 04:18:30.502119,0 days 00:01:00.285094,identity,prod,16,0.007978412260549848,5,10,bell,COMPLETE
413,0.00039323262171819806,2025-07-13 04:18:30.502878,2025-07-13 04:19:30.819336,0 days 00:01:00.316458,identity,prod,16,0.00855200077199345,5,10,bell,COMPLETE
414,0.0003581657656468451,2025-07-13 04:19:30.820088,2025-07-13 04:20:31.137029,0 days 00:01:00.316941,identity,prod,16,0.008531670512756074,5,10,bell,COMPLETE
415,0.10401049256324768,2025-07-13 04:20:31.137781,2025-07-13 04:20:43.342991,0 days 00:00:12.205210,identity,prod,128,0.007714501920774881,5,10,bell,COMPLETE
416,0.0003362692368682474,2025-07-13 04:20:43.343688,2025-07-13 04:21:43.683083,0 days 00:01:00.339395,identity,prod,16,0.009148025192657165,5,10,bell,COMPLETE
417,0.0012775567593052983,2025-07-13 04:21:43.683847,2025-07-13 04:22:51.493976,0 days 00:01:07.810129,identity,prod,16,0.008033687890861405,5,17,bell,COMPLETE
418,0.001014954992569983,2025-07-13 04:22:51.494993,2025-07-13 04:23:51.881635,0 days 00:01:00.386642,identity,prod,16,0.0070479433472543495,5,10,bell,COMPLETE
419,0.05407636985182762,2025-07-13 04:23:51.882404,2025-07-13 04:24:47.436345,0 days 00:00:55.553941,identity,prod,16,0.008631314386029255,5,10,sigmoid,COMPLETE
420,0.04918580874800682,2025-07-13 04:24:47.437103,2025-07-13 04:25:47.819700,0 days 00:01:00.382597,identity,prod,16,0.00030397020174909506,5,10,bell,COMPLETE
421,0.000337129837134853,2025-07-13 04:25:47.820470,2025-07-13 04:26:46.691004,0 days 00:00:58.870534,identity,prod,16,0.009186058157816793,5,9,bell,COMPLETE
422,0.00034181633964180946,2025-07-13 04:26:46.691764,2025-07-13 04:27:45.623960,0 days 00:00:58.932196,identity,prod,16,0.00920370703779543,5,9,bell,COMPLETE
423,0.0003725069109350443,2025-07-13 04:27:45.624720,2025-07-13 04:28:44.523897,0 days 00:00:58.899177,identity,prod,16,0.009125751167480444,5,9,bell,COMPLETE
424,0.11324409395456314,2025-07-13 04:28:44.524661,2025-07-13 04:29:04.448709,0 days 00:00:19.924048,identity,prod,64,0.009277270620954554,5,10,bell,COMPLETE
425,0.0035930555313825607,2025-07-13 04:29:04.449405,2025-07-13 04:30:04.900213,0 days 00:01:00.450808,identity,prod,16,0.009228292244397128,5,10,bell,COMPLETE
426,0.0004372997209429741,2025-07-13 04:30:04.900986,2025-07-13 04:31:03.842616,0 days 00:00:58.941630,identity,prod,16,0.008471866580043652,5,9,bell,COMPLETE
427,0.00041794945718720555,2025-07-13 04:31:03.843386,2025-07-13 04:32:02.783208,0 days 00:00:58.939822,identity,prod,16,0.009970502469759661,5,9,bell,COMPLETE
428,0.0025857880245894194,2025-07-13 04:32:02.783971,2025-07-13 04:33:03.201555,0 days 00:01:00.417584,identity,prod,16,0.009159952763311824,5,10,bell,COMPLETE
429,0.0005639492301270366,2025-07-13 04:33:03.202309,2025-07-13 04:34:02.128897,0 days 00:00:58.926588,identity,prod,16,0.008561045132798994,5,9,bell,COMPLETE
430,0.00670031551271677,2025-07-13 04:34:02.129659,2025-07-13 04:35:02.547653,0 days 00:01:00.417994,identity,prod,16,0.009991237688469453,5,10,bell,COMPLETE
431,0.00034959465847350657,2025-07-13 04:35:02.548405,2025-07-13 04:35:56.613532,0 days 00:00:54.065127,identity,prod,16,0.008069762222578405,5,9,sigmoid,COMPLETE
432,0.16443921625614166,2025-07-13 04:35:56.614284,2025-07-13 04:36:28.916907,0 days 00:00:32.302623,identity,prod,32,0.00815470205567024,5,10,sigmoid,COMPLETE
433,0.04020645469427109,2025-07-13 04:36:28.917673,2025-07-13 04:37:22.883207,0 days 00:00:53.965534,identity,prod,16,0.007982148298774321,5,9,sigmoid,COMPLETE
434,0.0025578653439879417,2025-07-13 04:37:22.883974,2025-07-13 04:38:16.845477,0 days 00:00:53.961503,identity,prod,16,0.008499096972899781,5,9,sigmoid,COMPLETE
435,0.0007567112916149199,2025-07-13 04:38:16.846243,2025-07-13 04:39:10.785580,0 days 00:00:53.939337,identity,prod,16,0.007809359486181524,5,9,sigmoid,COMPLETE
436,0.0019229233730584383,2025-07-13 04:39:10.786339,2025-07-13 04:40:06.186924,0 days 00:00:55.400585,identity,prod,16,0.009226911830675949,5,10,sigmoid,COMPLETE
437,0.0005141358124092221,2025-07-13 04:40:06.187694,2025-07-13 04:41:00.102635,0 days 00:00:53.914941,identity,prod,16,0.008645352324107462,5,9,sigmoid,COMPLETE
438,0.0023266118951141834,2025-07-13 04:41:00.103419,2025-07-13 04:41:55.521109,0 days 00:00:55.417690,identity,prod,16,0.007922139360594372,5,10,sigmoid,COMPLETE
439,0.09040910005569458,2025-07-13 04:41:55.521890,2025-07-13 04:42:13.179259,0 days 00:00:17.657369,identity,prod,128,0.0022251738391264437,9,23,sigmoid,COMPLETE
440,0.0012995281722396612,2025-07-13 04:42:13.179951,2025-07-13 04:43:08.604724,0 days 00:00:55.424773,identity,prod,16,0.006927787811681412,5,10,sigmoid,COMPLETE
441,0.00036469928454607725,2025-07-13 04:43:08.605499,2025-07-13 04:44:07.362568,0 days 00:00:58.757069,identity,prod,16,0.009190151191526486,5,9,bell,COMPLETE
442,0.0007176665822044015,2025-07-13 04:44:07.363346,2025-07-13 04:45:06.290124,0 days 00:00:58.926778,identity,prod,16,0.007580331646910052,5,9,bell,COMPLETE
443,0.3008139729499817,2025-07-13 04:45:06.290900,2025-07-13 04:46:03.852914,0 days 00:00:57.562014,identity,prod,16,0.00010018013387149712,5,8,bell,COMPLETE
444,0.017617369070649147,2025-07-13 04:46:03.853693,2025-07-13 04:47:02.874487,0 days 00:00:59.020794,identity,prod,16,0.008543093143803955,5,9,bell,COMPLETE
445,0.0015613242285326123,2025-07-13 04:47:02.875265,2025-07-13 04:47:58.523273,0 days 00:00:55.648008,identity,prod,16,0.009934029112790626,5,10,sigmoid,COMPLETE
446,0.0003511292743496597,2025-07-13 04:47:58.524041,2025-07-13 04:48:56.064187,0 days 00:00:57.540146,identity,prod,16,0.007655701022175432,5,8,bell,COMPLETE
447,0.0013424457283690572,2025-07-13 04:48:56.064953,2025-07-13 04:49:56.474652,0 days 00:01:00.409699,identity,prod,16,0.002984064111981441,5,10,bell,COMPLETE
448,0.00036822952097281814,2025-07-13 04:49:56.475434,2025-07-13 04:50:55.391786,0 days 00:00:58.916352,identity,prod,16,0.008562765961808756,5,9,bell,COMPLETE
449,0.00035970122553408146,2025-07-13 04:50:55.392560,2025-07-13 04:51:55.785574,0 days 00:01:00.393014,identity,prod,16,0.006902750833301443,5,10,bell,COMPLETE
450,0.0003712266916409135,2025-07-13 04:51:55.786359,2025-07-13 04:52:53.306851,0 days 00:00:57.520492,identity,prod,16,0.009139204598958449,5,8,bell,COMPLETE
451,0.003982458263635635,2025-07-13 04:52:53.307636,2025-07-13 04:53:12.632082,0 days 00:00:19.324446,identity,prod,64,0.008087807133440419,5,9,bell,COMPLETE
452,0.000573839177377522,2025-07-13 04:53:12.632786,2025-07-13 04:54:08.025438,0 days 00:00:55.392652,identity,prod,16,0.009015937262991486,5,9,gaussian,COMPLETE
453,0.0003583342186175287,2025-07-13 04:54:08.026212,2025-07-13 04:55:05.511736,0 days 00:00:57.485524,identity,prod,16,0.007432255225145279,5,8,bell,COMPLETE
454,0.0003638455818872899,2025-07-13 04:55:05.512512,2025-07-13 04:56:05.988842,0 days 00:01:00.476330,identity,prod,16,0.00932196543274689,5,10,bell,COMPLETE
455,0.0011263786582276225,2025-07-13 04:56:05.989608,2025-07-13 04:57:04.948956,0 days 00:00:58.959348,identity,prod,16,0.008110121167158712,5,9,bell,COMPLETE
456,0.3109200894832611,2025-07-13 04:57:04.949731,2025-07-13 04:57:38.684440,0 days 00:00:33.734709,identity,prod,32,0.00995689948766284,5,14,sigmoid,COMPLETE
457,0.030192187055945396,2025-07-13 04:57:38.685133,2025-07-13 04:58:39.090160,0 days 00:01:00.405027,identity,prod,16,0.00014316034852435936,5,10,bell,COMPLETE
458,0.00036436403752304614,2025-07-13 04:58:39.090957,2025-07-13 04:59:37.955060,0 days 00:00:58.864103,identity,prod,16,0.007040100740861959,5,9,bell,COMPLETE
459,0.0004898675251752138,2025-07-13 04:59:37.955840,2025-07-13 05:00:35.430830,0 days 00:00:57.474990,identity,prod,16,0.008521979588561199,5,8,bell,COMPLETE
460,0.10718240588903427,2025-07-13 05:00:35.431609,2025-07-13 05:01:34.324125,0 days 00:00:58.892516,identity,prod,16,0.007965787443025453,5,9,bell,COMPLETE
461,0.0003962080809287727,2025-07-13 05:01:34.324906,2025-07-13 05:02:34.701618,0 days 00:01:00.376712,identity,prod,16,0.009990319739860865,5,10,bell,COMPLETE
462,0.0003547231899574399,2025-07-13 05:02:34.702385,2025-07-13 05:03:30.582112,0 days 00:00:55.879727,identity,prod,16,0.009034567591391844,5,7,bell,COMPLETE
463,0.8411160111427307,2025-07-13 05:03:30.582896,2025-07-13 05:03:43.743255,0 days 00:00:13.160359,identity,prod,128,0.007465555439412295,9,8,bell,COMPLETE
464,0.002772736828774214,2025-07-13 05:03:43.743955,2025-07-13 05:04:40.441357,0 days 00:00:56.697402,identity,prod,16,0.008530322015185393,5,10,gaussian,COMPLETE
465,0.008869095705449581,2025-07-13 05:04:40.442147,2025-07-13 05:05:39.262069,0 days 00:00:58.819922,identity,prod,16,0.006786442040052111,5,9,bell,COMPLETE
466,0.03171786665916443,2025-07-13 05:05:39.262857,2025-07-13 05:06:34.749691,0 days 00:00:55.486834,identity,prod,16,0.009203507638118946,5,10,sigmoid,COMPLETE
467,0.0003616752801463008,2025-07-13 05:06:34.750470,2025-07-13 05:07:32.165336,0 days 00:00:57.414866,identity,prod,16,0.008100609831008984,5,8,bell,COMPLETE
468,0.00033710847492329776,2025-07-13 05:07:32.166106,2025-07-13 05:08:30.991503,0 days 00:00:58.825397,identity,prod,16,0.007506689676246424,5,9,bell,COMPLETE
469,0.0006151333218440413,2025-07-13 05:08:30.992290,2025-07-13 05:09:29.868199,0 days 00:00:58.875909,identity,prod,16,0.009262029048705801,5,9,bell,COMPLETE
470,0.0003357489185873419,2025-07-13 05:09:29.868993,2025-07-13 05:10:33.441071,0 days 00:01:03.572078,identity,prod,16,0.006787341018319595,5,14,bell,COMPLETE
471,0.0004266856994945556,2025-07-13 05:10:33.442196,2025-07-13 05:11:36.971696,0 days 00:01:03.529500,identity,prod,16,0.006970792771116452,5,14,bell,COMPLETE
472,0.0003286910359747708,2025-07-13 05:11:36.972846,2025-07-13 05:12:41.894829,0 days 00:01:04.921983,identity,prod,16,0.0067983492411978754,5,15,bell,COMPLETE
473,0.0014716784935444593,2025-07-13 05:12:41.895881,2025-07-13 05:13:45.490435,0 days 00:01:03.594554,identity,prod,16,0.0068252157351250155,5,14,bell,COMPLETE
474,0.2519514262676239,2025-07-13 05:13:45.491530,2025-07-13 05:14:07.885854,0 days 00:00:22.394324,identity,prod,64,0.007397158352253531,5,14,bell,COMPLETE
475,0.05490509793162346,2025-07-13 05:14:07.886547,2025-07-13 05:15:14.368832,0 days 00:01:06.482285,identity,prod,16,0.0067753403836496705,5,16,bell,COMPLETE
476,0.0003951661055907607,2025-07-13 05:15:14.369914,2025-07-13 05:16:18.019777,0 days 00:01:03.649863,identity,prod,16,0.006699707339052361,5,14,bell,COMPLETE
477,0.00033310233266092837,2025-07-13 05:16:18.020836,2025-07-13 05:17:23.060644,0 days 00:01:05.039808,identity,prod,16,0.007495010514352617,5,15,bell,COMPLETE
478,0.0005231929244473577,2025-07-13 05:17:23.061745,2025-07-13 05:18:28.133578,0 days 00:01:05.071833,identity,prod,16,0.008643260199936104,5,15,bell,COMPLETE
479,0.00031758504337631166,2025-07-13 05:18:28.134663,2025-07-13 05:19:33.198603,0 days 00:01:05.063940,identity,prod,16,0.006548636121808891,5,15,bell,COMPLETE
480,0.007716923952102661,2025-07-13 05:19:33.199673,2025-07-13 05:20:38.284263,0 days 00:01:05.084590,identity,prod,16,0.006522381750079426,5,15,bell,COMPLETE
481,0.227798730134964,2025-07-13 05:20:38.285398,2025-07-13 05:21:15.853371,0 days 00:00:37.567973,identity,prod,32,0.0009402660457168298,5,15,bell,COMPLETE
482,0.0004604546120390296,2025-07-13 05:21:15.854162,2025-07-13 05:22:21.007628,0 days 00:01:05.153466,identity,prod,16,0.00650483480836461,5,15,bell,COMPLETE
483,0.043557796627283096,2025-07-13 05:22:21.008643,2025-07-13 05:23:27.473688,0 days 00:01:06.465045,identity,prod,16,0.007350232918878252,5,16,bell,COMPLETE
484,0.0010635677026584744,2025-07-13 05:23:27.474687,2025-07-13 05:24:31.064824,0 days 00:01:03.590137,identity,prod,16,0.009994901309968718,5,14,bell,COMPLETE
485,0.6778982281684875,2025-07-13 05:24:31.065600,2025-07-13 05:25:31.083428,0 days 00:01:00.017828,identity,prod,16,0.0006173632922792574,5,14,gaussian,COMPLETE
486,0.0005728524411097169,2025-07-13 05:25:31.084228,2025-07-13 05:26:36.130994,0 days 00:01:05.046766,identity,prod,16,0.0011889117138619784,5,15,bell,COMPLETE
487,0.00035760135506279767,2025-07-13 05:26:36.132027,2025-07-13 05:27:38.251518,0 days 00:01:02.119491,identity,prod,16,0.00648355852784893,5,13,bell,COMPLETE
488,1.6099859476089478,2025-07-13 05:27:38.252628,2025-07-13 05:27:52.457269,0 days 00:00:14.204641,identity,prod,128,0.00046419228638808744,5,15,bell,COMPLETE
489,0.0004530874139163643,2025-07-13 05:27:52.457955,2025-07-13 05:28:57.517085,0 days 00:01:05.059130,identity,prod,16,0.0074322364626614665,5,15,bell,COMPLETE
490,0.002370536560192704,2025-07-13 05:28:57.529602,2025-07-13 05:30:02.698942,0 days 00:01:05.169340,identity,prod,16,0.006934486827992008,5,15,bell,COMPLETE
491,0.00035305984783917665,2025-07-13 05:30:02.699916,2025-07-13 05:31:09.282662,0 days 00:01:06.582746,identity,prod,16,0.007683202005006904,5,16,bell,COMPLETE
492,0.020055487751960754,2025-07-13 05:31:09.283739,2025-07-13 05:32:14.349123,0 days 00:01:05.065384,identity,prod,16,0.0024790392265227955,5,15,bell,COMPLETE
493,0.0010435604490339756,2025-07-13 05:32:14.350149,2025-07-13 05:33:20.726517,0 days 00:01:06.376368,identity,prod,16,0.008201887270246703,5,16,bell,COMPLETE
494,0.0011330143315717578,2025-07-13 05:33:20.730277,2025-07-13 05:34:25.667972,0 days 00:01:04.937695,identity,prod,16,0.009202438474032465,5,15,bell,COMPLETE
495,0.0003491329844109714,2025-07-13 05:34:25.668988,2025-07-13 05:35:27.784772,0 days 00:01:02.115784,identity,prod,16,0.006419880343698688,5,13,bell,COMPLETE
496,0.0008784003439359367,2025-07-13 05:35:27.785564,2025-07-13 05:36:34.262846,0 days 00:01:06.477282,identity,prod,16,0.007804801513355322,5,16,bell,COMPLETE
497,0.0003825071034952998,2025-07-13 05:36:34.263880,2025-07-13 05:37:38.279495,0 days 00:01:04.015615,identity,prod,16,0.007074313169994405,5,17,gaussian,COMPLETE
498,0.0003336011723149568,2025-07-13 05:37:38.280531,2025-07-13 05:38:43.265130,0 days 00:01:04.984599,identity,prod,16,0.009947835268553515,5,15,bell,COMPLETE
499,0.08614827692508698,2025-07-13 05:38:43.266234,2025-07-13 05:39:06.259827,0 days 00:00:22.993593,identity,prod,64,0.00937337065510928,5,15,bell,COMPLETE
