number,value,datetime_start,datetime_complete,duration,params_activation,params_and_operator,params_batch_size,params_lr,params_n_sets,params_shape,params_shuffle,params_weight_decay,state
0,0.016878118738532066,2025-07-10 20:38:59.687686,2025-07-10 20:39:45.078515,0 days 00:00:45.390829,relu,prod,16,0.003453583959565716,9,bell,True,0.000660643597071589,COMPLETE
1,9.855109237832949e-05,2025-07-10 20:39:45.079471,2025-07-10 20:40:21.005363,0 days 00:00:35.925892,relu,min,16,0.00019156953959653252,8,gaussian,False,0.00027848736092245024,COMPLETE
2,0.09600765258073807,2025-07-10 20:40:21.005989,2025-07-10 20:40:33.162788,0 days 00:00:12.156799,relu,min,64,0.0007583501266420228,8,bell,True,2.685938055717296e-05,COMPLETE
3,0.0008471272303722799,2025-07-10 20:40:33.163165,2025-07-10 20:40:51.717552,0 days 00:00:18.554387,relu,min,32,0.0025529808911068804,7,sigmoid,False,3.438375467527073e-05,COMPLETE
4,5.590642103925347e-06,2025-07-10 20:40:51.718050,2025-07-10 20:41:08.195250,0 days 00:00:16.477200,relu,prod,32,0.004053262961678462,3,gaussian,False,1.5430096361674827e-05,COMPLETE
5,0.14386290311813354,2025-07-10 20:41:08.195644,2025-07-10 20:41:14.853463,0 days 00:00:06.657819,identity,min,128,0.005708374968125013,8,sigmoid,True,5.487810693242355e-05,COMPLETE
6,0.006316497456282377,2025-07-10 20:41:14.853853,2025-07-10 20:41:49.033621,0 days 00:00:34.179768,identity,prod,16,0.0005679343678152588,4,bell,True,1.3612166833599825e-05,COMPLETE
7,0.007604853715747595,2025-07-10 20:41:49.034210,2025-07-10 20:41:54.983696,0 days 00:00:05.949486,identity,prod,128,0.005752635476252826,4,sigmoid,True,3.579174624537365e-05,COMPLETE
8,0.014074341394007206,2025-07-10 20:41:54.984046,2025-07-10 20:42:15.422605,0 days 00:00:20.438559,identity,prod,32,0.003579644705077006,8,sigmoid,True,0.000860211956716276,COMPLETE
9,2.9829128834535368e-05,2025-07-10 20:42:15.423415,2025-07-10 20:42:22.256280,0 days 00:00:06.832865,relu,prod,128,0.007728517803624154,5,bell,False,2.2676686901583307e-05,COMPLETE
10,0.007131671532988548,2025-07-10 20:42:22.256823,2025-07-10 20:42:37.856239,0 days 00:00:15.599416,relu,prod,32,0.0015529824093273006,2,gaussian,False,0.00015105400904722054,COMPLETE
11,8.271236765722279e-06,2025-07-10 20:42:37.856632,2025-07-10 20:42:44.236359,0 days 00:00:06.379727,relu,prod,128,0.00896112540169995,5,gaussian,False,1.090301972471526e-05,COMPLETE
12,3.855687737086555e-06,2025-07-10 20:42:44.236920,2025-07-10 20:42:53.652361,0 days 00:00:09.415441,relu,prod,64,0.009535411914132862,3,gaussian,False,1.0956367692855799e-05,COMPLETE
13,0.008389335125684738,2025-07-10 20:42:53.652757,2025-07-10 20:43:02.593320,0 days 00:00:08.940563,relu,prod,64,0.0018514559979227446,2,gaussian,False,7.683085293949806e-05,COMPLETE
14,0.025466246530413628,2025-07-10 20:43:02.593884,2025-07-10 20:43:12.027959,0 days 00:00:09.434075,relu,prod,64,0.00037625999849813356,3,gaussian,False,1.0932887484746923e-05,COMPLETE
15,3.819352059508674e-06,2025-07-10 20:43:12.028333,2025-07-10 20:43:21.466993,0 days 00:00:09.438660,relu,prod,64,0.009780819534779656,3,gaussian,False,1.702785003823121e-05,COMPLETE
16,0.00035005941754207015,2025-07-10 20:43:21.467550,2025-07-10 20:43:32.325669,0 days 00:00:10.858119,relu,prod,64,0.009768155916936175,6,gaussian,False,0.00012830247137475382,COMPLETE
17,0.004548448137938976,2025-07-10 20:43:32.326049,2025-07-10 20:43:41.746687,0 days 00:00:09.420638,relu,prod,64,0.0012852792206557637,3,gaussian,False,1.9597846494120732e-05,COMPLETE
18,0.07144282013177872,2025-07-10 20:43:41.747261,2025-07-10 20:43:51.257351,0 days 00:00:09.510090,identity,min,64,0.00010023440646906783,4,gaussian,False,5.6079764812581643e-05,COMPLETE
19,0.0001373509003315121,2025-07-10 20:43:51.257750,2025-07-10 20:44:00.197033,0 days 00:00:08.939283,relu,prod,64,0.005702299709316686,2,gaussian,False,0.0002245731141826509,COMPLETE
20,1.0042791366577148,2025-07-10 20:44:00.197414,2025-07-10 20:44:11.081264,0 days 00:00:10.883850,relu,prod,64,0.002529875340127453,6,gaussian,False,4.599220244894029e-05,COMPLETE
21,5.11105918121757e-06,2025-07-10 20:44:11.081744,2025-07-10 20:44:27.614143,0 days 00:00:16.532399,relu,prod,32,0.004514002118401917,3,gaussian,False,1.8179442537402336e-05,COMPLETE
22,5.537645847653039e-06,2025-07-10 20:44:27.614600,2025-07-10 20:44:44.143792,0 days 00:00:16.529192,relu,prod,32,0.0068490799581199845,3,gaussian,False,1.798563067446385e-05,COMPLETE
23,6.712719914503396e-05,2025-07-10 20:44:44.144357,2025-07-10 20:45:01.590011,0 days 00:00:17.445654,relu,prod,32,0.004424960051689695,4,gaussian,False,1.011619110308698e-05,COMPLETE
24,0.0004417371819727123,2025-07-10 20:45:01.590586,2025-07-10 20:45:10.535358,0 days 00:00:08.944772,relu,prod,64,0.009744431433823829,2,gaussian,False,2.8141726928317664e-05,COMPLETE
25,5.854580376762897e-05,2025-07-10 20:45:10.535748,2025-07-10 20:45:19.968576,0 days 00:00:09.432828,relu,prod,64,0.0024268948714597743,3,gaussian,False,1.74221361069508e-05,COMPLETE
26,2.283916728629265e-05,2025-07-10 20:45:19.968952,2025-07-10 20:45:37.443483,0 days 00:00:17.474531,identity,min,32,0.004931838415882365,5,gaussian,False,8.462618015459156e-05,COMPLETE
27,4.081540282641072e-06,2025-07-10 20:45:37.444000,2025-07-10 20:46:08.697146,0 days 00:00:31.253146,relu,prod,16,0.007182130430254135,4,gaussian,False,1.4829830752962753e-05,COMPLETE
28,4.348368292994564e-06,2025-07-10 20:46:08.697730,2025-07-10 20:46:38.856774,0 days 00:00:30.159044,relu,prod,16,0.007158294075755276,4,sigmoid,False,1.3323527943951932e-05,COMPLETE
29,0.00901466328650713,2025-07-10 20:46:38.857242,2025-07-10 20:47:15.163060,0 days 00:00:36.305818,relu,prod,16,0.0009643410601779252,5,bell,True,0.0004091659306528562,COMPLETE
30,1.3225219249725342,2025-07-10 20:47:15.163659,2025-07-10 20:47:49.589719,0 days 00:00:34.426060,relu,prod,16,0.0030169822675267023,4,bell,False,2.490072926448742e-05,COMPLETE
31,4.018875642941566e-06,2025-07-10 20:47:49.590328,2025-07-10 20:48:19.711813,0 days 00:00:30.121485,relu,prod,16,0.007006262393771925,4,sigmoid,False,1.2962964871582113e-05,COMPLETE
32,3.860347078443738e-06,2025-07-10 20:48:19.712386,2025-07-10 20:48:48.090556,0 days 00:00:28.378170,relu,prod,16,0.00724898271246779,3,sigmoid,False,1.4278597260852915e-05,COMPLETE
33,4.036734480905579e-06,2025-07-10 20:48:48.091143,2025-07-10 20:49:14.739433,0 days 00:00:26.648290,relu,prod,16,0.009175868299309093,2,sigmoid,False,3.316620638220793e-05,COMPLETE
34,4.099907073396025e-06,2025-07-10 20:49:14.740022,2025-07-10 20:49:42.194377,0 days 00:00:27.454355,relu,min,16,0.006313985418114673,3,sigmoid,False,1.0099430180159434e-05,COMPLETE
35,4.20906872022897e-06,2025-07-10 20:49:42.194967,2025-07-10 20:50:10.571198,0 days 00:00:28.376231,relu,prod,16,0.0034236490059858637,3,sigmoid,False,2.193966900299425e-05,COMPLETE
36,6.226575351320207e-06,2025-07-10 20:50:10.571707,2025-07-10 20:50:36.686834,0 days 00:00:26.115127,relu,min,16,0.00027767829727595505,2,sigmoid,True,1.3738940795007222e-05,COMPLETE
37,4.095384610991459e-06,2025-07-10 20:50:36.687321,2025-07-10 20:51:15.490948,0 days 00:00:38.803627,relu,prod,16,0.00485212836860686,9,sigmoid,False,3.659935553808106e-05,COMPLETE
38,4.249411176715512e-06,2025-07-10 20:51:15.491536,2025-07-10 20:51:24.712027,0 days 00:00:09.220491,identity,min,64,0.007351660895222,4,sigmoid,False,2.7743066648244705e-05,COMPLETE
39,4.1394464460609015e-06,2025-07-10 20:51:24.712548,2025-07-10 20:52:00.169411,0 days 00:00:35.456863,relu,prod,16,0.0037635891684195105,7,sigmoid,True,1.3110340565892553e-05,COMPLETE
40,0.0010807038052007556,2025-07-10 20:52:00.169870,2025-07-10 20:52:05.792670,0 days 00:00:05.622800,identity,prod,128,0.0021234639459307746,3,sigmoid,False,4.628245966167671e-05,COMPLETE
41,4.170808551862137e-06,2025-07-10 20:52:05.793185,2025-07-10 20:52:32.337368,0 days 00:00:26.544183,relu,prod,16,0.00864170931517692,2,sigmoid,False,3.1908732508864566e-05,COMPLETE
42,4.149758296989603e-06,2025-07-10 20:52:32.337818,2025-07-10 20:52:58.931924,0 days 00:00:26.594106,relu,prod,16,0.005693008504124052,2,sigmoid,False,2.2657101036037948e-05,COMPLETE
43,3.775495088120806e-06,2025-07-10 20:52:58.932513,2025-07-10 20:53:27.332992,0 days 00:00:28.400479,relu,prod,16,0.00932499610619839,3,sigmoid,False,1.5856583401025848e-05,COMPLETE
44,0.0006286264979280531,2025-07-10 20:53:27.333595,2025-07-10 20:53:55.815385,0 days 00:00:28.481790,relu,prod,16,0.0005951658343609532,3,sigmoid,False,1.6291613431182194e-05,COMPLETE
45,3.846760591841303e-06,2025-07-10 20:53:55.815963,2025-07-10 20:54:06.706490,0 days 00:00:10.890527,relu,prod,64,0.00996594268487343,4,bell,True,1.2353441716212757e-05,COMPLETE
46,4.311472821427742e-06,2025-07-10 20:54:06.707082,2025-07-10 20:54:17.066580,0 days 00:00:10.359498,relu,prod,64,0.009868720833321755,3,bell,True,1.177128195743711e-05,COMPLETE
47,0.003326413221657276,2025-07-10 20:54:17.066993,2025-07-10 20:54:27.955788,0 days 00:00:10.888795,relu,prod,64,0.008200092653350958,4,bell,True,1.6236796084541426e-05,COMPLETE
48,0.0035927521530538797,2025-07-10 20:54:27.956355,2025-07-10 20:54:38.218140,0 days 00:00:10.261785,identity,prod,64,0.0054414418329367656,3,bell,True,2.002027796086983e-05,COMPLETE
49,4.823868493986083e-06,2025-07-10 20:54:38.218530,2025-07-10 20:54:49.237004,0 days 00:00:11.018474,relu,min,64,0.003100487262871838,5,bell,True,1.2020589484776405e-05,COMPLETE
50,1.3011765480041504,2025-07-10 20:54:49.237737,2025-07-10 20:54:55.635445,0 days 00:00:06.397708,relu,prod,128,0.008399083975000247,3,bell,True,0.0005870382645797755,COMPLETE
51,3.728201045305468e-05,2025-07-10 20:54:55.635822,2025-07-10 20:55:05.270552,0 days 00:00:09.634730,relu,prod,64,0.006443107108827793,4,sigmoid,False,1.5046173762219667e-05,COMPLETE
52,0.00011411656305426732,2025-07-10 20:55:05.270999,2025-07-10 20:55:14.908303,0 days 00:00:09.637304,relu,prod,64,0.007998199754442983,4,sigmoid,False,1.2109686845513498e-05,COMPLETE
53,4.120811354368925e-06,2025-07-10 20:55:14.908689,2025-07-10 20:55:43.409083,0 days 00:00:28.500394,relu,prod,16,0.009973288891802868,3,sigmoid,True,1.020366114422093e-05,COMPLETE
54,0.007400426547974348,2025-07-10 20:55:43.409659,2025-07-10 20:55:54.719596,0 days 00:00:11.309937,relu,prod,64,0.00410591577965195,5,bell,False,2.3117225356909256e-05,COMPLETE
55,0.01731807552278042,2025-07-10 20:55:54.719983,2025-07-10 20:56:00.663585,0 days 00:00:05.943602,relu,prod,128,0.00625521823245266,4,sigmoid,False,2.0249580997691352e-05,COMPLETE
56,4.0887152863433585e-06,2025-07-10 20:56:00.664132,2025-07-10 20:56:35.282445,0 days 00:00:34.618313,relu,prod,16,0.0052829832947446425,6,gaussian,False,1.4798054426406105e-05,COMPLETE
57,6.2902340687287506e-06,2025-07-10 20:56:35.283048,2025-07-10 20:56:44.233971,0 days 00:00:08.950923,relu,prod,64,0.00782396670010098,2,gaussian,False,1.7898631277561292e-05,COMPLETE
58,8.162241101672407e-06,2025-07-10 20:56:44.234545,2025-07-10 20:56:53.283043,0 days 00:00:09.048498,identity,prod,64,0.006655063482906503,3,sigmoid,True,1.2793759751100793e-05,COMPLETE
59,5.126807536726119e-06,2025-07-10 20:56:53.283423,2025-07-10 20:57:24.488222,0 days 00:00:31.204799,relu,prod,16,0.004481864697739926,4,gaussian,False,0.0001811141369675722,COMPLETE
60,0.00259168678894639,2025-07-10 20:57:24.488824,2025-07-10 20:57:34.775993,0 days 00:00:10.287169,relu,prod,64,0.008406227246257888,3,bell,False,4.0633600926229806e-05,COMPLETE
61,6.100804512243485e-06,2025-07-10 20:57:34.776381,2025-07-10 20:58:01.208947,0 days 00:00:26.432566,relu,prod,16,0.00978257989183385,2,sigmoid,False,3.0391114303648243e-05,COMPLETE
62,4.53330403615837e-06,2025-07-10 20:58:01.209553,2025-07-10 20:58:27.668141,0 days 00:00:26.458588,relu,prod,16,0.007089273922472769,2,sigmoid,False,2.5410926489677667e-05,COMPLETE
63,4.741668362839846e-06,2025-07-10 20:58:27.668721,2025-07-10 20:58:54.186379,0 days 00:00:26.517658,relu,prod,16,0.005961205575652034,2,sigmoid,False,6.107118043087362e-05,COMPLETE
64,0.04109570011496544,2025-07-10 20:58:54.186980,2025-07-10 20:59:22.448840,0 days 00:00:28.261860,relu,prod,16,0.00012994861751016733,3,sigmoid,False,0.00011167127053152896,COMPLETE
65,1.3225219249725342,2025-07-10 20:59:22.449445,2025-07-10 20:59:37.991599,0 days 00:00:15.542154,relu,prod,32,0.008750871100390606,2,gaussian,False,1.660316562642618e-05,COMPLETE
66,4.184093086223584e-06,2025-07-10 20:59:37.992011,2025-07-10 21:00:08.418927,0 days 00:00:30.426916,relu,min,16,0.007571898893220199,5,sigmoid,False,1.121533377470967e-05,COMPLETE
67,1.3225219249725342,2025-07-10 21:00:08.419538,2025-07-10 21:00:37.856752,0 days 00:00:29.437214,relu,prod,16,0.0049797055335301195,3,gaussian,False,1.9648353686054628e-05,COMPLETE
68,0.006693018600344658,2025-07-10 21:00:37.857267,2025-07-10 21:00:46.439599,0 days 00:00:08.582332,relu,prod,64,0.0015778583972500021,2,sigmoid,False,1.4092173565717325e-05,COMPLETE
69,0.019870350137352943,2025-07-10 21:00:46.440053,2025-07-10 21:00:52.529524,0 days 00:00:06.089471,relu,prod,128,0.00875260779885705,4,gaussian,False,1.1515960753837897e-05,COMPLETE
70,0.0004244149022269994,2025-07-10 21:00:52.529892,2025-07-10 21:01:20.500661,0 days 00:00:27.970769,identity,prod,16,0.0003593064555742194,3,sigmoid,True,1.0084719464872634e-05,COMPLETE
71,4.214407454128377e-06,2025-07-10 21:01:20.501241,2025-07-10 21:01:51.525349,0 days 00:00:31.024108,relu,prod,16,0.006928421218598843,4,gaussian,False,1.5002069841713897e-05,COMPLETE
72,4.011370492662536e-06,2025-07-10 21:01:51.525971,2025-07-10 21:02:22.614035,0 days 00:00:31.088064,relu,prod,16,0.009853613956427624,4,gaussian,False,1.3584875997515705e-05,COMPLETE
73,4.113658178539481e-06,2025-07-10 21:02:22.614643,2025-07-10 21:02:53.617348,0 days 00:00:31.002705,relu,prod,16,0.009993572517075014,4,gaussian,False,1.3176421243724424e-05,COMPLETE
74,4.1183984649251215e-06,2025-07-10 21:02:53.617975,2025-07-10 21:03:23.002566,0 days 00:00:29.384591,relu,prod,16,0.005993894616799441,3,gaussian,False,1.8353294232121972e-05,COMPLETE
75,1.3225219249725342,2025-07-10 21:03:23.003180,2025-07-10 21:03:54.104277,0 days 00:00:31.101097,relu,prod,16,0.00887480719618138,4,gaussian,False,1.6418817288873827e-05,COMPLETE
76,0.00044472876470535994,2025-07-10 21:03:54.104886,2025-07-10 21:04:15.073214,0 days 00:00:20.968328,relu,min,32,0.007434736751682901,7,bell,False,2.1501680352063315e-05,COMPLETE
77,0.7267271280288696,2025-07-10 21:04:15.073760,2025-07-10 21:04:25.412537,0 days 00:00:10.338777,relu,prod,64,0.0008652919008552882,5,gaussian,False,2.59010333371485e-05,COMPLETE
78,7.016860035946593e-05,2025-07-10 21:04:25.413008,2025-07-10 21:04:53.636800,0 days 00:00:28.223792,relu,prod,16,0.001182155483704607,3,sigmoid,False,1.3355558406147851e-05,COMPLETE
79,4.069787337357411e-06,2025-07-10 21:04:53.637340,2025-07-10 21:05:20.189741,0 days 00:00:26.552401,relu,prod,16,0.009137546151868375,2,sigmoid,True,3.386159129117386e-05,COMPLETE
80,1.2971018552780151,2025-07-10 21:05:20.190212,2025-07-10 21:05:30.096619,0 days 00:00:09.906407,relu,prod,64,0.006654943617155403,4,gaussian,False,1.1193363455063634e-05,COMPLETE
81,4.1360258364875335e-06,2025-07-10 21:05:30.097222,2025-07-10 21:05:56.652163,0 days 00:00:26.554941,relu,prod,16,0.008992154663053548,2,sigmoid,True,4.83099005085398e-05,COMPLETE
82,4.138991698710015e-06,2025-07-10 21:05:56.652778,2025-07-10 21:06:23.182025,0 days 00:00:26.529247,relu,prod,16,0.007413809624881332,2,sigmoid,True,3.690365016275878e-05,COMPLETE
83,4.137397354497807e-06,2025-07-10 21:06:23.182616,2025-07-10 21:06:49.735874,0 days 00:00:26.553258,relu,prod,16,0.008847649032335073,2,sigmoid,True,5.905534014045575e-05,COMPLETE
84,4.135282779316185e-06,2025-07-10 21:06:49.736461,2025-07-10 21:07:18.141041,0 days 00:00:28.404580,relu,prod,16,0.005532102935285072,3,sigmoid,True,8.942970504614693e-05,COMPLETE
85,4.135888048040215e-06,2025-07-10 21:07:18.141671,2025-07-10 21:07:46.459698,0 days 00:00:28.318027,relu,prod,16,0.007957887995479734,3,sigmoid,True,6.579161419756804e-05,COMPLETE
86,5.044308636570349e-05,2025-07-10 21:07:46.460320,2025-07-10 21:07:56.209373,0 days 00:00:09.749053,identity,prod,64,0.009255658763671033,2,bell,True,1.8705600492526815e-05,COMPLETE
87,5.3124922487768345e-06,2025-07-10 21:07:56.209785,2025-07-10 21:08:24.431590,0 days 00:00:28.221805,relu,prod,16,0.006383282046941859,3,sigmoid,False,2.988479979418201e-05,COMPLETE
88,0.0010881132911890745,2025-07-10 21:08:24.432195,2025-07-10 21:08:30.450192,0 days 00:00:06.017997,relu,min,128,0.007975035478537526,5,sigmoid,False,2.3557521091227024e-05,COMPLETE
89,1.2362761497497559,2025-07-10 21:08:30.450595,2025-07-10 21:08:39.944015,0 days 00:00:09.493420,relu,prod,64,0.009991380639380662,3,gaussian,True,1.5286853480026723e-05,COMPLETE
90,4.161313427175628e-06,2025-07-10 21:08:39.944392,2025-07-10 21:09:10.736586,0 days 00:00:30.792194,relu,prod,16,0.006812923045762615,2,bell,False,0.00032851507769709884,COMPLETE
91,4.36971140516107e-06,2025-07-10 21:09:10.737212,2025-07-10 21:09:41.924526,0 days 00:00:31.187314,relu,prod,16,0.0076930379329692425,4,gaussian,False,1.2633081385108897e-05,COMPLETE
92,4.487906608119374e-06,2025-07-10 21:09:41.925134,2025-07-10 21:10:12.923521,0 days 00:00:30.998387,relu,prod,16,0.005062948393620412,4,gaussian,False,1.4342407694405792e-05,COMPLETE
93,3.7988086205587024e-06,2025-07-10 21:10:12.924146,2025-07-10 21:10:44.002426,0 days 00:00:31.078280,relu,prod,16,0.003946309617660295,4,gaussian,False,1.7050797239746284e-05,COMPLETE
94,4.276754225429613e-06,2025-07-10 21:10:44.003047,2025-07-10 21:11:15.151433,0 days 00:00:31.148386,relu,prod,16,0.009104624932280094,4,gaussian,False,1.67925743942908e-05,COMPLETE
95,4.23962228524033e-06,2025-07-10 21:11:15.152043,2025-07-10 21:11:44.538178,0 days 00:00:29.386135,relu,prod,16,0.004037251992491877,3,gaussian,False,2.028362820342271e-05,COMPLETE
96,0.0031479536555707455,2025-07-10 21:11:44.538795,2025-07-10 21:11:55.098022,0 days 00:00:10.559227,relu,prod,64,0.005757157112262167,6,sigmoid,False,1.0737887418365589e-05,COMPLETE
97,4.4091889321862254e-06,2025-07-10 21:11:55.098401,2025-07-10 21:12:12.522305,0 days 00:00:17.423904,relu,prod,32,0.008156097184479063,4,gaussian,False,1.2044346583739002e-05,COMPLETE
98,4.107090717297979e-06,2025-07-10 21:12:12.522913,2025-07-10 21:12:40.782704,0 days 00:00:28.259791,relu,prod,16,0.00461061514572239,3,sigmoid,False,3.400846332447068e-05,COMPLETE
99,4.138226358918473e-06,2025-07-10 21:12:40.783351,2025-07-10 21:13:13.294059,0 days 00:00:32.510708,identity,prod,16,0.00716255411658493,5,gaussian,True,1.7516447478202265e-05,COMPLETE
100,1.5122175682336092e-05,2025-07-10 21:13:13.294686,2025-07-10 21:13:23.073301,0 days 00:00:09.778615,relu,prod,64,0.009999102712397743,2,bell,False,4.146116551633947e-05,COMPLETE
101,5.159983629710041e-06,2025-07-10 21:13:23.073907,2025-07-10 21:13:54.174928,0 days 00:00:31.101021,relu,prod,16,0.008304626861163381,4,gaussian,False,1.439679293988607e-05,COMPLETE
102,9.197182407660875e-06,2025-07-10 21:13:54.175539,2025-07-10 21:14:25.196961,0 days 00:00:31.021422,relu,prod,16,0.006152219043160461,4,gaussian,False,1.2211976489374719e-05,COMPLETE
103,4.8432252697239164e-06,2025-07-10 21:14:25.197575,2025-07-10 21:14:56.217069,0 days 00:00:31.019494,relu,prod,16,0.002762465622659225,4,gaussian,False,1.56023721480838e-05,COMPLETE
104,4.193455879430985e-06,2025-07-10 21:14:56.217691,2025-07-10 21:15:25.547047,0 days 00:00:29.329356,relu,prod,16,0.009039750602366519,3,gaussian,False,1.3743558100980591e-05,COMPLETE
105,4.8004162636061665e-06,2025-07-10 21:15:25.547657,2025-07-10 21:15:55.497903,0 days 00:00:29.950246,relu,prod,16,0.007142875478887546,4,sigmoid,False,2.1880161702212266e-05,COMPLETE
106,4.192429969407385e-06,2025-07-10 21:15:55.498526,2025-07-10 21:16:27.073465,0 days 00:00:31.574939,relu,min,16,0.00545178437170657,5,gaussian,False,1.1043664503364097e-05,COMPLETE
107,1.897762922453694e-05,2025-07-10 21:16:27.074088,2025-07-10 21:16:36.132808,0 days 00:00:09.058720,relu,prod,64,0.006473770327412734,3,sigmoid,False,1.8706475013812776e-05,COMPLETE
108,0.002536993706598878,2025-07-10 21:16:36.133186,2025-07-10 21:16:42.239758,0 days 00:00:06.106572,relu,prod,128,0.008179349829316876,4,gaussian,False,0.0009453558175607725,COMPLETE
109,4.132124104216928e-06,2025-07-10 21:16:42.240275,2025-07-10 21:17:10.547916,0 days 00:00:28.307641,relu,prod,16,0.009299237607817723,3,sigmoid,True,1.5515485785790354e-05,COMPLETE
110,9.540743121760897e-06,2025-07-10 21:17:10.548390,2025-07-10 21:17:41.332352,0 days 00:00:30.783962,relu,prod,16,0.0074352986441435665,2,bell,False,1.0074514358152444e-05,COMPLETE
111,4.032939159515081e-06,2025-07-10 21:17:41.332992,2025-07-10 21:18:15.700347,0 days 00:00:34.367355,relu,prod,16,0.005160186075372495,6,gaussian,False,1.4199999152742375e-05,COMPLETE
112,4.130541128688492e-06,2025-07-10 21:18:15.700944,2025-07-10 21:18:50.097130,0 days 00:00:34.396186,relu,prod,16,0.006026561443252548,6,gaussian,False,1.3065183086930058e-05,COMPLETE
113,1.1793134945037309e-05,2025-07-10 21:18:50.097751,2025-07-10 21:19:24.575449,0 days 00:00:34.477698,relu,prod,16,0.006690820032006231,6,gaussian,False,1.6569291089251136e-05,COMPLETE
114,5.418814907898195e-06,2025-07-10 21:19:24.576058,2025-07-10 21:19:57.438691,0 days 00:00:32.862633,relu,prod,16,0.0036027756207977885,5,gaussian,False,2.0744368168661478e-05,COMPLETE
115,1.0856412649154663,2025-07-10 21:19:57.439334,2025-07-10 21:20:08.270072,0 days 00:00:10.830738,relu,prod,64,0.0005643998398048756,6,gaussian,False,2.7543731071033996e-05,COMPLETE
116,4.508601250563515e-06,2025-07-10 21:20:08.270657,2025-07-10 21:20:38.271892,0 days 00:00:30.001235,relu,prod,16,0.008643359285593332,4,sigmoid,False,1.4249814059959784e-05,COMPLETE
117,3.7457839425769635e-06,2025-07-10 21:20:38.272500,2025-07-10 21:20:58.985609,0 days 00:00:20.713109,identity,prod,32,0.007812928905479438,8,gaussian,False,1.1915650750191088e-05,COMPLETE
118,0.0009160118061117828,2025-07-10 21:20:58.986215,2025-07-10 21:21:19.882956,0 days 00:00:20.896741,identity,prod,32,0.004175807639381464,8,gaussian,True,1.2019342980603294e-05,COMPLETE
119,5.061524461780209e-06,2025-07-10 21:21:19.883544,2025-07-10 21:21:41.090584,0 days 00:00:21.207040,identity,prod,32,0.009272745984008323,9,sigmoid,False,1.0709703481498154e-05,COMPLETE
120,3.875192760460777e-06,2025-07-10 21:21:41.091170,2025-07-10 21:22:02.719970,0 days 00:00:21.628800,identity,prod,32,0.007801329219347952,9,gaussian,False,7.2840050971963e-05,COMPLETE
121,4.1459588828729466e-06,2025-07-10 21:22:02.720578,2025-07-10 21:22:23.491759,0 days 00:00:20.771181,identity,prod,32,0.007707770258393474,8,gaussian,False,1.7822746572332557e-05,COMPLETE
122,1.9520790374372154e-05,2025-07-10 21:22:23.492348,2025-07-10 21:22:43.470116,0 days 00:00:19.977768,identity,prod,32,0.00853089189654009,7,gaussian,False,0.0001166594735690944,COMPLETE
123,0.0016040552873164415,2025-07-10 21:22:43.470710,2025-07-10 21:22:55.560878,0 days 00:00:12.090168,identity,prod,64,0.006959108934956522,9,gaussian,False,7.334842379325352e-05,COMPLETE
124,4.185541911283508e-06,2025-07-10 21:22:55.561256,2025-07-10 21:23:17.235891,0 days 00:00:21.674635,identity,prod,32,0.00992816691887743,9,gaussian,False,1.3007228419877022e-05,COMPLETE
125,5.506339675775962e-06,2025-07-10 21:23:17.236497,2025-07-10 21:23:37.995410,0 days 00:00:20.758913,identity,prod,32,0.005213773027717281,8,gaussian,False,0.00015197124637380229,COMPLETE
126,7.31583440938266e-06,2025-07-10 21:23:37.995998,2025-07-10 21:23:56.383998,0 days 00:00:18.388000,identity,min,32,0.007870410738842202,7,sigmoid,False,1.1443241061304561e-05,COMPLETE
127,0.00010952949378406629,2025-07-10 21:23:56.384531,2025-07-10 21:24:19.217581,0 days 00:00:22.833050,identity,prod,32,0.009194695097334551,8,bell,True,2.421595003430392e-05,COMPLETE
128,1.7583186490810476e-05,2025-07-10 21:24:19.218059,2025-07-10 21:24:41.022806,0 days 00:00:21.804747,identity,prod,32,0.006049110868656105,9,gaussian,False,4.887611159314697e-05,COMPLETE
129,0.13050895929336548,2025-07-10 21:24:41.023330,2025-07-10 21:24:52.504646,0 days 00:00:11.481316,relu,prod,64,0.0021635136165194047,8,sigmoid,False,1.5834565244224976e-05,COMPLETE
130,4.255298790667439e-06,2025-07-10 21:24:52.505099,2025-07-10 21:25:20.181587,0 days 00:00:27.676488,relu,prod,16,0.007545140786907397,2,gaussian,False,1.2704851536214277e-05,COMPLETE
131,1.3225219249725342,2025-07-10 21:25:20.182207,2025-07-10 21:25:51.360493,0 days 00:00:31.178286,relu,prod,16,0.008405532374519083,4,gaussian,False,1.455266346202889e-05,COMPLETE
132,4.710846042144112e-06,2025-07-10 21:25:51.361120,2025-07-10 21:26:20.750933,0 days 00:00:29.389813,relu,prod,16,0.006958607642164219,3,gaussian,False,1.3541383990147987e-05,COMPLETE
133,4.202976924716495e-06,2025-07-10 21:26:20.751565,2025-07-10 21:26:56.929435,0 days 00:00:36.177870,relu,prod,16,0.008292683325580768,7,gaussian,False,1.8935439756003968e-05,COMPLETE
134,4.316612375987461e-06,2025-07-10 21:26:56.930046,2025-07-10 21:27:28.030119,0 days 00:00:31.100073,relu,prod,16,0.009938863410145894,4,gaussian,False,1.1826801111849946e-05,COMPLETE
135,0.0006377552053891122,2025-07-10 21:27:28.030764,2025-07-10 21:27:33.699048,0 days 00:00:05.668284,relu,prod,128,0.004726807024741162,3,sigmoid,False,1.6743395037399435e-05,COMPLETE
136,0.9086527228355408,2025-07-10 21:27:33.699436,2025-07-10 21:27:43.156558,0 days 00:00:09.457122,relu,prod,64,0.00632972973539973,3,gaussian,True,9.147283774253511e-05,COMPLETE
137,3.821785412583267e-06,2025-07-10 21:27:43.157142,2025-07-10 21:28:10.840529,0 days 00:00:27.683387,relu,prod,16,0.007535918290867482,2,gaussian,False,0.00021501891588278092,COMPLETE
138,4.1119378693110775e-06,2025-07-10 21:28:10.841117,2025-07-10 21:28:38.123201,0 days 00:00:27.282084,identity,prod,16,0.009086942838968614,2,gaussian,False,0.00010255109391908962,COMPLETE
139,4.1517905629007146e-06,2025-07-10 21:28:38.123823,2025-07-10 21:28:53.052832,0 days 00:00:14.929009,relu,prod,32,0.007855070826575557,2,sigmoid,False,0.0003469278823226808,COMPLETE
140,4.01850320486119e-06,2025-07-10 21:28:53.053430,2025-07-10 21:29:20.713874,0 days 00:00:27.660444,relu,prod,16,0.005745371469553413,2,gaussian,False,0.00017845871930258125,COMPLETE
141,7.3015530688280705e-06,2025-07-10 21:29:20.714494,2025-07-10 21:29:48.300844,0 days 00:00:27.586350,relu,prod,16,0.00525228885076088,2,gaussian,False,0.00020431564273551837,COMPLETE
142,3.967034444940509e-06,2025-07-10 21:29:48.301490,2025-07-10 21:30:15.962901,0 days 00:00:27.661411,relu,prod,16,0.007123999249271525,2,gaussian,False,0.0002172594457544326,COMPLETE
143,5.3495773499889765e-06,2025-07-10 21:30:15.963507,2025-07-10 21:30:43.523169,0 days 00:00:27.559662,relu,prod,16,0.005759266555316837,2,gaussian,False,0.0002263798780327444,COMPLETE
144,6.478098384832265e-06,2025-07-10 21:30:43.523810,2025-07-10 21:31:11.059414,0 days 00:00:27.535604,relu,prod,16,0.006561360442734852,2,gaussian,False,0.0002286181649248741,COMPLETE
145,4.018575509689981e-06,2025-07-10 21:31:11.060026,2025-07-10 21:31:38.617475,0 days 00:00:27.557449,relu,prod,16,0.007245869666648821,2,gaussian,False,0.00019309563195416102,COMPLETE
146,4.1925850382540375e-06,2025-07-10 21:31:38.618113,2025-07-10 21:32:06.254037,0 days 00:00:27.635924,relu,prod,16,0.007371262296661074,2,gaussian,False,0.0002618093803603842,COMPLETE
147,6.576749456144171e-06,2025-07-10 21:32:06.254651,2025-07-10 21:32:33.826664,0 days 00:00:27.572013,relu,prod,16,0.005677338376771041,2,gaussian,False,0.00016652464608878174,COMPLETE
148,1.3225219249725342,2025-07-10 21:32:33.827293,2025-07-10 21:32:42.749681,0 days 00:00:08.922388,relu,prod,64,0.006905961894248924,2,gaussian,False,0.00020230096885665166,COMPLETE
149,0.9459770321846008,2025-07-10 21:32:42.750293,2025-07-10 21:33:11.387162,0 days 00:00:28.636869,relu,min,16,0.0063559985135759845,3,gaussian,False,0.00025948455344164043,COMPLETE
150,3.818703135038959e-06,2025-07-10 21:33:11.387724,2025-07-10 21:33:40.777722,0 days 00:00:29.389998,relu,prod,16,0.007500397450136759,3,gaussian,False,0.0001394132171665806,COMPLETE
151,4.440511474967934e-06,2025-07-10 21:33:40.778230,2025-07-10 21:34:10.115803,0 days 00:00:29.337573,relu,prod,16,0.007668577549971712,3,gaussian,False,0.00018826716604826297,COMPLETE
152,3.986210685980041e-06,2025-07-10 21:34:10.116446,2025-07-10 21:34:39.483593,0 days 00:00:29.367147,relu,prod,16,0.008560952296784925,3,gaussian,False,0.0001358954268450269,COMPLETE
153,0.006259131710976362,2025-07-10 21:34:39.484208,2025-07-10 21:35:08.891467,0 days 00:00:29.407259,relu,prod,16,0.00020290066849172012,3,gaussian,False,0.00013727926943829947,COMPLETE
154,4.00019962398801e-06,2025-07-10 21:35:08.892111,2025-07-10 21:35:38.290838,0 days 00:00:29.398727,relu,prod,16,0.008368964429293848,3,gaussian,False,0.00015488931952028717,COMPLETE
155,1.3225219249725342,2025-07-10 21:35:38.291457,2025-07-10 21:36:07.650597,0 days 00:00:29.359140,relu,prod,16,0.008466660182360822,3,gaussian,False,0.00016127093754757766,COMPLETE
156,4.109415840503061e-06,2025-07-10 21:36:07.651247,2025-07-10 21:36:36.987105,0 days 00:00:29.335858,relu,prod,16,0.008393264971383409,3,gaussian,False,0.00014221121732712813,COMPLETE
157,4.146425453654956e-06,2025-07-10 21:36:36.987730,2025-07-10 21:36:46.379128,0 days 00:00:09.391398,relu,prod,64,0.009249071249869584,3,gaussian,False,0.00011654558996674316,COMPLETE
158,3.9496826502727345e-06,2025-07-10 21:36:46.379742,2025-07-10 21:37:15.779101,0 days 00:00:29.399359,relu,prod,16,0.007255129628683789,3,gaussian,False,0.00017556971064713845,COMPLETE
159,4.1263488128606696e-06,2025-07-10 21:37:15.779726,2025-07-10 21:37:44.847668,0 days 00:00:29.067942,identity,prod,16,0.00997994468803287,3,gaussian,False,0.00017234533721406127,COMPLETE
160,4.1618163777457085e-06,2025-07-10 21:37:44.848303,2025-07-10 21:38:01.285561,0 days 00:00:16.437258,relu,prod,32,0.007869923341504917,3,gaussian,False,0.00012605461698114346,COMPLETE
161,3.879584255628288e-06,2025-07-10 21:38:01.285998,2025-07-10 21:38:30.675410,0 days 00:00:29.389412,relu,prod,16,0.007317192929812759,3,gaussian,False,0.0001916513918131627,COMPLETE
162,4.344542503531557e-06,2025-07-10 21:38:30.676050,2025-07-10 21:39:00.031336,0 days 00:00:29.355286,relu,prod,16,0.008510683285161347,3,gaussian,False,0.0001499510391864931,COMPLETE
163,7.408735200442607e-06,2025-07-10 21:39:00.031991,2025-07-10 21:39:29.422187,0 days 00:00:29.390196,relu,prod,16,0.006997369758271201,3,gaussian,False,0.00023691060195934387,COMPLETE
164,4.135436483920785e-06,2025-07-10 21:39:29.422832,2025-07-10 21:39:58.802416,0 days 00:00:29.379584,relu,prod,16,0.009120672176137556,3,gaussian,False,0.00017514214846330297,COMPLETE
165,4.337887730798684e-06,2025-07-10 21:39:58.803043,2025-07-10 21:40:28.210133,0 days 00:00:29.407090,relu,prod,16,0.007538309872771062,3,gaussian,False,0.000207357616112989,COMPLETE
166,1.3225219249725342,2025-07-10 21:40:28.210780,2025-07-10 21:40:57.658781,0 days 00:00:29.448001,relu,prod,16,0.008484846421917642,3,gaussian,False,0.00030215122947834547,COMPLETE
167,5.6297653827641625e-06,2025-07-10 21:40:57.659404,2025-07-10 21:41:07.938195,0 days 00:00:10.278791,relu,prod,64,0.00638777950003821,3,bell,False,0.00013981291676639585,COMPLETE
168,4.246042408340145e-06,2025-07-10 21:41:07.938825,2025-07-10 21:41:37.330540,0 days 00:00:29.391715,relu,prod,16,0.008125790351089986,3,gaussian,False,0.00012538892269438041,COMPLETE
169,0.00023256703570950776,2025-07-10 21:41:37.331177,2025-07-10 21:41:43.185513,0 days 00:00:05.854336,relu,prod,128,0.00933930682170874,3,gaussian,False,0.00018020658698597467,COMPLETE
170,3.904965979018016e-06,2025-07-10 21:41:43.186109,2025-07-10 21:42:12.182661,0 days 00:00:28.996552,identity,prod,16,0.007346312870555546,3,gaussian,False,0.00015900314481263802,COMPLETE
171,3.952047336497344e-06,2025-07-10 21:42:12.183318,2025-07-10 21:42:41.203137,0 days 00:00:29.019819,identity,prod,16,0.00724570789789317,3,gaussian,False,0.00016154022021458024,COMPLETE
172,3.838671545963734e-06,2025-07-10 21:42:41.203769,2025-07-10 21:43:10.183667,0 days 00:00:28.979898,identity,prod,16,0.00728711694889397,3,gaussian,False,0.0001602169745991495,COMPLETE
173,4.131136392970802e-06,2025-07-10 21:43:10.184294,2025-07-10 21:43:39.155106,0 days 00:00:28.970812,identity,prod,16,0.006959645405294146,3,gaussian,False,0.00015223225257561556,COMPLETE
174,4.089866706635803e-06,2025-07-10 21:43:39.155746,2025-07-10 21:44:08.167940,0 days 00:00:29.012194,identity,prod,16,0.0075502844036023425,3,gaussian,False,0.00016188321087848284,COMPLETE
175,4.832289050682448e-06,2025-07-10 21:44:08.168577,2025-07-10 21:44:37.193221,0 days 00:00:29.024644,identity,prod,16,0.0066151137549578486,3,gaussian,False,0.0002132174124084819,COMPLETE
176,2.5282655769842677e-05,2025-07-10 21:44:37.193870,2025-07-10 21:44:53.460736,0 days 00:00:16.266866,identity,prod,32,0.007769251165804359,3,gaussian,False,0.00024823833426627147,COMPLETE
177,4.087296019861242e-06,2025-07-10 21:44:53.461358,2025-07-10 21:45:22.478672,0 days 00:00:29.017314,identity,prod,16,0.0060714951753452675,3,gaussian,False,0.00013049113943119038,COMPLETE
178,7.813728007022291e-05,2025-07-10 21:45:22.479317,2025-07-10 21:45:31.790022,0 days 00:00:09.310705,identity,prod,64,0.008619924135050566,3,gaussian,False,0.00010469047084365104,COMPLETE
179,0.0010762877063825727,2025-07-10 21:45:31.790458,2025-07-10 21:46:03.190387,0 days 00:00:31.399929,identity,min,16,0.003272159869658798,3,bell,False,0.00019222869828269763,COMPLETE
180,3.958366505685262e-06,2025-07-10 21:46:03.191062,2025-07-10 21:46:32.134223,0 days 00:00:28.943161,identity,prod,16,0.00715209111963548,3,gaussian,False,0.00015780503307577282,COMPLETE
181,3.696639168992988e-06,2025-07-10 21:46:32.134814,2025-07-10 21:47:01.060732,0 days 00:00:28.925918,identity,prod,16,0.007209232084707443,3,gaussian,False,0.0001619111298519998,COMPLETE
182,4.525992608250817e-06,2025-07-10 21:47:01.061216,2025-07-10 21:47:29.981956,0 days 00:00:28.920740,identity,prod,16,0.0071298400211775555,3,gaussian,False,0.0001413521910951994,COMPLETE
183,3.7891732063144445e-06,2025-07-10 21:47:29.982592,2025-07-10 21:47:58.957677,0 days 00:00:28.975085,identity,prod,16,0.006700716490552966,3,gaussian,False,0.00017108198798320443,COMPLETE
184,3.813606554103899e-06,2025-07-10 21:47:58.958322,2025-07-10 21:48:27.943093,0 days 00:00:28.984771,identity,prod,16,0.00650102189755694,3,gaussian,False,0.00021750938373643698,COMPLETE
185,2.279719956277404e-05,2025-07-10 21:48:27.943720,2025-07-10 21:48:56.927857,0 days 00:00:28.984137,identity,prod,16,0.006224022372171924,3,gaussian,False,0.0007321050542412003,COMPLETE
186,3.937118435715092e-06,2025-07-10 21:48:56.928500,2025-07-10 21:49:25.957706,0 days 00:00:29.029206,identity,prod,16,0.0069383473447726515,3,gaussian,False,0.00018029326236992965,COMPLETE
187,6.379248952725902e-05,2025-07-10 21:49:25.958336,2025-07-10 21:49:35.266182,0 days 00:00:09.307846,identity,prod,64,0.006650837568888323,3,gaussian,False,0.0001884951182882842,COMPLETE
188,4.141858880757354e-06,2025-07-10 21:49:35.266588,2025-07-10 21:49:51.502143,0 days 00:00:16.235555,identity,prod,32,0.00579602557688085,3,gaussian,False,0.00016851963758960186,COMPLETE
189,0.00020521470287349075,2025-07-10 21:49:51.502780,2025-07-10 21:50:20.445494,0 days 00:00:28.942714,identity,prod,16,0.0014127682449241428,3,gaussian,False,0.00028689077523765937,COMPLETE
190,4.2615606616891455e-06,2025-07-10 21:50:20.446115,2025-07-10 21:50:49.372634,0 days 00:00:28.926519,identity,prod,16,0.007844447531244057,3,gaussian,False,0.00019571066496541792,COMPLETE
191,4.001357410743367e-06,2025-07-10 21:50:49.373276,2025-07-10 21:51:18.310997,0 days 00:00:28.937721,identity,prod,16,0.006679479801506112,3,gaussian,False,0.0001686986438818192,COMPLETE
192,3.7080344554851763e-06,2025-07-10 21:51:18.311629,2025-07-10 21:51:47.326743,0 days 00:00:29.015114,identity,prod,16,0.007387336013842675,3,gaussian,False,0.00021990560154279862,COMPLETE
193,4.091156370122917e-06,2025-07-10 21:51:47.327380,2025-07-10 21:52:16.350177,0 days 00:00:29.022797,identity,prod,16,0.007654278191425336,3,gaussian,False,0.000224162847035171,COMPLETE
194,3.702628418977838e-06,2025-07-10 21:52:16.350828,2025-07-10 21:52:45.343471,0 days 00:00:28.992643,identity,prod,16,0.006329460397970438,3,gaussian,False,0.00017993211123408607,COMPLETE
195,4.281922429072438e-06,2025-07-10 21:52:45.344100,2025-07-10 21:53:14.345710,0 days 00:00:29.001610,identity,prod,16,0.006558690406759126,3,gaussian,False,0.0002070105061222898,COMPLETE
196,0.007395687513053417,2025-07-10 21:53:14.346364,2025-07-10 21:53:46.540587,0 days 00:00:32.194223,identity,prod,16,0.005495590470493329,3,bell,False,0.00024705902986368335,COMPLETE
197,0.002866174094378948,2025-07-10 21:53:46.541224,2025-07-10 21:53:55.871425,0 days 00:00:09.330201,identity,prod,64,0.006117239039829319,3,gaussian,False,0.0001789577029793446,COMPLETE
198,7.64849301049253e-06,2025-07-10 21:53:55.871832,2025-07-10 21:54:24.893104,0 days 00:00:29.021272,identity,prod,16,0.004797800372315801,3,gaussian,False,0.00018457637930698113,COMPLETE
199,0.004707317799329758,2025-07-10 21:54:24.893753,2025-07-10 21:54:54.005110,0 days 00:00:29.111357,identity,prod,16,0.0007112283174888898,3,gaussian,False,0.00020386081466511455,COMPLETE
200,4.164146503171651e-06,2025-07-10 21:54:54.005759,2025-07-10 21:55:10.281407,0 days 00:00:16.275648,identity,prod,32,0.007854925744846458,3,gaussian,False,0.00014511196615291653,COMPLETE
201,4.61949139207718e-06,2025-07-10 21:55:10.282042,2025-07-10 21:55:39.337223,0 days 00:00:29.055181,identity,prod,16,0.0072081112865433755,3,gaussian,False,0.00016372494523025856,COMPLETE
202,4.138514213991584e-06,2025-07-10 21:55:39.337851,2025-07-10 21:56:08.379573,0 days 00:00:29.041722,identity,prod,16,0.008988938142440997,3,gaussian,False,0.00022375497700919417,COMPLETE
203,3.711812496476341e-06,2025-07-10 21:56:08.380233,2025-07-10 21:56:37.381904,0 days 00:00:29.001671,identity,prod,16,0.007211280187125517,3,gaussian,False,0.00017958646561059074,COMPLETE
204,4.125296527490718e-06,2025-07-10 21:56:37.382532,2025-07-10 21:57:16.286334,0 days 00:00:38.903802,identity,prod,16,0.007990518447258895,9,gaussian,False,0.00018020411748296937,COMPLETE
205,4.0591876313555986e-06,2025-07-10 21:57:16.287010,2025-07-10 21:57:45.269537,0 days 00:00:28.982527,identity,prod,16,0.006193693091118285,3,gaussian,False,0.0001971392663077686,COMPLETE
206,4.03189233111334e-06,2025-07-10 21:57:45.270459,2025-07-10 21:58:14.226266,0 days 00:00:28.955807,identity,prod,16,0.009269467679486743,3,gaussian,False,0.00027127842131271265,COMPLETE
207,3.992932761320844e-06,2025-07-10 21:58:14.226924,2025-07-10 21:58:43.193148,0 days 00:00:28.966224,identity,prod,16,0.006619486956789669,3,gaussian,False,0.00023704550482555304,COMPLETE
208,1.4021693459653761e-05,2025-07-10 21:58:43.193794,2025-07-10 21:58:49.001682,0 days 00:00:05.807888,identity,prod,128,0.008109618082269052,3,gaussian,False,0.00044117702504901956,COMPLETE
209,3.806414497375954e-06,2025-07-10 21:58:49.002083,2025-07-10 21:58:58.281326,0 days 00:00:09.279243,identity,prod,64,0.009959403516801827,3,gaussian,False,0.00021572803289924623,COMPLETE
210,0.021382533013820648,2025-07-10 21:58:58.281721,2025-07-10 21:59:08.274395,0 days 00:00:09.992674,identity,min,64,0.009680926600793428,3,bell,False,0.00022005892410929888,COMPLETE
211,9.790389412955847e-06,2025-07-10 21:59:08.274956,2025-07-10 21:59:17.559299,0 days 00:00:09.284343,identity,prod,64,0.008597802338830916,3,gaussian,False,0.00018576858692619447,COMPLETE
212,4.140723831369542e-06,2025-07-10 21:59:17.559734,2025-07-10 21:59:26.852380,0 days 00:00:09.292646,identity,prod,64,0.007424832069700123,3,gaussian,False,0.00020253501563780306,COMPLETE
213,0.00023687188513576984,2025-07-10 21:59:26.852859,2025-07-10 21:59:36.150267,0 days 00:00:09.297408,identity,prod,64,0.009886489454124108,3,gaussian,False,0.00017323627953602747,COMPLETE
214,4.202745003567543e-06,2025-07-10 21:59:36.150665,2025-07-10 21:59:45.446434,0 days 00:00:09.295769,identity,prod,64,0.00888960979521948,3,gaussian,False,0.00014982323209222664,COMPLETE
215,4.132952653890243e-06,2025-07-10 21:59:45.446983,2025-07-10 22:00:14.481008,0 days 00:00:29.034025,identity,prod,16,0.006899310285925149,3,gaussian,False,0.00023560924327908873,COMPLETE
216,3.957545686716912e-06,2025-07-10 22:00:14.481515,2025-07-10 22:00:43.451836,0 days 00:00:28.970321,identity,prod,16,0.007880241548381232,3,gaussian,False,0.00020843637846031397,COMPLETE
217,0.0001230780762853101,2025-07-10 22:00:43.452496,2025-07-10 22:01:12.580522,0 days 00:00:29.128026,identity,prod,16,0.00898764880496978,3,gaussian,True,0.00016880642199974322,COMPLETE
218,3.982723683293443e-06,2025-07-10 22:01:12.581159,2025-07-10 22:01:28.874779,0 days 00:00:16.293620,identity,prod,32,0.007568532404280632,3,gaussian,False,0.00015868539513163684,COMPLETE
219,1.907575460791122e-05,2025-07-10 22:01:28.875439,2025-07-10 22:01:38.160241,0 days 00:00:09.284802,identity,prod,64,0.005966798153414942,3,gaussian,False,0.00019542182034244074,COMPLETE
220,5.700906058336841e-06,2025-07-10 22:01:38.160652,2025-07-10 22:02:07.102204,0 days 00:00:28.941552,identity,prod,16,0.009993876544824165,3,gaussian,False,0.00012405655113782667,COMPLETE
221,3.965894393331837e-06,2025-07-10 22:02:07.102850,2025-07-10 22:02:36.185574,0 days 00:00:29.082724,identity,prod,16,0.0071803757886187885,3,gaussian,False,0.00015220052156335846,COMPLETE
222,4.762875050801085e-06,2025-07-10 22:02:36.186242,2025-07-10 22:03:05.249717,0 days 00:00:29.063475,identity,prod,16,0.006882849128071417,3,gaussian,False,0.00018081816791613511,COMPLETE
223,4.016857474198332e-06,2025-07-10 22:03:05.250366,2025-07-10 22:03:34.299159,0 days 00:00:29.048793,identity,prod,16,0.008299997355717537,3,gaussian,False,0.00016418757885114168,COMPLETE
224,3.9269484659598675e-06,2025-07-10 22:03:34.299823,2025-07-10 22:04:03.318621,0 days 00:00:29.018798,identity,prod,16,0.007370038374892578,3,gaussian,False,0.0002164419762236733,COMPLETE
225,9.819460501603317e-06,2025-07-10 22:04:03.319279,2025-07-10 22:04:32.358863,0 days 00:00:29.039584,identity,prod,16,0.0064214001744647515,3,gaussian,False,0.00024970445226099336,COMPLETE
226,4.085908585693687e-06,2025-07-10 22:04:32.359494,2025-07-10 22:05:01.327589,0 days 00:00:28.968095,identity,prod,16,0.008325137340629181,3,gaussian,False,0.00021612286282661304,COMPLETE
227,4.199274371785577e-06,2025-07-10 22:05:01.328242,2025-07-10 22:05:30.354872,0 days 00:00:29.026630,identity,prod,16,0.00753042126233247,3,gaussian,False,1.0064234260100608e-05,COMPLETE
228,4.245016953063896e-06,2025-07-10 22:05:30.355518,2025-07-10 22:06:07.867971,0 days 00:00:37.512453,identity,prod,16,0.0055719268062234826,8,gaussian,False,1.1248042757600027e-05,COMPLETE
229,0.20043626427650452,2025-07-10 22:06:07.868620,2025-07-10 22:06:17.161646,0 days 00:00:09.293026,identity,prod,64,0.0017625305546202018,3,gaussian,False,0.000192402935543471,COMPLETE
230,3.971710611949675e-06,2025-07-10 22:06:17.162066,2025-07-10 22:06:46.240629,0 days 00:00:29.078563,identity,prod,16,0.008986395092784354,3,gaussian,False,0.00022157049599300988,COMPLETE
231,4.087045454070903e-06,2025-07-10 22:06:46.241293,2025-07-10 22:07:15.326035,0 days 00:00:29.084742,identity,prod,16,0.007088787810122646,3,gaussian,False,0.0001640001249126769,COMPLETE
232,4.1291045818070415e-06,2025-07-10 22:07:15.326690,2025-07-10 22:07:44.398255,0 days 00:00:29.071565,identity,prod,16,0.007366153466704268,3,gaussian,False,0.00013620250984177157,COMPLETE
233,5.565567789744819e-06,2025-07-10 22:07:44.398913,2025-07-10 22:08:13.466646,0 days 00:00:29.067733,identity,prod,16,0.006578029256549895,3,gaussian,False,0.0001807901419587499,COMPLETE
234,4.330377578298794e-06,2025-07-10 22:08:13.467308,2025-07-10 22:08:42.527121,0 days 00:00:29.059813,identity,prod,16,0.00819852558760452,3,gaussian,False,0.0001971219965310845,COMPLETE
235,4.0740651456872e-06,2025-07-10 22:08:42.527775,2025-07-10 22:09:11.593114,0 days 00:00:29.065339,identity,prod,16,0.007159611534827119,3,gaussian,False,0.0001547105480340255,COMPLETE
236,4.688385615736479e-06,2025-07-10 22:09:11.593780,2025-07-10 22:09:29.534392,0 days 00:00:17.940612,identity,prod,32,0.007857598262479703,3,bell,False,1.2234809048689071e-05,COMPLETE
237,7.608282885485096e-06,2025-07-10 22:09:29.535038,2025-07-10 22:09:58.713122,0 days 00:00:29.178084,identity,prod,16,0.006315916229095039,3,gaussian,True,0.00018010686400718546,COMPLETE
238,3.9668575482210144e-06,2025-07-10 22:09:58.713799,2025-07-10 22:10:37.868050,0 days 00:00:39.154251,identity,prod,16,0.009268785982914396,9,gaussian,False,0.0002113173386691793,COMPLETE
239,0.00045656246948055923,2025-07-10 22:10:37.868714,2025-07-10 22:11:06.954147,0 days 00:00:29.085433,identity,prod,16,0.0004455472820375494,3,gaussian,False,0.00028537687293560005,COMPLETE
240,4.677129709307337e-06,2025-07-10 22:11:06.954819,2025-07-10 22:11:16.250270,0 days 00:00:09.295451,identity,prod,64,0.008494334084760257,3,gaussian,False,0.00014580291734723948,COMPLETE
241,4.320609150454402e-06,2025-07-10 22:11:16.250690,2025-07-10 22:11:45.347921,0 days 00:00:29.097231,identity,prod,16,0.0077473685351693335,3,gaussian,False,0.00021349827781085302,COMPLETE
242,4.055647877976298e-06,2025-07-10 22:11:45.348562,2025-07-10 22:12:14.398617,0 days 00:00:29.050055,identity,prod,16,0.006860032901429753,3,gaussian,False,0.00023411873664488012,COMPLETE
243,4.148316747887293e-06,2025-07-10 22:12:14.399283,2025-07-10 22:12:43.482551,0 days 00:00:29.083268,identity,prod,16,0.007677794435263949,3,gaussian,False,8.020013244565175e-05,COMPLETE
244,4.011639703094261e-06,2025-07-10 22:12:43.483217,2025-07-10 22:13:12.563505,0 days 00:00:29.080288,identity,prod,16,0.008099788416720646,3,gaussian,False,0.00019103702009843016,COMPLETE
245,3.875668880937155e-06,2025-07-10 22:13:12.564169,2025-07-10 22:13:41.633063,0 days 00:00:29.068894,identity,prod,16,0.006761488258608194,3,gaussian,False,0.00017145858217721018,COMPLETE
246,4.1540379243087955e-06,2025-07-10 22:13:41.633710,2025-07-10 22:14:10.699458,0 days 00:00:29.065748,identity,prod,16,0.006049355825734701,3,gaussian,False,0.00016482073728330208,COMPLETE
247,4.596653980115661e-06,2025-07-10 22:14:10.700111,2025-07-10 22:14:39.715723,0 days 00:00:29.015612,identity,prod,16,0.006791543208432263,3,gaussian,False,0.00016659848164693399,COMPLETE
248,3.9664405449002516e-06,2025-07-10 22:14:39.716368,2025-07-10 22:15:08.720517,0 days 00:00:29.004149,identity,prod,16,0.007150349502895694,3,gaussian,False,0.00017305266644405967,COMPLETE
249,4.052222266182071e-06,2025-07-10 22:15:08.721172,2025-07-10 22:15:24.722665,0 days 00:00:16.001493,identity,min,32,0.006342962865781178,3,gaussian,False,1.4872320948583766e-05,COMPLETE
250,0.005040657240897417,2025-07-10 22:15:24.723253,2025-07-10 22:15:30.534023,0 days 00:00:05.810770,identity,prod,128,0.00905882521156377,3,gaussian,False,0.0001517480545380765,COMPLETE
251,9.930829401127994e-05,2025-07-10 22:15:30.534431,2025-07-10 22:16:06.348221,0 days 00:00:35.813790,identity,prod,16,0.005821961540269706,5,bell,False,0.00019040338839685132,COMPLETE
252,0.16707636415958405,2025-07-10 22:16:06.348889,2025-07-10 22:16:16.158703,0 days 00:00:09.809814,identity,prod,64,0.009939663537118858,4,gaussian,False,1.299879117956515e-05,COMPLETE
253,8.108031033771113e-05,2025-07-10 22:16:16.159128,2025-07-10 22:16:45.408043,0 days 00:00:29.248915,identity,prod,16,0.007239885786143526,3,gaussian,True,0.0002490472373255495,COMPLETE
254,1.3225219249725342,2025-07-10 22:16:45.408697,2025-07-10 22:17:14.934887,0 days 00:00:29.526190,relu,prod,16,0.0011713581339000678,3,gaussian,False,0.00019974013217110352,COMPLETE
255,4.209130565868691e-06,2025-07-10 22:17:14.935534,2025-07-10 22:17:44.050272,0 days 00:00:29.114738,identity,prod,16,0.008586617760600563,3,gaussian,False,1.1089141804479107e-05,COMPLETE
256,4.536755568551598e-06,2025-07-10 22:17:44.050964,2025-07-10 22:17:53.461856,0 days 00:00:09.410892,relu,prod,64,0.006606534248963494,3,gaussian,False,0.00012945570317786874,COMPLETE
257,3.915235538443085e-06,2025-07-10 22:17:53.462260,2025-07-10 22:18:22.502378,0 days 00:00:29.040118,identity,prod,16,0.007747790845079644,3,gaussian,False,0.0001746349644191595,COMPLETE
258,4.2634874262148514e-06,2025-07-10 22:18:22.503047,2025-07-10 22:18:51.569969,0 days 00:00:29.066922,identity,prod,16,0.007992049276699312,3,gaussian,False,6.937841312237513e-05,COMPLETE
259,4.142096713621868e-06,2025-07-10 22:18:51.570638,2025-07-10 22:19:08.039982,0 days 00:00:16.469344,relu,prod,32,0.009079837408836049,3,gaussian,False,0.00017905969207172403,COMPLETE
260,5.097243047202937e-06,2025-07-10 22:19:08.040631,2025-07-10 22:19:37.062951,0 days 00:00:29.022320,identity,prod,16,0.00528476210054235,3,gaussian,False,0.00021681376160655102,COMPLETE
261,0.02516915276646614,2025-07-10 22:19:37.063616,2025-07-10 22:20:11.450170,0 days 00:00:34.386554,relu,prod,16,0.007503950307024524,4,bell,False,1.6843079028562196e-05,COMPLETE
262,6.379214937624056e-06,2025-07-10 22:20:11.450828,2025-07-10 22:20:20.736178,0 days 00:00:09.285350,identity,prod,64,0.008530196892437525,3,gaussian,False,0.00017555283263287914,COMPLETE
263,4.146436822338728e-06,2025-07-10 22:20:20.736596,2025-07-10 22:20:49.048563,0 days 00:00:28.311967,relu,prod,16,0.00660872773832955,3,sigmoid,False,0.00019928098508124363,COMPLETE
264,0.0004926270339637995,2025-07-10 22:20:49.049239,2025-07-10 22:21:18.297357,0 days 00:00:29.248118,identity,prod,16,0.009896663856360862,3,gaussian,True,0.00015298416694013058,COMPLETE
265,4.019635980512248e-06,2025-07-10 22:21:18.298024,2025-07-10 22:21:47.720158,0 days 00:00:29.422134,relu,prod,16,0.007901983594591466,3,gaussian,False,0.00022499951344807204,COMPLETE
266,5.7993306654680055e-06,2025-07-10 22:21:47.720844,2025-07-10 22:22:18.531221,0 days 00:00:30.810377,identity,prod,16,0.005951295095633742,4,gaussian,False,0.00026437120128541884,COMPLETE
267,4.1977118598879315e-06,2025-07-10 22:22:18.531877,2025-07-10 22:22:34.840632,0 days 00:00:16.308755,identity,prod,32,0.009088162518626633,3,gaussian,False,1.4216644635883382e-05,COMPLETE
268,4.145369530306198e-06,2025-07-10 22:22:34.841280,2025-07-10 22:22:44.085330,0 days 00:00:09.244050,relu,min,64,0.007265306508925532,3,gaussian,False,0.00014018116383224054,COMPLETE
269,4.444533260539174e-06,2025-07-10 22:22:44.085900,2025-07-10 22:23:21.779253,0 days 00:00:37.693353,identity,prod,16,0.00840171781958346,8,gaussian,False,0.00018083449583117912,COMPLETE
270,3.684796865854878e-06,2025-07-10 22:23:21.779765,2025-07-10 22:23:58.097538,0 days 00:00:36.317773,relu,prod,16,0.0026128701975689822,7,gaussian,False,1.5872803543030064e-05,COMPLETE
271,4.017293395008892e-05,2025-07-10 22:23:58.098211,2025-07-10 22:24:34.729815,0 days 00:00:36.631604,identity,prod,16,0.0028570999425179813,8,sigmoid,False,1.5734485567125918e-05,COMPLETE
272,1.3225219249725342,2025-07-10 22:24:34.730481,2025-07-10 22:25:11.045198,0 days 00:00:36.314717,relu,prod,16,0.00999903759299296,7,gaussian,False,1.719508967827194e-05,COMPLETE
273,2.025835965469014e-05,2025-07-10 22:25:11.045865,2025-07-10 22:25:23.250123,0 days 00:00:12.204258,identity,prod,64,0.00647664589465228,9,gaussian,False,1.8406113870955257e-05,COMPLETE
274,8.629946933069732e-06,2025-07-10 22:25:23.250757,2025-07-10 22:25:57.929984,0 days 00:00:34.679227,relu,prod,16,0.003986964905609149,6,gaussian,False,1.2218248535076897e-05,COMPLETE
275,6.111642505857162e-06,2025-07-10 22:25:57.930664,2025-07-10 22:26:37.300543,0 days 00:00:39.369879,identity,prod,16,0.005242920862825986,7,bell,False,1.3994011339275893e-05,COMPLETE
276,0.0025395674165338278,2025-07-10 22:26:37.301205,2025-07-10 22:26:44.682601,0 days 00:00:07.381396,identity,prod,128,0.0024423871945143207,9,gaussian,True,1.521661733458977e-05,COMPLETE
277,4.094580617675092e-06,2025-07-10 22:26:44.683230,2025-07-10 22:27:17.611979,0 days 00:00:32.928749,relu,prod,16,0.007899530714285417,5,gaussian,False,1.3075494477047046e-05,COMPLETE
278,4.064484073751373e-06,2025-07-10 22:27:17.612666,2025-07-10 22:27:33.948529,0 days 00:00:16.335863,identity,prod,32,0.008910754634683047,3,gaussian,False,0.00020187679682905768,COMPLETE
279,inf,2025-07-10 22:27:33.949189,2025-07-10 22:28:12.237623,0 days 00:00:38.288434,relu,prod,16,0.006877417137903627,8,gaussian,False,1.0909841255055592e-05,COMPLETE
280,3.4131826396333054e-05,2025-07-10 22:28:12.238289,2025-07-10 22:28:21.229735,0 days 00:00:08.991446,identity,prod,64,0.006154872421391519,3,sigmoid,False,0.000111084212457665,COMPLETE
281,0.0096103735268116,2025-07-10 22:28:21.230176,2025-07-10 22:28:50.707927,0 days 00:00:29.477751,relu,prod,16,0.00010744107151221281,3,gaussian,False,0.0002486086598631309,COMPLETE
282,3.994066446466604e-06,2025-07-10 22:28:50.708587,2025-07-10 22:29:19.811755,0 days 00:00:29.103168,identity,prod,16,0.004270060759661988,3,gaussian,False,9.064102733776511e-05,COMPLETE
283,4.743576027976815e-06,2025-07-10 22:29:19.812436,2025-07-10 22:29:48.964601,0 days 00:00:29.152165,identity,prod,16,0.0033563562580562426,3,gaussian,False,1.5471631029115793e-05,COMPLETE
284,4.116735908610281e-06,2025-07-10 22:29:48.965260,2025-07-10 22:30:18.515815,0 days 00:00:29.550555,relu,prod,16,0.007730771652942722,3,gaussian,False,1.955240558000739e-05,COMPLETE
285,0.00013299506099428982,2025-07-10 22:30:18.516484,2025-07-10 22:30:27.844321,0 days 00:00:09.327837,identity,prod,64,0.0056419490572382405,3,gaussian,False,5.4931796810764864e-05,COMPLETE
286,4.113448994758073e-06,2025-07-10 22:30:27.844955,2025-07-10 22:30:57.370559,0 days 00:00:29.525604,relu,prod,16,0.008503644759368574,3,gaussian,False,0.00023449694853042892,COMPLETE
287,0.008741658180952072,2025-07-10 22:30:57.371224,2025-07-10 22:31:15.150727,0 days 00:00:17.779503,identity,min,32,0.007082782133376632,3,bell,True,0.00016119577028842147,COMPLETE
288,4.374491709313588e-06,2025-07-10 22:31:15.151327,2025-07-10 22:31:46.070510,0 days 00:00:30.919183,identity,prod,16,0.002262564455057633,4,gaussian,False,4.073469969632163e-05,COMPLETE
289,4.212417024973547e-06,2025-07-10 22:31:46.071181,2025-07-10 22:32:14.432718,0 days 00:00:28.361537,relu,prod,16,0.009258903596854016,3,sigmoid,False,0.00018879207847374008,COMPLETE
290,4.149758296989603e-06,2025-07-10 22:32:14.433229,2025-07-10 22:32:43.555806,0 days 00:00:29.122577,identity,prod,16,0.007531590842038415,3,gaussian,False,1.201640639651323e-05,COMPLETE
291,0.00012213816808070987,2025-07-10 22:32:43.556485,2025-07-10 22:32:54.880939,0 days 00:00:11.324454,relu,prod,64,0.006569569569991739,7,gaussian,False,0.00020608339197847328,COMPLETE
292,4.277143489161972e-06,2025-07-10 22:32:54.881360,2025-07-10 22:33:32.484441,0 days 00:00:37.603081,identity,prod,16,0.008273423643681336,8,gaussian,False,0.0003057661620762558,COMPLETE
293,4.266696123522706e-06,2025-07-10 22:33:32.485140,2025-07-10 22:34:11.868856,0 days 00:00:39.383716,identity,prod,16,0.004615679121484096,9,gaussian,False,0.0001680861588318564,COMPLETE
294,2.529051198507659e-05,2025-07-10 22:34:11.869535,2025-07-10 22:34:41.412394,0 days 00:00:29.542859,relu,prod,16,0.003670215516903349,3,gaussian,False,0.00015062945830285842,COMPLETE
295,4.165694917901419e-06,2025-07-10 22:34:41.413081,2025-07-10 22:34:58.660669,0 days 00:00:17.247588,identity,prod,32,0.009227914479225026,4,gaussian,False,1.3591316700794205e-05,COMPLETE
296,1.3225219249725342,2025-07-10 22:34:58.661328,2025-07-10 22:35:28.170641,0 days 00:00:29.509313,relu,prod,16,0.006112515574440046,3,gaussian,False,0.00018865641300903376,COMPLETE
297,5.612657787423814e-06,2025-07-10 22:35:28.171321,2025-07-10 22:35:36.663382,0 days 00:00:08.492061,identity,prod,64,0.006956127689890736,2,sigmoid,False,0.00014057827182800838,COMPLETE
298,4.1933217289624736e-06,2025-07-10 22:35:36.663823,2025-07-10 22:36:06.154661,0 days 00:00:29.490838,relu,prod,16,0.00785106394597984,3,gaussian,False,1.7263821289002895e-05,COMPLETE
299,0.0019584044348448515,2025-07-10 22:36:06.155334,2025-07-10 22:36:38.825967,0 days 00:00:32.670633,identity,prod,16,0.0026430659496974557,5,gaussian,True,0.00021602093576849246,COMPLETE
300,0.03691977262496948,2025-07-10 22:36:38.826654,2025-07-10 22:36:46.153356,0 days 00:00:07.326702,identity,prod,128,0.008410258152151826,7,bell,False,0.0002300064718477185,COMPLETE
301,3.986185220128391e-06,2025-07-10 22:36:46.153990,2025-07-10 22:37:15.679402,0 days 00:00:29.525412,relu,prod,16,0.007374254821674524,3,gaussian,False,0.0001743206819986672,COMPLETE
302,4.040949534100946e-06,2025-07-10 22:37:15.680051,2025-07-10 22:37:44.823256,0 days 00:00:29.143205,identity,prod,16,0.009305810044151755,3,gaussian,False,1.0217541614228046e-05,COMPLETE
303,1.7285045032622293e-05,2025-07-10 22:37:44.823937,2025-07-10 22:37:54.254375,0 days 00:00:09.430438,relu,prod,64,0.00562512275906655,3,gaussian,False,1.592871466151364e-05,COMPLETE
304,0.00041978980880230665,2025-07-10 22:37:54.254815,2025-07-10 22:38:25.184594,0 days 00:00:30.929779,identity,prod,16,0.0017882633707147603,4,gaussian,False,0.00019472121131421764,COMPLETE
305,7.009367891441798e-06,2025-07-10 22:38:25.185284,2025-07-10 22:38:41.509358,0 days 00:00:16.324074,identity,prod,32,0.006644669646228361,3,gaussian,False,0.0001602528230932582,COMPLETE
306,4.80489143228624e-06,2025-07-10 22:38:41.509792,2025-07-10 22:39:09.903055,0 days 00:00:28.393263,relu,prod,16,0.008024729944806292,3,sigmoid,False,0.00013275180080845722,COMPLETE
307,0.0030353686306625605,2025-07-10 22:39:09.903748,2025-07-10 22:39:38.180061,0 days 00:00:28.276313,identity,min,16,0.0002874753864488524,3,gaussian,False,1.1944330984716381e-05,COMPLETE
308,4.6352761273738e-06,2025-07-10 22:39:38.180661,2025-07-10 22:40:07.605363,0 days 00:00:29.424702,relu,prod,16,0.0098439018280877,3,gaussian,False,0.0002090349547816737,COMPLETE
309,0.037221964448690414,2025-07-10 22:40:07.606037,2025-07-10 22:40:16.929145,0 days 00:00:09.323108,identity,prod,64,0.007334536516763069,3,gaussian,False,2.0752613093051693e-05,COMPLETE
310,7.67676374380244e-06,2025-07-10 22:40:16.929572,2025-07-10 22:40:44.397232,0 days 00:00:27.467660,identity,prod,16,0.008900409364547194,2,gaussian,True,1.4346980289056202e-05,COMPLETE
311,4.055189037899254e-06,2025-07-10 22:40:44.397905,2025-07-10 22:41:13.860918,0 days 00:00:29.463013,relu,prod,16,0.006414101662484001,3,gaussian,False,0.00017890963781818958,COMPLETE
312,3.844405000563711e-06,2025-07-10 22:41:13.861595,2025-07-10 22:41:47.958526,0 days 00:00:34.096931,identity,prod,16,0.00835095431188053,6,gaussian,False,0.00012074230961321314,COMPLETE
313,4.234671450831229e-06,2025-07-10 22:41:47.959213,2025-07-10 22:42:25.942894,0 days 00:00:37.983681,relu,prod,16,0.008572688136339997,6,bell,False,0.00012164712181347547,COMPLETE
314,0.00017824537644628435,2025-07-10 22:42:25.943577,2025-07-10 22:42:36.741324,0 days 00:00:10.797747,identity,prod,64,0.009921403201604177,6,gaussian,False,0.00011799449744269163,COMPLETE
315,4.3145832933078054e-06,2025-07-10 22:42:36.741749,2025-07-10 22:42:56.238158,0 days 00:00:19.496409,identity,prod,32,0.008031177379137644,7,sigmoid,False,0.00011153036707134488,COMPLETE
316,4.091441496711923e-06,2025-07-10 22:42:56.238807,2025-07-10 22:43:32.515883,0 days 00:00:36.277076,relu,prod,16,0.008787696994238026,7,gaussian,False,0.00013899832282004203,COMPLETE
317,2.9432489100145176e-05,2025-07-10 22:43:32.516583,2025-07-10 22:44:04.943635,0 days 00:00:32.427052,identity,prod,16,0.0019999231046716414,5,gaussian,False,0.0001474457907879553,COMPLETE
318,4.108215762244072e-06,2025-07-10 22:44:04.944353,2025-07-10 22:44:42.666459,0 days 00:00:37.722106,relu,prod,16,0.007551974457331665,8,gaussian,False,0.0001282859848855061,COMPLETE
319,3.5677163396030664e-05,2025-07-10 22:44:42.667136,2025-07-10 22:45:17.049555,0 days 00:00:34.382419,identity,prod,16,0.003118062647450996,6,gaussian,False,0.00027341712964651155,COMPLETE
320,2.6020599761977792e-05,2025-07-10 22:45:17.050655,2025-07-10 22:45:25.892592,0 days 00:00:08.841937,identity,prod,64,0.008350030389401158,2,gaussian,False,1.2379324806824216e-05,COMPLETE
321,1.734945544740185e-05,2025-07-10 22:45:25.893247,2025-07-10 22:45:58.825652,0 days 00:00:32.932405,relu,prod,16,0.009119307429319821,5,gaussian,False,0.0004119916171310256,COMPLETE
322,4.6898089749447536e-06,2025-07-10 22:45:58.826326,2025-07-10 22:46:27.967828,0 days 00:00:29.141502,identity,prod,16,0.0009579067976013092,3,gaussian,False,0.00010577390510561706,COMPLETE
323,4.139812517678365e-06,2025-07-10 22:46:27.968519,2025-07-10 22:46:43.987410,0 days 00:00:16.018891,relu,prod,32,0.007518175565294646,3,sigmoid,True,0.00015776267673805515,COMPLETE
324,0.00900778453797102,2025-07-10 22:46:43.988079,2025-07-10 22:46:49.797420,0 days 00:00:05.809341,identity,prod,128,0.004869613229780784,3,gaussian,False,0.000606794560971961,COMPLETE
325,1.2240982869116124e-05,2025-07-10 22:46:49.797853,2025-07-10 22:47:19.264974,0 days 00:00:29.467121,relu,prod,16,0.00696364243961436,3,gaussian,False,1.0987038241748005e-05,COMPLETE
326,4.6517106966348365e-06,2025-07-10 22:47:19.265658,2025-07-10 22:47:55.077934,0 days 00:00:35.812276,identity,min,16,0.005901908808296681,6,bell,False,1.82823729444409e-05,COMPLETE
327,1.4351090612763073e-05,2025-07-10 22:47:55.078639,2025-07-10 22:48:04.904249,0 days 00:00:09.825610,identity,prod,64,0.008361637472161957,4,gaussian,False,1.3281856425340708e-05,COMPLETE
328,3.9282263060158584e-06,2025-07-10 22:48:04.904827,2025-07-10 22:48:32.687080,0 days 00:00:27.782253,relu,prod,16,0.009971885387250632,2,gaussian,False,0.00023606057547397326,COMPLETE
329,4.158517185715027e-06,2025-07-10 22:48:32.687618,2025-07-10 22:49:01.797556,0 days 00:00:29.109938,identity,prod,16,0.007731714523834916,3,gaussian,False,0.00014662351088805668,COMPLETE
330,4.671582701121224e-06,2025-07-10 22:49:01.798245,2025-07-10 22:49:31.276244,0 days 00:00:29.477999,relu,prod,16,0.006785507103045387,3,gaussian,False,0.00048117318778829744,COMPLETE
331,0.20568184554576874,2025-07-10 22:49:31.276959,2025-07-10 22:49:43.404088,0 days 00:00:12.127129,identity,prod,64,0.006262589169799537,9,gaussian,False,1.5067011280474085e-05,COMPLETE
332,4.182883003522875e-06,2025-07-10 22:49:43.404514,2025-07-10 22:50:20.121016,0 days 00:00:36.716502,identity,prod,16,0.009080136897482445,8,sigmoid,False,0.00016930495296243114,COMPLETE
333,8.267785597126931e-05,2025-07-10 22:50:20.121687,2025-07-10 22:50:56.630622,0 days 00:00:36.508935,relu,prod,16,0.00792930232644415,7,gaussian,True,1.6421350212553267e-05,COMPLETE
334,4.0891995922720525e-06,2025-07-10 22:50:56.631322,2025-07-10 22:51:12.936737,0 days 00:00:16.305415,identity,prod,32,0.006939078733176105,3,gaussian,False,9.575522481406635e-05,COMPLETE
335,4.154859652771847e-06,2025-07-10 22:51:12.937416,2025-07-10 22:51:42.473166,0 days 00:00:29.535750,relu,prod,16,0.0053973218138470645,3,gaussian,False,0.0002522330069628956,COMPLETE
336,4.138942585996119e-06,2025-07-10 22:51:42.473867,2025-07-10 22:52:11.683736,0 days 00:00:29.209869,identity,prod,16,0.008648644492964782,3,gaussian,False,0.00020780829322788295,COMPLETE
337,0.00011331499263178557,2025-07-10 22:52:11.684435,2025-07-10 22:52:21.495426,0 days 00:00:09.810991,identity,prod,64,0.007407812526245944,4,gaussian,False,0.0001923393281912224,COMPLETE
338,4.761206582770683e-06,2025-07-10 22:52:21.495862,2025-07-10 22:52:54.207495,0 days 00:00:32.711633,relu,prod,16,0.006155911257999875,3,bell,False,0.00013091108932673662,COMPLETE
339,4.1461876207904425e-06,2025-07-10 22:52:54.208204,2025-07-10 22:53:23.316930,0 days 00:00:29.108726,identity,prod,16,0.009165499116204633,3,gaussian,False,0.00016244433705821316,COMPLETE
340,4.234610059938859e-06,2025-07-10 22:53:23.317620,2025-07-10 22:53:52.947788,0 days 00:00:29.630168,relu,prod,16,0.007991199150735056,3,gaussian,False,1.136080600658712e-05,COMPLETE
341,4.4336652536003385e-06,2025-07-10 22:53:52.948499,2025-07-10 22:54:22.115288,0 days 00:00:29.166789,identity,prod,16,0.007152527736672186,3,gaussian,False,1.3518403198039756e-05,COMPLETE
342,4.14825899497373e-06,2025-07-10 22:54:22.115973,2025-07-10 22:54:37.841697,0 days 00:00:15.725724,identity,prod,32,0.00831796041062182,3,sigmoid,False,0.00014372504951469024,COMPLETE
343,0.002334382850676775,2025-07-10 22:54:37.842365,2025-07-10 22:54:49.619369,0 days 00:00:11.777004,relu,prod,64,0.006428310500653698,8,gaussian,False,0.00018566672490013988,COMPLETE
344,1.6629233869025484e-05,2025-07-10 22:54:49.620049,2025-07-10 22:55:18.951720,0 days 00:00:29.331671,identity,prod,16,0.009149526193567396,3,gaussian,True,0.00022224062069771083,COMPLETE
345,4.252855887898477e-06,2025-07-10 22:55:18.952404,2025-07-10 22:55:50.196007,0 days 00:00:31.243603,relu,prod,16,0.007491982900037147,4,gaussian,False,0.00020377585361218753,COMPLETE
346,3.838179964077426e-06,2025-07-10 22:55:50.196707,2025-07-10 22:56:19.316017,0 days 00:00:29.119310,identity,prod,16,0.009875462197373275,3,gaussian,False,0.000170740977038951,COMPLETE
347,4.079201971762814e-06,2025-07-10 22:56:19.316699,2025-07-10 22:56:46.798109,0 days 00:00:27.481410,identity,prod,16,0.009713611571087239,2,gaussian,False,0.00015744334245620007,COMPLETE
348,6.9681759669038e-06,2025-07-10 22:56:46.798793,2025-07-10 22:56:56.027888,0 days 00:00:09.229095,relu,min,64,0.009947259932392828,3,gaussian,False,0.00017242130703737233,COMPLETE
349,8.883361442713067e-05,2025-07-10 22:56:56.028356,2025-07-10 22:57:01.846273,0 days 00:00:05.817917,identity,prod,128,0.008806023291960102,3,gaussian,False,0.00014996619569450085,COMPLETE
350,4.8270958359353244e-06,2025-07-10 22:57:01.846692,2025-07-10 22:57:30.231343,0 days 00:00:28.384651,relu,prod,16,0.009907093152959809,3,sigmoid,False,0.00013824506668528067,COMPLETE
351,3.6916710541845532e-06,2025-07-10 22:57:30.232043,2025-07-10 22:58:09.497672,0 days 00:00:39.265629,identity,prod,16,0.008774198697304237,9,gaussian,False,0.00017060811268704496,COMPLETE
352,0.002950673457235098,2025-07-10 22:58:09.498372,2025-07-10 22:58:52.488046,0 days 00:00:42.989674,identity,prod,16,0.008893690699763276,9,bell,False,0.00012548220938573496,COMPLETE
353,5.668027370120399e-06,2025-07-10 22:58:52.488752,2025-07-10 22:59:14.537084,0 days 00:00:22.048332,relu,prod,32,0.008570866381274222,9,gaussian,False,1.2678806750204392e-05,COMPLETE
354,4.5710676204180345e-06,2025-07-10 22:59:14.538080,2025-07-10 22:59:53.823545,0 days 00:00:39.285465,identity,prod,16,0.00902867514926423,9,gaussian,False,6.277900076336289e-05,COMPLETE
355,6.133851275080815e-05,2025-07-10 22:59:53.824237,2025-07-10 23:00:06.092841,0 days 00:00:12.268604,relu,prod,64,0.009967428406595744,9,gaussian,False,1.4686848050911979e-05,COMPLETE
356,0.0010352474637329578,2025-07-10 23:00:06.093531,2025-07-10 23:00:45.568222,0 days 00:00:39.474691,identity,prod,16,0.008170280338926807,9,gaussian,True,1.704602609572492e-05,COMPLETE
357,9.417565888725221e-05,2025-07-10 23:00:45.568914,2025-07-10 23:01:25.201602,0 days 00:00:39.632688,identity,prod,16,0.0007543544079869044,9,gaussian,False,2.3102092339025173e-05,COMPLETE
358,4.135655217396561e-06,2025-07-10 23:01:25.202297,2025-07-10 23:02:04.912568,0 days 00:00:39.710271,relu,prod,16,0.009245985211204552,9,gaussian,False,5.0354915537325015e-05,COMPLETE
359,4.442667432158487e-06,2025-07-10 23:02:04.913263,2025-07-10 23:02:36.478062,0 days 00:00:31.564799,identity,prod,16,0.008060712538206966,5,sigmoid,False,0.00016031248952855486,COMPLETE
360,0.236972376704216,2025-07-10 23:02:36.479096,2025-07-10 23:02:46.437017,0 days 00:00:09.957921,relu,prod,64,0.006847968876489381,4,gaussian,False,1.0015351069127294e-05,COMPLETE
361,0.00017419828509446234,2025-07-10 23:02:46.437692,2025-07-10 23:03:13.905836,0 days 00:00:27.468144,identity,prod,16,0.00016170194639281572,2,gaussian,False,0.00018548689080443445,COMPLETE
362,0.0016058539040386677,2025-07-10 23:03:13.906514,2025-07-10 23:03:33.048087,0 days 00:00:19.141573,identity,prod,32,0.0016071486826352245,6,gaussian,False,0.0001709740333120395,COMPLETE
363,4.0520103539165575e-06,2025-07-10 23:03:33.048772,2025-07-10 23:04:02.614481,0 days 00:00:29.565709,relu,prod,16,0.005842475398386679,3,gaussian,False,1.1744021234145713e-05,COMPLETE
364,0.00043182706576772034,2025-07-10 23:04:02.615184,2025-07-10 23:04:45.650695,0 days 00:00:43.035511,identity,prod,16,0.008450370390138498,9,bell,False,1.8833391732678414e-05,COMPLETE
365,3.805025926340022e-06,2025-07-10 23:04:45.651419,2025-07-10 23:05:20.237841,0 days 00:00:34.586422,relu,min,16,0.009953637944628963,7,gaussian,False,0.00015133133285580094,COMPLETE
366,4.162984623690136e-06,2025-07-10 23:05:20.238821,2025-07-10 23:05:54.944869,0 days 00:00:34.706048,relu,min,16,0.009909998879130816,7,gaussian,False,0.00013388062287722556,COMPLETE
367,0.00035345146898180246,2025-07-10 23:05:54.945603,2025-07-10 23:06:05.882280,0 days 00:00:10.936677,relu,min,64,0.009297324908234463,7,gaussian,False,0.0001455446714947132,COMPLETE
368,4.137027644901536e-06,2025-07-10 23:06:05.882795,2025-07-10 23:06:39.720533,0 days 00:00:33.837738,relu,prod,16,0.009927013541362995,6,sigmoid,True,0.00012095104468578058,COMPLETE
369,4.521485152508831e-06,2025-07-10 23:06:39.721158,2025-07-10 23:07:15.980364,0 days 00:00:36.259206,relu,min,16,0.009096397297151696,8,gaussian,False,3.0017859816653955e-05,COMPLETE
370,4.656926194002153e-06,2025-07-10 23:07:15.981066,2025-07-10 23:07:52.132754,0 days 00:00:36.151688,relu,min,16,0.008528227278660377,8,gaussian,False,1.539276722366337e-05,COMPLETE
371,4.009081749245524e-06,2025-07-10 23:07:52.133466,2025-07-10 23:08:11.674792,0 days 00:00:19.541326,relu,min,32,0.008060023581015933,7,gaussian,False,0.00019641430233688503,COMPLETE
372,4.0780691961117554e-06,2025-07-10 23:08:11.675316,2025-07-10 23:08:46.239470,0 days 00:00:34.564154,relu,min,16,0.00997656132694222,7,gaussian,False,0.0001593218650954079,COMPLETE
373,0.0001749442017171532,2025-07-10 23:08:46.240171,2025-07-10 23:08:55.877767,0 days 00:00:09.637596,relu,min,64,0.008954514248821084,4,gaussian,False,0.00018328378925720347,COMPLETE
374,0.4043927490711212,2025-07-10 23:08:55.878219,2025-07-10 23:09:02.379323,0 days 00:00:06.501104,relu,min,128,0.007629750037134322,6,gaussian,False,1.3512746719007622e-05,COMPLETE
375,3.88738817491685e-06,2025-07-10 23:09:02.379755,2025-07-10 23:09:40.424960,0 days 00:00:38.045205,relu,prod,16,0.005119735588325585,8,gaussian,False,0.00014890012740154075,COMPLETE
376,0.11915706843137741,2025-07-10 23:09:40.425686,2025-07-10 23:10:20.288403,0 days 00:00:39.862717,relu,prod,16,0.008450651348641564,7,bell,False,0.00017396110222671953,COMPLETE
377,6.18506055616308e-06,2025-07-10 23:10:20.289111,2025-07-10 23:10:59.231836,0 days 00:00:38.942725,relu,prod,16,0.006754572747888472,9,sigmoid,False,0.00023605056919709112,COMPLETE
378,0.0013160697417333722,2025-07-10 23:10:59.232572,2025-07-10 23:11:09.672547,0 days 00:00:10.439975,relu,prod,64,0.009202322317492212,5,gaussian,False,0.00010435635612406038,COMPLETE
379,4.049413746542996e-06,2025-07-10 23:11:09.673235,2025-07-10 23:11:38.859954,0 days 00:00:29.186719,identity,prod,16,0.007614369740267406,3,gaussian,False,1.0831864807474061e-05,COMPLETE
380,0.00020631906227208674,2025-07-10 23:11:38.860648,2025-07-10 23:12:08.601952,0 days 00:00:29.741304,relu,prod,16,0.00393755794541957,3,gaussian,True,1.6550819486629874e-05,COMPLETE
381,9.344552381662652e-06,2025-07-10 23:12:08.602669,2025-07-10 23:12:24.975300,0 days 00:00:16.372631,identity,prod,32,0.006492000872158928,3,gaussian,False,0.0002036148701579883,COMPLETE
382,3.88465878131683e-06,2025-07-10 23:12:24.975985,2025-07-10 23:12:52.472736,0 days 00:00:27.496751,identity,prod,16,0.008212065280312124,2,gaussian,False,0.00018941921551727977,COMPLETE
383,0.0010649830801412463,2025-07-10 23:12:52.473454,2025-07-10 23:13:22.155441,0 days 00:00:29.681987,relu,prod,16,0.0012982794644986683,3,gaussian,False,2.0811757014678537e-05,COMPLETE
384,0.07717171311378479,2025-07-10 23:13:22.156144,2025-07-10 23:13:32.962290,0 days 00:00:10.806146,identity,prod,64,0.009963456653542944,6,gaussian,False,1.2632027895309708e-05,COMPLETE
385,7.100970833562315e-05,2025-07-10 23:13:32.962960,2025-07-10 23:14:00.452666,0 days 00:00:27.489706,relu,min,16,0.0006479740817323383,3,sigmoid,False,1.4568371289693403e-05,COMPLETE
386,4.328690920374356e-06,2025-07-10 23:14:00.453322,2025-07-10 23:14:29.684537,0 days 00:00:29.231215,identity,prod,16,0.007093090987161289,3,gaussian,False,0.00013281389540988701,COMPLETE
387,4.120588528166991e-06,2025-07-10 23:14:29.685238,2025-07-10 23:14:59.276720,0 days 00:00:29.591482,relu,prod,16,0.00908529471653879,3,gaussian,False,0.00021938821818138032,COMPLETE
388,5.542983672057744e-06,2025-07-10 23:14:59.277249,2025-07-10 23:15:28.461591,0 days 00:00:29.184342,identity,prod,16,0.007614213420110277,3,gaussian,False,0.00016744044281891506,COMPLETE
389,0.013686957769095898,2025-07-10 23:15:28.462307,2025-07-10 23:15:41.626949,0 days 00:00:13.164642,identity,prod,64,0.005609075268857827,9,bell,False,0.00026478107078195225,COMPLETE
390,3.1160783692030236e-05,2025-07-10 23:15:41.627404,2025-07-10 23:15:59.134248,0 days 00:00:17.506844,relu,prod,32,0.004473739532694372,4,gaussian,False,2.6294641801441066e-05,COMPLETE
391,0.00010035890591097996,2025-07-10 23:15:59.134946,2025-07-10 23:16:28.384234,0 days 00:00:29.249288,identity,prod,16,0.00835268367330817,3,gaussian,True,0.00014934677388561628,COMPLETE
392,4.341284238762455e-06,2025-07-10 23:16:28.384957,2025-07-10 23:17:06.407501,0 days 00:00:38.022544,relu,prod,16,0.006348747038231612,8,gaussian,False,8.177173627623562e-05,COMPLETE
393,4.173034540144727e-06,2025-07-10 23:17:06.408206,2025-07-10 23:17:33.899544,0 days 00:00:27.491338,identity,prod,16,0.007094497918698674,2,gaussian,False,1.1699477672915297e-05,COMPLETE
394,4.188865204923786e-06,2025-07-10 23:17:33.900256,2025-07-10 23:18:02.369320,0 days 00:00:28.469064,relu,prod,16,0.009047853709849193,3,sigmoid,False,0.00016850204835531021,COMPLETE
395,0.002279063919559121,2025-07-10 23:18:02.370044,2025-07-10 23:18:12.700363,0 days 00:00:10.330319,identity,prod,64,0.0004774894748433007,5,gaussian,False,0.00019177815558821243,COMPLETE
396,3.907709924533265e-06,2025-07-10 23:18:12.701068,2025-07-10 23:18:41.951569,0 days 00:00:29.250501,identity,prod,16,0.007954627983620857,3,gaussian,False,0.00011850240974582872,COMPLETE
397,3.7341087590903044e-06,2025-07-10 23:18:41.952276,2025-07-10 23:19:11.592778,0 days 00:00:29.640502,relu,prod,16,0.005820818224892963,3,gaussian,False,3.679491683475649e-05,COMPLETE
398,0.06706380844116211,2025-07-10 23:19:11.593494,2025-07-10 23:19:17.466722,0 days 00:00:05.873228,relu,prod,128,0.005850436955749857,3,gaussian,False,3.516341143990592e-05,COMPLETE
399,3.898652721545659e-06,2025-07-10 23:19:17.467183,2025-07-10 23:19:46.708331,0 days 00:00:29.241148,identity,prod,16,0.005075068378228003,3,gaussian,False,1.8417478713508426e-05,COMPLETE
400,1.3225219249725342,2025-07-10 23:19:46.709042,2025-07-10 23:20:02.950023,0 days 00:00:16.240981,relu,min,32,0.0061168260710585416,3,gaussian,False,1.617230138255027e-05,COMPLETE
401,5.975323801976629e-06,2025-07-10 23:20:02.950481,2025-07-10 23:20:39.058125,0 days 00:00:36.107644,identity,prod,16,0.006764935708036544,7,gaussian,False,4.130679156957873e-05,COMPLETE
402,9.914069232763723e-05,2025-07-10 23:20:39.058863,2025-07-10 23:21:11.385923,0 days 00:00:32.327060,identity,prod,16,0.003562638780513787,3,bell,False,5.019935116410336e-05,COMPLETE
403,1.3225219249725342,2025-07-10 23:21:11.386646,2025-07-10 23:21:20.436761,0 days 00:00:09.050115,relu,prod,64,0.005496329229688749,2,gaussian,True,1.3214120873722484e-05,COMPLETE
404,4.134566097491188e-06,2025-07-10 23:21:20.437210,2025-07-10 23:21:58.916278,0 days 00:00:38.479068,identity,prod,16,0.009210322012990373,9,sigmoid,False,0.0001327075118930986,COMPLETE
405,4.036195150547428e-06,2025-07-10 23:21:58.917003,2025-07-10 23:22:30.139752,0 days 00:00:31.222749,relu,prod,16,0.00857617110884371,4,gaussian,False,1.3905339330055242e-05,COMPLETE
406,4.3194027057325e-06,2025-07-10 23:22:30.140500,2025-07-10 23:22:59.401684,0 days 00:00:29.261184,identity,prod,16,0.006148264517923942,3,gaussian,False,3.299796204030373e-05,COMPLETE
407,1.3225219249725342,2025-07-10 23:22:59.402385,2025-07-10 23:23:10.274008,0 days 00:00:10.871623,relu,prod,64,0.009897668564862197,6,gaussian,False,2.2197379148162533e-05,COMPLETE
408,4.244586762069957e-06,2025-07-10 23:23:10.274690,2025-07-10 23:23:39.438580,0 days 00:00:29.163890,identity,prod,16,0.007498437771166802,3,gaussian,False,1.0841054034657543e-05,COMPLETE
409,4.2998576645914e-06,2025-07-10 23:23:39.439315,2025-07-10 23:23:55.984156,0 days 00:00:16.544841,relu,prod,32,0.009992343237201851,3,gaussian,False,1.7781951092638312e-05,COMPLETE
410,4.0171003092837054e-06,2025-07-10 23:23:55.984851,2025-07-10 23:24:25.206446,0 days 00:00:29.221595,identity,prod,16,0.006747316920175515,3,gaussian,False,3.7226545428486155e-05,COMPLETE
411,5.103632247482892e-06,2025-07-10 23:24:25.207164,2025-07-10 23:25:03.010777,0 days 00:00:37.803613,identity,prod,16,0.008285123279422976,8,gaussian,False,0.0001548919816740273,COMPLETE
412,3.7777515444759047e-06,2025-07-10 23:25:03.011490,2025-07-10 23:25:30.453344,0 days 00:00:27.441854,relu,min,16,0.0077219374372657,3,sigmoid,False,1.471874375952467e-05,COMPLETE
413,4.485387307795463e-06,2025-07-10 23:25:30.454079,2025-07-10 23:25:57.872760,0 days 00:00:27.418681,relu,min,16,0.0029228221479734523,3,sigmoid,False,1.5091925192821332e-05,COMPLETE
414,0.00045172811951488256,2025-07-10 23:25:57.873421,2025-07-10 23:26:08.593882,0 days 00:00:10.720461,relu,min,64,0.00864080446437358,7,sigmoid,True,1.5961733693913406e-05,COMPLETE
415,4.388345587358344e-06,2025-07-10 23:26:08.594412,2025-07-10 23:26:34.534506,0 days 00:00:25.940094,relu,min,16,0.00800310360245722,2,sigmoid,False,1.4044852817010664e-05,COMPLETE
416,4.1670750761113595e-06,2025-07-10 23:26:34.535150,2025-07-10 23:27:02.023353,0 days 00:00:27.488203,relu,min,16,0.009296217380728701,3,sigmoid,False,1.1794441988906789e-05,COMPLETE
417,4.320816969993757e-06,2025-07-10 23:27:02.023918,2025-07-10 23:27:30.971331,0 days 00:00:28.947413,relu,min,16,0.007420835697866353,4,sigmoid,False,6.999452913452495e-05,COMPLETE
418,4.887119757768232e-06,2025-07-10 23:27:30.972061,2025-07-10 23:27:51.147430,0 days 00:00:20.175369,relu,min,32,0.008782786329230055,9,sigmoid,False,1.288747822160736e-05,COMPLETE
419,4.034176981804194e-06,2025-07-10 23:27:51.148039,2025-07-10 23:28:18.617915,0 days 00:00:27.469876,relu,min,16,0.007772346589646128,3,sigmoid,False,1.9388732176453823e-05,COMPLETE
420,4.125911800656468e-06,2025-07-10 23:28:18.618670,2025-07-10 23:28:27.562444,0 days 00:00:08.943774,relu,min,64,0.009146820762049684,3,sigmoid,False,1.5110074352459088e-05,COMPLETE
421,4.293724032322643e-06,2025-07-10 23:28:27.563060,2025-07-10 23:28:59.263659,0 days 00:00:31.700599,relu,min,16,0.007257759184425327,3,bell,False,1.7063027649901665e-05,COMPLETE
422,4.59308785139001e-06,2025-07-10 23:28:59.264251,2025-07-10 23:29:31.259721,0 days 00:00:31.995470,relu,prod,16,0.008214625632990358,5,sigmoid,False,9.623649965521146e-05,COMPLETE
423,8.29048003652133e-05,2025-07-10 23:29:31.260436,2025-07-10 23:29:37.130388,0 days 00:00:05.869952,relu,prod,128,0.00998286291755165,3,gaussian,False,1.2550934286435189e-05,COMPLETE
424,3.9944779928191565e-06,2025-07-10 23:29:37.130841,2025-07-10 23:30:06.767872,0 days 00:00:29.637031,relu,prod,16,0.006838227939325731,3,gaussian,False,2.8312768969992838e-05,COMPLETE
425,1.3225219249725342,2025-07-10 23:30:06.768609,2025-07-10 23:30:16.215712,0 days 00:00:09.447103,relu,prod,64,0.008584568991620014,3,gaussian,False,1.3577001927875957e-05,COMPLETE
426,4.134067694394616e-06,2025-07-10 23:30:16.216145,2025-07-10 23:30:51.392793,0 days 00:00:35.176648,relu,min,16,0.006160655413703739,8,sigmoid,True,4.636018065517425e-05,COMPLETE
427,9.43782288231887e-06,2025-07-10 23:30:51.393531,2025-07-10 23:31:22.657059,0 days 00:00:31.263528,relu,prod,16,0.007714255629078823,4,gaussian,False,1.5984555008647935e-05,COMPLETE
428,0.003191965166479349,2025-07-10 23:31:22.657701,2025-07-10 23:31:39.949181,0 days 00:00:17.291480,relu,prod,32,0.00477652326383243,2,bell,False,0.00014075827203296012,COMPLETE
429,5.293616140988888e-06,2025-07-10 23:31:39.949724,2025-07-10 23:32:09.148971,0 days 00:00:29.199247,identity,prod,16,0.009175053467708942,3,gaussian,False,0.00011028228951156979,COMPLETE
430,4.087020442966605e-06,2025-07-10 23:32:09.149710,2025-07-10 23:32:38.714596,0 days 00:00:29.564886,relu,prod,16,0.007157138336812134,3,gaussian,False,1.0017428838027073e-05,COMPLETE
431,0.0005698458990082145,2025-07-10 23:32:38.715330,2025-07-10 23:32:50.865327,0 days 00:00:12.149997,identity,prod,64,0.008121767396435728,9,gaussian,False,1.4317426240136596e-05,COMPLETE
432,6.523326646856731e-06,2025-07-10 23:32:50.866013,2025-07-10 23:33:19.993249,0 days 00:00:29.127236,identity,prod,16,0.005465193224181312,3,gaussian,False,0.00024137307806174687,COMPLETE
433,4.067812824359862e-06,2025-07-10 23:33:19.993987,2025-07-10 23:33:49.545605,0 days 00:00:29.551618,relu,prod,16,0.006703088037038976,3,gaussian,False,1.1682281954252773e-05,COMPLETE
434,4.1736361708899494e-06,2025-07-10 23:33:49.546345,2025-07-10 23:34:22.824903,0 days 00:00:33.278558,identity,prod,16,0.009060652068883518,6,sigmoid,False,1.7783218650910626e-05,COMPLETE
435,inf,2025-07-10 23:34:22.825634,2025-07-10 23:34:57.722643,0 days 00:00:34.897009,relu,prod,16,0.009988493098479207,6,gaussian,False,1.9822212082551412e-05,COMPLETE
436,0.0005301862838678062,2025-07-10 23:34:57.723370,2025-07-10 23:35:06.906592,0 days 00:00:09.183222,identity,min,64,0.007789411089486073,3,gaussian,False,0.00021695315219543698,COMPLETE
437,1.3225219249725342,2025-07-10 23:35:06.907232,2025-07-10 23:35:36.580934,0 days 00:00:29.673702,relu,prod,16,0.008517770935487496,3,gaussian,True,0.00012569095487146052,COMPLETE
438,3.0825718567939475e-05,2025-07-10 23:35:36.581488,2025-07-10 23:35:54.727288,0 days 00:00:18.145800,identity,prod,32,0.004284730049018415,5,gaussian,False,0.00015582407855994988,COMPLETE
439,4.184616955171805e-06,2025-07-10 23:35:54.727926,2025-07-10 23:36:24.255192,0 days 00:00:29.527266,relu,prod,16,0.0062634079441319206,3,gaussian,False,1.2220486393270236e-05,COMPLETE
440,0.00042976587428711355,2025-07-10 23:36:24.255756,2025-07-10 23:37:03.737050,0 days 00:00:39.481294,identity,prod,16,0.007377073936691746,7,bell,False,0.00014242073027315917,COMPLETE
441,1.0067156836157665e-05,2025-07-10 23:37:03.737777,2025-07-10 23:37:33.290934,0 days 00:00:29.553157,relu,prod,16,0.009125413303743338,3,gaussian,False,6.071633937567045e-05,COMPLETE
442,1.3042532373219728e-05,2025-07-10 23:37:33.291684,2025-07-10 23:37:41.828839,0 days 00:00:08.537155,identity,prod,64,0.008115878108872283,2,sigmoid,False,1.58362496982533e-05,COMPLETE
443,3.9132823985710274e-06,2025-07-10 23:37:41.829278,2025-07-10 23:38:13.101268,0 days 00:00:31.271990,relu,prod,16,0.006990833505122225,4,gaussian,False,0.0001803931373997522,COMPLETE
444,4.219060883769998e-06,2025-07-10 23:38:13.101991,2025-07-10 23:38:52.424284,0 days 00:00:39.322293,identity,prod,16,0.008588764618760828,9,gaussian,False,1.4522103298772162e-05,COMPLETE
445,4.475310106499819e-06,2025-07-10 23:38:52.425020,2025-07-10 23:39:21.104070,0 days 00:00:28.679050,relu,min,16,0.006339330220957489,3,gaussian,False,0.0002078389668444969,COMPLETE
446,8.136811629810836e-06,2025-07-10 23:39:21.104743,2025-07-10 23:39:37.503285,0 days 00:00:16.398542,identity,prod,32,0.007538074311833645,3,gaussian,False,1.0756842350826735e-05,COMPLETE
447,4.408628228702582e-06,2025-07-10 23:39:37.503834,2025-07-10 23:40:06.819714,0 days 00:00:29.315880,identity,prod,16,0.005680823797992584,3,gaussian,False,0.0003170682926546289,COMPLETE
448,0.003085413482040167,2025-07-10 23:40:06.820435,2025-07-10 23:40:13.781509,0 days 00:00:06.961074,relu,prod,128,0.009432984083520496,7,gaussian,True,0.000233862391483602,COMPLETE
449,0.016542891040444374,2025-07-10 23:40:13.781952,2025-07-10 23:40:25.236593,0 days 00:00:11.454641,identity,prod,64,0.00801881319146662,8,sigmoid,False,0.0002769389878430538,COMPLETE
450,3.897376245731721e-06,2025-07-10 23:40:25.237290,2025-07-10 23:40:56.618733,0 days 00:00:31.381443,relu,prod,16,0.00690277643278865,4,gaussian,False,0.00017431527532316382,COMPLETE
451,4.1403177419852e-06,2025-07-10 23:40:56.619476,2025-07-10 23:41:25.883052,0 days 00:00:29.263576,identity,prod,16,0.00997392457305252,3,gaussian,False,0.0001605234639855153,COMPLETE
452,4.267511485522846e-06,2025-07-10 23:41:25.883773,2025-07-10 23:41:55.587779,0 days 00:00:29.704006,relu,prod,16,0.008779804263920684,3,gaussian,False,1.2764634636522259e-05,COMPLETE
453,4.63962624053238e-06,2025-07-10 23:41:55.588519,2025-07-10 23:42:23.958352,0 days 00:00:28.369833,identity,min,16,0.007271124846807254,3,gaussian,False,7.742270352003044e-05,COMPLETE
454,1.3225219249725342,2025-07-10 23:42:23.959042,2025-07-10 23:42:33.780097,0 days 00:00:09.821055,relu,prod,64,0.0023649679874765926,2,bell,False,2.4122653801747232e-05,COMPLETE
455,5.23292010257137e-06,2025-07-10 23:42:33.780635,2025-07-10 23:43:01.855978,0 days 00:00:28.075343,identity,prod,16,0.0011120785714726301,3,sigmoid,False,8.675565641553063e-05,COMPLETE
456,0.004113731440156698,2025-07-10 23:43:01.856621,2025-07-10 23:43:23.934137,0 days 00:00:22.077516,relu,prod,32,0.006492780656878931,9,gaussian,False,0.00019984707188453452,COMPLETE
457,5.476865226228256e-06,2025-07-10 23:43:23.934670,2025-07-10 23:43:53.190993,0 days 00:00:29.256323,identity,prod,16,0.005816970791275939,3,gaussian,False,1.7377233148598497e-05,COMPLETE
458,3.982671842095442e-06,2025-07-10 23:43:53.191750,2025-07-10 23:44:24.513498,0 days 00:00:31.321748,relu,prod,16,0.007970834060983123,4,gaussian,False,0.00014704520093695064,COMPLETE
459,8.05471499916166e-05,2025-07-10 23:44:24.514237,2025-07-10 23:44:53.766797,0 days 00:00:29.252560,identity,prod,16,0.002088357999499875,3,gaussian,False,0.00011490982126485622,COMPLETE
460,6.887572089908645e-05,2025-07-10 23:44:53.767552,2025-07-10 23:45:04.238460,0 days 00:00:10.470908,relu,prod,64,0.009190734072879644,5,gaussian,True,5.5557229617557387e-05,COMPLETE
461,4.85138343719882e-06,2025-07-10 23:45:04.238935,2025-07-10 23:45:32.522230,0 days 00:00:28.283295,identity,min,16,0.008556343996808002,3,gaussian,False,0.0007872274167864606,COMPLETE
462,5.401688213169109e-06,2025-07-10 23:45:32.523000,2025-07-10 23:46:00.971710,0 days 00:00:28.448710,relu,prod,16,0.005048504362492568,3,sigmoid,False,0.00025714519143138785,COMPLETE
463,0.0001041722425725311,2025-07-10 23:46:00.972394,2025-07-10 23:46:30.196496,0 days 00:00:29.224102,identity,prod,16,0.000898833112313151,3,gaussian,False,0.0003500815174359265,COMPLETE
464,0.7361859679222107,2025-07-10 23:46:30.197221,2025-07-10 23:46:41.589406,0 days 00:00:11.392185,relu,prod,64,0.00022516318121622192,7,gaussian,False,0.0001344826034232785,COMPLETE
465,3.903135166183347e-06,2025-07-10 23:46:41.589840,2025-07-10 23:47:03.479210,0 days 00:00:21.889370,identity,prod,32,0.009969683676419374,9,gaussian,False,1.41432023583409e-05,COMPLETE
466,4.365767836134182e-06,2025-07-10 23:47:03.479948,2025-07-10 23:47:36.238002,0 days 00:00:32.758054,relu,prod,16,0.00744969994897934,3,bell,False,0.00019463666724199488,COMPLETE
467,1.2295972737774719e-05,2025-07-10 23:47:36.238764,2025-07-10 23:48:05.459867,0 days 00:00:29.221103,identity,prod,16,0.00669948656842206,3,gaussian,False,1.1331599109018587e-05,COMPLETE
468,1.3225219249725342,2025-07-10 23:48:05.460625,2025-07-10 23:48:33.214482,0 days 00:00:27.753857,relu,prod,16,0.00805235386363437,2,gaussian,False,0.00016015694417618947,COMPLETE
469,4.1418857108510565e-06,2025-07-10 23:48:33.215208,2025-07-10 23:49:00.276193,0 days 00:00:27.060985,identity,min,16,0.008886954353830117,3,sigmoid,False,0.0002160475583168077,COMPLETE
470,9.219670027960092e-05,2025-07-10 23:49:00.276885,2025-07-10 23:49:09.715850,0 days 00:00:09.438965,relu,prod,64,0.007459152617409737,3,gaussian,False,0.00018371841841531762,COMPLETE
471,4.155495389568387e-06,2025-07-10 23:49:09.716408,2025-07-10 23:49:44.055097,0 days 00:00:34.338689,identity,prod,16,0.006043522792970303,6,gaussian,True,1.505753621406162e-05,COMPLETE
472,0.07282072305679321,2025-07-10 23:49:44.055741,2025-07-10 23:49:49.928038,0 days 00:00:05.872297,relu,prod,128,0.0031789640050581217,3,gaussian,False,0.0001734435687542457,COMPLETE
473,4.151374923822004e-06,2025-07-10 23:49:49.928572,2025-07-10 23:50:27.611478,0 days 00:00:37.682906,identity,prod,16,0.009057317697410562,8,gaussian,False,2.024079834305821e-05,COMPLETE
474,4.145892489759717e-06,2025-07-10 23:50:27.612207,2025-07-10 23:50:58.494042,0 days 00:00:30.881835,identity,prod,16,0.008170007669308995,4,gaussian,False,1.3401961366011396e-05,COMPLETE
475,4.16703960581799e-06,2025-07-10 23:50:58.494791,2025-07-10 23:51:14.447472,0 days 00:00:15.952681,relu,prod,32,0.006946684648100122,3,sigmoid,False,0.0001262246015658102,COMPLETE
476,4.964714662492042e-06,2025-07-10 23:51:14.448180,2025-07-10 23:51:43.718373,0 days 00:00:29.270193,identity,prod,16,0.0026557623744057094,3,gaussian,False,1.7083900097678322e-05,COMPLETE
477,7.63748466852121e-05,2025-07-10 23:51:43.719123,2025-07-10 23:51:55.091710,0 days 00:00:11.372587,relu,min,64,0.009157599860809737,8,gaussian,False,0.0001451012953878105,COMPLETE
478,0.0009042529272846878,2025-07-10 23:51:55.092354,2025-07-10 23:52:25.650942,0 days 00:00:30.558588,identity,prod,16,0.00777660855523377,2,bell,False,0.00016414248189726421,COMPLETE
479,3.6179487779008923e-06,2025-07-10 23:52:25.651691,2025-07-10 23:52:58.679720,0 days 00:00:33.028029,relu,prod,16,0.006401561263856537,5,gaussian,False,0.00022412630926366354,COMPLETE
480,5.192543540033512e-06,2025-07-10 23:52:58.680276,2025-07-10 23:53:31.667660,0 days 00:00:32.987384,relu,prod,16,0.0061761294909215576,5,gaussian,False,0.00023697771685931776,COMPLETE
481,4.197785528958775e-06,2025-07-10 23:53:31.668423,2025-07-10 23:54:02.932015,0 days 00:00:31.263592,relu,prod,16,0.006463067854425825,4,gaussian,False,0.00022195612822985573,COMPLETE
482,3.7710256037826184e-06,2025-07-10 23:54:02.932726,2025-07-10 23:54:35.950009,0 days 00:00:33.017283,relu,prod,16,0.004712770185430908,5,gaussian,False,0.000253987619972723,COMPLETE
483,1.1316742897033691,2025-07-10 23:54:35.950776,2025-07-10 23:55:09.136330,0 days 00:00:33.185554,relu,prod,16,0.005519824563688233,5,gaussian,False,0.00024058591260218442,COMPLETE
484,0.0014409818686544895,2025-07-10 23:55:09.137477,2025-07-10 23:55:42.259760,0 days 00:00:33.122283,relu,prod,16,0.004541136795689923,5,gaussian,True,0.00025430319488490915,COMPLETE
485,3.8544440030818805e-06,2025-07-10 23:55:42.260526,2025-07-10 23:56:16.960874,0 days 00:00:34.700348,relu,prod,16,0.004845686698877422,6,gaussian,False,0.00029562562610118196,COMPLETE
486,3.6286191971157677e-06,2025-07-10 23:56:16.962159,2025-07-10 23:56:51.820708,0 days 00:00:34.858549,relu,prod,16,0.004179642467344955,6,gaussian,False,0.00035566953557769864,COMPLETE
487,6.653279797319556e-06,2025-07-10 23:56:51.821446,2025-07-10 23:57:23.419265,0 days 00:00:31.597819,relu,min,16,0.0037114744469792047,5,gaussian,False,0.0004117751932730272,COMPLETE
488,4.103239461983321e-06,2025-07-10 23:57:23.420337,2025-07-10 23:57:58.134539,0 days 00:00:34.714202,relu,prod,16,0.004280759390474541,6,gaussian,False,0.0002791901115400151,COMPLETE
489,1.3499552551365923e-05,2025-07-10 23:57:58.135271,2025-07-10 23:58:31.187486,0 days 00:00:33.052215,relu,prod,16,0.004382062840163335,5,gaussian,False,0.000304492533311369,COMPLETE
490,4.145500497543253e-06,2025-07-10 23:58:31.188232,2025-07-10 23:59:06.109512,0 days 00:00:34.921280,relu,prod,16,0.0035003918039859185,6,gaussian,False,0.000206919634144592,COMPLETE
491,3.714471858984325e-06,2025-07-10 23:59:06.110247,2025-07-10 23:59:40.860920,0 days 00:00:34.750673,relu,prod,16,0.005133660764124278,6,gaussian,False,0.0002488009976991091,COMPLETE
492,4.206088760838611e-06,2025-07-10 23:59:40.861664,2025-07-11 00:00:15.730026,0 days 00:00:34.868362,relu,prod,16,0.005002729955100162,6,gaussian,False,0.0004498798771896251,COMPLETE
493,3.761412472158554e-06,2025-07-11 00:00:15.730786,2025-07-11 00:00:50.453677,0 days 00:00:34.722891,relu,prod,16,0.005014608237456919,6,gaussian,False,0.0002667606988737554,COMPLETE
494,3.5565193684305996e-05,2025-07-11 00:00:50.454410,2025-07-11 00:01:25.331424,0 days 00:00:34.877014,relu,prod,16,0.004615788536938982,6,gaussian,False,0.0003418935100041547,COMPLETE
495,1.3225219249725342,2025-07-11 00:01:25.332174,2025-07-11 00:02:00.183938,0 days 00:00:34.851764,relu,prod,16,0.00405290988658069,6,gaussian,False,0.000358392389614256,COMPLETE
496,4.226948021823773e-06,2025-07-11 00:02:00.184690,2025-07-11 00:02:33.383563,0 days 00:00:33.198873,relu,min,16,0.0050282119861619345,6,gaussian,False,0.00028116871341980434,COMPLETE
497,1.828604581533e-05,2025-07-11 00:02:33.384341,2025-07-11 00:03:06.418811,0 days 00:00:33.034470,relu,prod,16,0.003952948933752103,5,gaussian,False,0.0002559661074030737,COMPLETE
498,4.103742412553402e-06,2025-07-11 00:03:06.419554,2025-07-11 00:03:41.205382,0 days 00:00:34.785828,relu,prod,16,0.0051415823121333,6,gaussian,False,0.00026599477945107755,COMPLETE
499,7.031721452221973e-06,2025-07-11 00:03:41.206108,2025-07-11 00:04:15.957307,0 days 00:00:34.751199,relu,prod,16,0.0045600833951531,6,gaussian,False,0.000305554277410174,COMPLETE
