number,value,datetime_start,datetime_complete,duration,params_activation,params_batch_size,params_h,params_lr,params_seq_length,state
0,0.003318539820611477,2025-07-15 12:05:25.971649,2025-07-15 12:06:48.484524,0 days 00:01:22.512875,identity,128,36,0.002283654818715641,21,COMPLETE
1,2.7461679565021768e-05,2025-07-15 12:06:48.485716,2025-07-15 12:08:09.010683,0 days 00:01:20.524967,identity,32,96,0.004003556169476144,14,COMPLETE
2,1.3165440559387207,2025-07-15 12:08:09.011615,2025-07-15 12:09:04.174146,0 days 00:00:55.162531,relu,128,95,0.00018789118955634863,17,COMPLETE
3,0.00479925936087966,2025-07-15 12:09:04.175116,2025-07-15 12:09:28.844148,0 days 00:00:24.669032,relu,128,39,0.00019755436754663634,17,COMPLETE
4,2.087638495140709e-05,2025-07-15 12:09:28.844718,2025-07-15 12:10:37.843647,0 days 00:01:08.998929,identity,16,53,0.0038021113931472174,10,COMPLETE
5,1.3167331218719482,2025-07-15 12:10:37.844513,2025-07-15 12:11:57.674606,0 days 00:01:19.830093,relu,64,119,0.008455803375804654,16,COMPLETE
6,1.3189793825149536,2025-07-15 12:11:57.675492,2025-07-15 12:12:53.627053,0 days 00:00:55.951561,relu,64,35,0.00020559648627358515,9,COMPLETE
7,8.265049109468237e-05,2025-07-15 12:12:53.627689,2025-07-15 12:14:41.438582,0 days 00:01:47.810893,identity,32,73,0.0014965673468044,14,COMPLETE
8,1.3182570934295654,2025-07-15 12:14:41.439465,2025-07-15 12:17:16.908639,0 days 00:02:35.469174,relu,16,128,0.007562125056650559,11,COMPLETE
9,1.315966010093689,2025-07-15 12:17:16.909535,2025-07-15 12:17:47.241288,0 days 00:00:30.331753,relu,128,33,0.0003571777361326836,22,COMPLETE
10,0.00027496155234985054,2025-07-15 12:17:47.241937,2025-07-15 12:18:32.192141,0 days 00:00:44.950204,identity,16,13,0.0006508380077173625,5,COMPLETE
11,1.9886409063474275e-05,2025-07-15 12:18:32.192762,2025-07-15 12:19:48.545465,0 days 00:01:16.352703,identity,32,79,0.0034919141583664493,9,COMPLETE
12,0.00010491384455235675,2025-07-15 12:19:48.546354,2025-07-15 12:20:58.248482,0 days 00:01:09.702128,identity,32,66,0.0031599151474260294,7,COMPLETE
13,1.6076144675025716e-05,2025-07-15 12:20:58.249454,2025-07-15 12:23:12.768013,0 days 00:02:14.518559,identity,16,63,0.004592505356978941,11,COMPLETE
14,9.884512110147625e-06,2025-07-15 12:23:12.768899,2025-07-15 12:25:36.035228,0 days 00:02:23.266329,identity,16,84,0.0009721586935756999,12,COMPLETE
15,1.54517238115659e-05,2025-07-15 12:25:36.036050,2025-07-15 12:27:41.211637,0 days 00:02:05.175587,identity,16,98,0.000937300657946019,12,COMPLETE
16,5.5993291425693315e-06,2025-07-15 12:27:41.212563,2025-07-15 12:29:52.781252,0 days 00:02:11.568689,identity,16,99,0.0007566724501555305,19,COMPLETE
17,5.0239527809026185e-06,2025-07-15 12:29:52.782108,2025-07-15 12:37:21.811083,0 days 00:07:29.028975,identity,16,109,0.0005066386794747998,20,COMPLETE
18,9.425753887626342e-06,2025-07-15 12:37:21.811966,2025-07-15 12:40:28.606455,0 days 00:03:06.794489,identity,16,110,0.0004668988646621183,24,COMPLETE
19,0.0002599776489660144,2025-07-15 12:40:28.607342,2025-07-15 12:43:07.367413,0 days 00:02:38.760071,identity,16,108,0.00011341320766120825,20,COMPLETE
20,0.001156855490989983,2025-07-15 12:43:07.368338,2025-07-15 12:44:53.115090,0 days 00:01:45.746752,identity,64,87,0.0014973330581508559,19,COMPLETE
21,5.9813000916619785e-06,2025-07-15 12:44:53.122063,2025-07-15 12:49:12.314438,0 days 00:04:19.192375,identity,16,109,0.0005142895018199675,25,COMPLETE
22,4.603692104865331e-06,2025-07-15 12:49:12.315348,2025-07-15 12:51:42.849959,0 days 00:02:30.534611,identity,16,112,0.0004526381280709827,25,COMPLETE
23,6.533944542752579e-06,2025-07-15 12:51:42.850838,2025-07-15 12:54:50.297278,0 days 00:03:07.446440,identity,16,126,0.0003536186790317845,23,COMPLETE
24,7.439655291818781e-06,2025-07-15 12:54:50.298243,2025-07-15 12:57:22.502340,0 days 00:02:32.204097,identity,16,118,0.0007251131307171874,19,COMPLETE
25,7.436979103658814e-06,2025-07-15 12:57:22.503227,2025-07-15 12:59:57.881268,0 days 00:02:35.378041,identity,16,102,0.00029843509946074975,25,COMPLETE
26,1.0394186574558262e-05,2025-07-15 12:59:57.882201,2025-07-15 13:02:18.880276,0 days 00:02:20.998075,identity,16,116,0.0016997521089964424,22,COMPLETE
27,6.472294899140252e-06,2025-07-15 13:02:18.881262,2025-07-15 13:03:57.962920,0 days 00:01:39.081658,identity,16,90,0.000654474384373039,18,COMPLETE
28,0.0010025533847510815,2025-07-15 13:03:57.963938,2025-07-15 13:04:57.087874,0 days 00:00:59.123936,identity,64,104,0.00010016270159223528,21,COMPLETE
29,0.0009562711347825825,2025-07-15 13:04:57.088490,2025-07-15 13:05:42.626912,0 days 00:00:45.538422,identity,128,75,0.0002693266600044834,21,COMPLETE
30,1.010247342492221e-05,2025-07-15 13:05:42.627520,2025-07-15 13:07:51.230955,0 days 00:02:08.603435,identity,16,115,0.0004714924169877694,23,COMPLETE
31,8.20666718936991e-06,2025-07-15 13:07:51.232013,2025-07-15 13:10:03.509300,0 days 00:02:12.277287,identity,16,109,0.0005382441185215077,25,COMPLETE
32,1.3601130376628134e-05,2025-07-15 13:10:03.510204,2025-07-15 13:12:08.302308,0 days 00:02:04.792104,identity,16,95,0.0008444879003172303,24,COMPLETE
33,1.0963314707623795e-05,2025-07-15 13:12:08.303217,2025-07-15 13:14:13.678330,0 days 00:02:05.375113,identity,16,123,0.0013749022298766736,20,COMPLETE
34,1.5090644410520326e-05,2025-07-15 13:14:13.679179,2025-07-15 13:15:54.944398,0 days 00:01:41.265219,identity,16,102,0.0011387065938246014,16,COMPLETE
35,0.0019821973983198404,2025-07-15 13:15:54.945318,2025-07-15 13:18:48.719433,0 days 00:02:53.774115,relu,128,92,0.00041809164981147903,23,COMPLETE
36,0.0015033547533676028,2025-07-15 13:18:48.720356,2025-07-15 13:20:52.828832,0 days 00:02:04.108476,identity,32,111,0.0002471318134591149,25,COMPLETE
37,0.00022385561896953732,2025-07-15 13:20:52.829702,2025-07-15 13:22:26.133549,0 days 00:01:33.303847,relu,16,83,0.00016284359720772246,17,COMPLETE
38,6.588934047613293e-05,2025-07-15 13:22:26.134373,2025-07-15 13:23:25.587148,0 days 00:00:59.452775,identity,64,122,0.0022894479352824296,15,COMPLETE
39,8.714850082469638e-06,2025-07-15 13:23:25.587983,2025-07-15 13:24:54.861418,0 days 00:01:29.273435,identity,16,55,0.0005797496244585258,22,COMPLETE
40,7.829828973626718e-06,2025-07-15 13:24:54.862298,2025-07-15 13:26:57.844721,0 days 00:02:02.982423,relu,16,100,0.000381945351602769,19,COMPLETE
41,1.795112075342331e-05,2025-07-15 13:26:57.845722,2025-07-15 13:29:13.465348,0 days 00:02:15.619626,identity,16,92,0.0006857614607200291,18,COMPLETE
42,2.0415243852767162e-05,2025-07-15 13:29:13.466278,2025-07-15 13:31:04.277605,0 days 00:01:50.811327,identity,16,106,0.0007775994073139897,18,COMPLETE
43,0.0018482524901628494,2025-07-15 13:31:04.278589,2025-07-15 13:32:00.608531,0 days 00:00:56.329942,identity,128,90,0.0005346416417340254,20,COMPLETE
44,2.475988912920002e-05,2025-07-15 13:32:00.609052,2025-07-15 13:33:44.660285,0 days 00:01:44.051233,identity,16,113,0.0011343276959686899,16,COMPLETE
45,0.000303915876429528,2025-07-15 13:33:44.661459,2025-07-15 13:34:42.751965,0 days 00:00:58.090506,identity,32,96,0.000627548314794255,14,COMPLETE
46,7.4024910645675845e-06,2025-07-15 13:34:42.752724,2025-07-15 13:36:53.693170,0 days 00:02:10.940446,relu,16,120,0.0002978443392788606,24,COMPLETE
47,0.00011705004726536572,2025-07-15 13:36:53.694096,2025-07-15 13:38:27.835117,0 days 00:01:34.141021,identity,16,79,0.00021364253488948145,18,COMPLETE
48,0.003911774139851332,2025-07-15 13:38:27.836010,2025-07-15 13:38:52.112720,0 days 00:00:24.276710,identity,64,14,0.0004742810043966995,22,COMPLETE
49,6.598205345653696e-06,2025-07-15 13:38:52.113167,2025-07-15 13:40:42.032931,0 days 00:01:49.919764,identity,16,99,0.0003459940536769323,21,COMPLETE
50,0.00014740219921804965,2025-07-15 13:40:42.033811,2025-07-15 13:42:30.715777,0 days 00:01:48.681966,identity,16,128,0.00016932189522397096,17,COMPLETE
51,1.030398107104702e-05,2025-07-15 13:42:30.716675,2025-07-15 13:44:39.023127,0 days 00:02:08.306452,identity,16,121,0.0003840859605537141,23,COMPLETE
52,4.895900019619148e-06,2025-07-15 13:44:39.023974,2025-07-15 13:46:57.222845,0 days 00:02:18.198871,identity,16,127,0.0008632151848523388,24,COMPLETE
53,9.260396836907603e-06,2025-07-15 13:46:57.223699,2025-07-15 13:48:56.902318,0 days 00:01:59.678619,identity,16,106,0.0009288379545550391,24,COMPLETE
54,1.1726649063348304e-05,2025-07-15 13:48:56.903282,2025-07-15 13:50:32.139169,0 days 00:01:35.235887,identity,32,114,0.001215209548300077,25,COMPLETE
55,8.257272384071257e-06,2025-07-15 13:50:32.140083,2025-07-15 13:52:52.520518,0 days 00:02:20.380435,identity,16,125,0.0008288838885393307,24,COMPLETE
56,1.4114825717115309e-05,2025-07-15 13:52:52.521415,2025-07-15 13:54:51.957728,0 days 00:01:59.436313,identity,16,116,0.0019174939883562525,21,COMPLETE
57,0.0007798246224410832,2025-07-15 13:54:51.958606,2025-07-15 13:55:54.703007,0 days 00:01:02.744401,relu,128,110,0.0006108815059410747,19,COMPLETE
58,8.093485121207777e-06,2025-07-15 13:55:54.703859,2025-07-15 13:57:26.403601,0 days 00:01:31.699742,identity,16,70,0.0006852588185525058,20,COMPLETE
59,1.1451462341938168e-05,2025-07-15 13:57:26.404524,2025-07-15 13:59:15.722020,0 days 00:01:49.317496,identity,16,86,0.00046198880906695995,23,COMPLETE
60,1.7152678992715664e-05,2025-07-15 13:59:15.722938,2025-07-15 14:01:22.950579,0 days 00:02:07.227641,identity,16,104,0.0009339998725140442,25,COMPLETE
61,5.706075171474367e-06,2025-07-15 14:01:22.951520,2025-07-15 14:03:36.772678,0 days 00:02:13.821158,identity,16,127,0.00033031685685568714,23,COMPLETE
62,1.1308684406685643e-05,2025-07-15 14:03:36.773541,2025-07-15 14:05:41.056488,0 days 00:02:04.282947,identity,16,118,0.0005668939870153947,22,COMPLETE
63,1.135123511630809e-05,2025-07-15 14:05:41.057379,2025-07-15 14:07:46.420731,0 days 00:02:05.363352,identity,16,128,0.00031281477443651716,23,COMPLETE
64,6.414058134396328e-06,2025-07-15 14:07:46.421678,2025-07-15 14:10:09.029397,0 days 00:02:22.607719,identity,16,123,0.00044564269225452996,24,COMPLETE
65,6.839197794761276e-06,2025-07-15 14:10:09.030306,2025-07-15 14:12:19.016273,0 days 00:02:09.985967,identity,16,122,0.00043629888835715564,24,COMPLETE
66,0.0028555369935929775,2025-07-15 14:12:19.017193,2025-07-15 14:13:41.501947,0 days 00:01:22.484754,identity,64,124,0.00024114034913226776,25,COMPLETE
67,7.67972869653022e-06,2025-07-15 14:13:41.502797,2025-07-15 14:15:44.829330,0 days 00:02:03.326533,identity,16,113,0.0005045345976406066,24,COMPLETE
68,0.0001415790757164359,2025-07-15 14:15:44.830290,2025-07-15 14:17:14.032255,0 days 00:01:29.201965,identity,32,118,0.0004007904001949459,22,COMPLETE
69,3.198580088792369e-05,2025-07-15 14:17:14.033211,2025-07-15 14:19:13.509307,0 days 00:01:59.476096,identity,16,108,0.006227411441797879,23,COMPLETE
70,5.770832103735302e-06,2025-07-15 14:19:13.510233,2025-07-15 14:21:33.057736,0 days 00:02:19.547503,relu,16,126,0.0003348811496102439,25,COMPLETE
71,1.3161295652389526,2025-07-15 14:21:33.058644,2025-07-15 14:23:56.773459,0 days 00:02:23.714815,relu,16,125,0.0003102196864524784,25,COMPLETE
72,8.22017409518594e-06,2025-07-15 14:23:56.774334,2025-07-15 14:26:11.561447,0 days 00:02:14.787113,relu,16,121,0.0003456947062556323,24,COMPLETE
73,1.3161295652389526,2025-07-15 14:26:11.562330,2025-07-15 14:28:37.230818,0 days 00:02:25.668488,relu,16,128,0.0007622941170157511,25,COMPLETE
74,1.0028426004282665e-05,2025-07-15 14:28:37.231639,2025-07-15 14:29:50.631761,0 days 00:01:13.400122,relu,16,116,0.0002594243453853638,5,COMPLETE
75,0.0020662564784288406,2025-07-15 14:29:50.632484,2025-07-15 14:31:11.835789,0 days 00:01:21.203305,relu,128,112,0.0005206632292447455,24,COMPLETE
76,1.2234357200213708e-05,2025-07-15 14:31:11.836992,2025-07-15 14:34:06.153154,0 days 00:02:54.316162,identity,16,119,0.00021331261748499538,22,COMPLETE
77,1.711387449176982e-05,2025-07-15 14:34:06.154179,2025-07-15 14:36:35.465664,0 days 00:02:29.311485,identity,16,123,0.0001373167524266519,25,COMPLETE
78,1.315966010093689,2025-07-15 14:36:35.466536,2025-07-15 14:37:51.898483,0 days 00:01:16.431947,relu,16,41,0.0004188726086246331,23,COMPLETE
79,0.0028564513195306063,2025-07-15 14:37:51.899439,2025-07-15 14:39:02.159052,0 days 00:01:10.259613,identity,64,107,0.00028182148180512414,24,COMPLETE
80,5.737222636525985e-06,2025-07-15 14:39:02.159976,2025-07-15 14:40:58.460024,0 days 00:01:56.300048,identity,16,103,0.00035446005246303816,22,COMPLETE
81,2.0687590222223662e-05,2025-07-15 14:40:58.460942,2025-07-15 14:42:51.860605,0 days 00:01:53.399663,identity,16,102,0.00035375590683995987,21,COMPLETE
82,9.674974535300862e-06,2025-07-15 14:42:51.861451,2025-07-15 14:44:58.941524,0 days 00:02:07.080073,identity,16,110,0.0006304119147300803,23,COMPLETE
83,1.778979458322283e-05,2025-07-15 14:44:58.942341,2025-07-15 14:47:09.837619,0 days 00:02:10.895278,identity,16,126,0.0010447486941036635,21,COMPLETE
84,8.959017577581108e-06,2025-07-15 14:47:09.838526,2025-07-15 14:49:05.114071,0 days 00:01:55.275545,identity,16,98,0.0002322183663835803,22,COMPLETE
85,4.907486982119735e-06,2025-07-15 14:49:05.115002,2025-07-15 14:51:22.295308,0 days 00:02:17.180306,identity,16,115,0.0005591886054800797,25,COMPLETE
86,7.099662980181165e-06,2025-07-15 14:51:22.296212,2025-07-15 14:53:27.413907,0 days 00:02:05.117695,identity,16,104,0.000554074142659054,25,COMPLETE
87,1.3035470146860462e-05,2025-07-15 14:53:27.414742,2025-07-15 14:55:35.279268,0 days 00:02:07.864526,identity,16,114,0.0007234561464977645,23,COMPLETE
88,1.4137625839794055e-05,2025-07-15 14:55:35.280161,2025-07-15 14:57:13.213673,0 days 00:01:37.933512,identity,32,117,0.0008564355227156631,25,COMPLETE
89,1.3161295652389526,2025-07-15 14:57:13.214397,2025-07-15 14:59:10.669594,0 days 00:01:57.455197,relu,16,101,0.0004912289345286451,20,COMPLETE
90,0.002596143167465925,2025-07-15 14:59:10.670499,2025-07-15 14:59:55.379360,0 days 00:00:44.708861,identity,128,59,0.00036585250437770313,24,COMPLETE
91,6.1391574490698986e-06,2025-07-15 14:59:55.379997,2025-07-15 15:02:07.592304,0 days 00:02:12.212307,identity,16,120,0.0004654420611258754,24,COMPLETE
92,5.2119748943368904e-06,2025-07-15 15:02:07.593204,2025-07-15 15:04:27.882577,0 days 00:02:20.289373,identity,16,119,0.0003259835605531245,25,COMPLETE
93,6.550510533998022e-06,2025-07-15 15:04:27.883482,2025-07-15 15:06:46.049514,0 days 00:02:18.166032,identity,16,111,0.00033601952010195056,25,COMPLETE
94,8.348204573849216e-06,2025-07-15 15:06:46.050394,2025-07-15 15:08:49.244461,0 days 00:02:03.194067,identity,16,95,0.0004197257825784267,23,COMPLETE
95,9.163696631731e-06,2025-07-15 15:08:49.245357,2025-07-15 15:10:54.430655,0 days 00:02:05.185298,identity,16,105,0.00019443116230834353,25,COMPLETE
96,1.0509398634894751e-05,2025-07-15 15:10:54.431571,2025-07-15 15:13:07.210905,0 days 00:02:12.779334,identity,16,115,0.00028093200373240535,24,COMPLETE
97,7.155481853260426e-06,2025-07-15 15:13:07.211882,2025-07-15 15:15:21.111273,0 days 00:02:13.899391,identity,16,128,0.000598714297635071,22,COMPLETE
98,8.155949217325542e-06,2025-07-15 15:15:21.112218,2025-07-15 15:17:31.717029,0 days 00:02:10.604811,identity,16,108,0.0003206048779630406,25,COMPLETE
99,0.0019384484039619565,2025-07-15 15:17:31.717957,2025-07-15 15:18:42.970913,0 days 00:01:11.252956,identity,64,119,0.00039911390921894616,21,COMPLETE
100,7.653538887097966e-06,2025-07-15 15:18:42.971828,2025-07-15 15:20:27.188729,0 days 00:01:44.216901,identity,16,125,0.000702487956696912,13,COMPLETE
101,5.337934908311581e-06,2025-07-15 15:20:27.189673,2025-07-15 15:22:41.162129,0 days 00:02:13.972456,identity,16,117,0.0004815374955892116,24,COMPLETE
102,9.054724614543375e-06,2025-07-15 15:22:41.163022,2025-07-15 15:24:42.817370,0 days 00:02:01.654348,identity,16,112,0.0005297883983459732,23,COMPLETE
103,7.616386483277893e-06,2025-07-15 15:24:42.818230,2025-07-15 15:26:55.573656,0 days 00:02:12.755426,identity,16,116,0.0008117785256441106,24,COMPLETE
104,7.88052329880884e-06,2025-07-15 15:26:55.574534,2025-07-15 15:29:13.611618,0 days 00:02:18.037084,identity,16,121,0.0003832443519805955,25,COMPLETE
105,3.056591231143102e-05,2025-07-15 15:29:13.612517,2025-07-15 15:30:16.140354,0 days 00:01:02.527837,identity,16,18,0.0006674050320422231,24,COMPLETE
106,1.6375088307540864e-05,2025-07-15 15:30:16.141246,2025-07-15 15:32:22.291497,0 days 00:02:06.150251,identity,16,109,0.000573144223054247,23,COMPLETE
107,1.3161295652389526,2025-07-15 15:32:22.292410,2025-07-15 15:34:39.167942,0 days 00:02:16.875532,relu,16,114,0.0002954134852792746,25,COMPLETE
108,0.0002001839311560616,2025-07-15 15:34:39.168826,2025-07-15 15:35:56.518359,0 days 00:01:17.349533,identity,32,118,0.0004980327975953547,17,COMPLETE
109,2.221192335127853e-05,2025-07-15 15:35:56.519092,2025-07-15 15:37:28.372207,0 days 00:01:31.853115,identity,16,126,0.0010251378123323459,9,COMPLETE
110,6.24009408056736e-06,2025-07-15 15:37:28.373140,2025-07-15 15:39:44.321431,0 days 00:02:15.948291,identity,16,123,0.00043539726616652645,24,COMPLETE
111,1.0210336768068373e-05,2025-07-15 15:39:44.322372,2025-07-15 15:41:57.649438,0 days 00:02:13.327066,identity,16,121,0.0004485431176880913,24,COMPLETE
112,1.020718536892673e-05,2025-07-15 15:41:57.650323,2025-07-15 15:44:09.305296,0 days 00:02:11.654973,identity,16,120,0.0003741773011475631,24,COMPLETE
113,8.077765414782334e-06,2025-07-15 15:44:09.306208,2025-07-15 15:46:10.162806,0 days 00:02:00.856598,identity,16,112,0.00046942123300985786,23,COMPLETE
114,7.838846613594797e-06,2025-07-15 15:46:10.163737,2025-07-15 15:48:34.835309,0 days 00:02:24.671572,identity,16,106,0.0006116973218730471,25,COMPLETE
115,7.40146288080723e-06,2025-07-15 15:48:34.836273,2025-07-15 15:50:46.139024,0 days 00:02:11.302751,identity,16,124,0.0003196145766995208,22,COMPLETE
116,0.004435336217284203,2025-07-15 15:50:46.139931,2025-07-15 15:52:10.342435,0 days 00:01:24.202504,identity,128,117,0.0013377189679562018,25,COMPLETE
117,1.3160282373428345,2025-07-15 15:52:10.343300,2025-07-15 15:54:38.615437,0 days 00:02:28.272137,relu,16,126,0.0002589273735492721,24,COMPLETE
118,8.445071216556244e-06,2025-07-15 15:54:38.616363,2025-07-15 15:56:44.446683,0 days 00:02:05.830320,identity,16,109,0.000556738938645023,23,COMPLETE
119,1.3217748346505687e-05,2025-07-15 15:56:44.447636,2025-07-15 15:58:48.271218,0 days 00:02:03.823582,identity,16,98,0.0007461455672535933,25,COMPLETE
120,7.606287908856757e-06,2025-07-15 15:58:48.272081,2025-07-15 16:01:04.441996,0 days 00:02:16.169915,identity,16,119,0.0008680067248088529,24,COMPLETE
121,1.0203760211879853e-05,2025-07-15 16:01:04.442898,2025-07-15 16:03:20.150581,0 days 00:02:15.707683,identity,16,122,0.0005135377044785321,24,COMPLETE
122,5.160202817933168e-06,2025-07-15 16:03:20.151511,2025-07-15 16:05:22.413708,0 days 00:02:02.262197,identity,16,123,0.00040647193404103656,19,COMPLETE
123,5.83028167966404e-06,2025-07-15 16:05:22.414463,2025-07-15 16:07:20.843825,0 days 00:01:58.429362,identity,16,115,0.00040206836559527687,19,COMPLETE
124,4.9096452130470425e-06,2025-07-15 16:07:20.844728,2025-07-15 16:09:13.158620,0 days 00:01:52.313892,identity,16,114,0.00034330704504362974,18,COMPLETE
125,5.160653472557897e-06,2025-07-15 16:09:13.159582,2025-07-15 16:11:09.748305,0 days 00:01:56.588723,identity,16,115,0.0003404766255857197,19,COMPLETE
126,0.001229797606356442,2025-07-15 16:11:09.749162,2025-07-15 16:12:13.589896,0 days 00:01:03.840734,identity,64,128,0.00022738928085366141,18,COMPLETE
127,9.172005775326397e-06,2025-07-15 16:12:13.590532,2025-07-15 16:14:12.489520,0 days 00:01:58.898988,identity,16,113,0.00034068270927031845,20,COMPLETE
128,1.3161295652389526,2025-07-15 16:14:12.490374,2025-07-15 16:15:30.131799,0 days 00:01:17.641425,relu,16,44,0.0002663180378048024,20,COMPLETE
129,6.305227088887477e-06,2025-07-15 16:15:30.132296,2025-07-15 16:17:32.652424,0 days 00:02:02.520128,identity,16,124,0.0002958795149088688,19,COMPLETE
130,7.64841115596937e-06,2025-07-15 16:17:32.653272,2025-07-15 16:19:23.649519,0 days 00:01:50.996247,identity,16,116,0.0003719654147067381,17,COMPLETE
131,4.715612249128753e-06,2025-07-15 16:19:23.650450,2025-07-15 16:21:21.224826,0 days 00:01:57.574376,identity,16,115,0.0004070662723590445,19,COMPLETE
132,6.19910633758991e-06,2025-07-15 16:21:21.225711,2025-07-15 16:23:12.473460,0 days 00:01:51.247749,identity,16,103,0.00034676728471559967,19,COMPLETE
133,3.1410727387992665e-05,2025-07-15 16:23:12.474223,2025-07-15 16:25:00.578691,0 days 00:01:48.104468,identity,16,110,0.009774335158491035,18,COMPLETE
134,1.7822958398028277e-05,2025-07-15 16:25:00.579463,2025-07-15 16:26:56.102544,0 days 00:01:55.523081,identity,16,118,0.0004179746828041709,19,COMPLETE
135,4.998284111934481e-06,2025-07-15 16:26:56.103419,2025-07-15 16:29:20.938168,0 days 00:02:24.834749,identity,16,113,0.00031934485381854624,18,COMPLETE
136,0.0010606872383505106,2025-07-15 16:29:20.939228,2025-07-15 16:30:41.103872,0 days 00:01:20.164644,identity,32,112,0.00032020121525451126,18,COMPLETE
137,8.100305421976373e-06,2025-07-15 16:30:41.104435,2025-07-15 16:32:27.581410,0 days 00:01:46.476975,identity,16,108,0.00028023092347766534,18,COMPLETE
138,9.045341357705183e-06,2025-07-15 16:32:27.582263,2025-07-15 16:34:23.063027,0 days 00:01:55.480764,identity,16,114,0.0003704695084033032,20,COMPLETE
139,8.272564627986867e-06,2025-07-15 16:34:23.063718,2025-07-15 16:36:06.224507,0 days 00:01:43.160789,identity,16,107,0.0004510202648321949,17,COMPLETE
140,2.3966062144609168e-05,2025-07-15 16:36:06.225491,2025-07-15 16:37:52.307304,0 days 00:01:46.081813,identity,16,117,0.00024239801219238553,16,COMPLETE
141,4.4020348468620796e-06,2025-07-15 16:37:52.308238,2025-07-15 16:39:48.408357,0 days 00:01:56.100119,identity,16,121,0.00040362551128226974,19,COMPLETE
142,8.336019163834862e-06,2025-07-15 16:39:48.409059,2025-07-15 16:42:04.954271,0 days 00:02:16.545212,identity,16,121,0.000393810304857737,19,COMPLETE
143,1.749674447637517e-05,2025-07-15 16:42:04.955210,2025-07-15 16:44:32.426624,0 days 00:02:27.471414,identity,16,111,0.0004886629319911665,19,COMPLETE
144,5.506707111635478e-06,2025-07-15 16:44:32.427525,2025-07-15 16:46:29.988293,0 days 00:01:57.560768,identity,16,116,0.00029923753027557957,20,COMPLETE
145,3.9840078898123465e-06,2025-07-15 16:46:29.989228,2025-07-15 16:48:28.409601,0 days 00:01:58.420373,identity,16,115,0.00030586580626676597,20,COMPLETE
146,1.3053456314082723e-05,2025-07-15 16:48:28.410525,2025-07-15 16:50:25.028369,0 days 00:01:56.617844,identity,16,115,0.0003067821927733684,20,COMPLETE
147,8.725190127734095e-05,2025-07-15 16:50:25.029312,2025-07-15 16:52:21.021088,0 days 00:01:55.991776,identity,16,120,0.00017388338908697496,20,COMPLETE
148,0.0010867430828511715,2025-07-15 16:52:21.022036,2025-07-15 16:53:24.566022,0 days 00:01:03.543986,identity,128,114,0.00041129864326477526,19,COMPLETE
149,1.679496926954016e-05,2025-07-15 16:53:24.566659,2025-07-15 16:55:17.755877,0 days 00:01:53.189218,identity,16,118,0.0002888943940207974,18,COMPLETE
150,1.4129678675089963e-05,2025-07-15 16:55:17.756782,2025-07-15 16:57:21.775714,0 days 00:02:04.018932,identity,16,123,0.0006641806202948687,21,COMPLETE
151,5.415874966274714e-06,2025-07-15 16:57:21.776412,2025-07-15 16:59:16.486236,0 days 00:01:54.709824,identity,16,116,0.0003421193641359941,19,COMPLETE
152,1.1841557352454402e-05,2025-07-15 16:59:16.487120,2025-07-15 17:01:13.014607,0 days 00:01:56.527487,identity,16,116,0.0002556360479236657,19,COMPLETE
153,4.67464315079269e-06,2025-07-15 17:01:13.015467,2025-07-15 17:02:56.973381,0 days 00:01:43.957914,identity,16,112,0.00044393154974545234,18,COMPLETE
154,5.142359896126436e-06,2025-07-15 17:02:56.974186,2025-07-15 17:04:44.518067,0 days 00:01:47.543881,identity,16,112,0.00044120556223946263,18,COMPLETE
155,5.2885161494486965e-06,2025-07-15 17:04:44.519039,2025-07-15 17:06:26.366110,0 days 00:01:41.847071,identity,16,110,0.0004485353906224151,16,COMPLETE
156,4.270811587048229e-06,2025-07-15 17:06:26.366855,2025-07-15 17:08:10.173241,0 days 00:01:43.806386,identity,16,111,0.00043931385836734285,16,COMPLETE
157,4.7599346544302534e-06,2025-07-15 17:08:10.174133,2025-07-15 17:09:55.783316,0 days 00:01:45.609183,identity,16,110,0.0004434372778663328,16,COMPLETE
158,0.001531753921881318,2025-07-15 17:09:55.784260,2025-07-15 17:10:49.944522,0 days 00:00:54.160262,identity,64,112,0.0004171427955936002,17,COMPLETE
159,6.601128461625194e-06,2025-07-15 17:10:49.945248,2025-07-15 17:12:24.095243,0 days 00:01:34.149995,identity,16,105,0.00037417641345796344,15,COMPLETE
160,5.381158189265989e-06,2025-07-15 17:12:24.096155,2025-07-15 17:14:09.017615,0 days 00:01:44.921460,identity,16,107,0.0005184605112996217,18,COMPLETE
161,7.539574198744958e-06,2025-07-15 17:14:09.018276,2025-07-15 17:15:50.826546,0 days 00:01:41.808270,identity,16,110,0.00045028798871036673,16,COMPLETE
162,1.1544299923116341e-05,2025-07-15 17:15:50.827484,2025-07-15 17:17:26.506498,0 days 00:01:35.679014,identity,16,112,0.0005682190900469672,15,COMPLETE
163,6.717070391459856e-06,2025-07-15 17:17:26.507420,2025-07-15 17:19:08.194424,0 days 00:01:41.687004,identity,16,110,0.00044058874755325194,16,COMPLETE
164,2.230695099569857e-05,2025-07-15 17:19:08.195308,2025-07-15 17:20:53.675882,0 days 00:01:45.480574,identity,16,113,0.0027904758653401625,17,COMPLETE
165,6.050567662896356e-06,2025-07-15 17:20:53.676650,2025-07-15 17:22:30.623557,0 days 00:01:36.946907,identity,16,107,0.0003795232034538603,15,COMPLETE
166,4.486475972953485e-06,2025-07-15 17:22:30.624419,2025-07-15 17:24:12.917499,0 days 00:01:42.293080,identity,16,109,0.0004891415347682327,16,COMPLETE
167,0.0002699398319236934,2025-07-15 17:24:12.918253,2025-07-15 17:25:14.265580,0 days 00:01:01.347327,identity,16,29,0.00047915879776095217,14,COMPLETE
168,5.790283466922119e-06,2025-07-15 17:25:14.266252,2025-07-15 17:26:59.932235,0 days 00:01:45.665983,identity,16,114,0.00040092670636524604,17,COMPLETE
169,7.34872219254612e-06,2025-07-15 17:26:59.932921,2025-07-15 17:28:53.676738,0 days 00:01:53.743817,identity,16,119,0.0005328476336225282,18,COMPLETE
170,0.0013157110661268234,2025-07-15 17:28:53.677656,2025-07-15 17:29:48.951897,0 days 00:00:55.274241,identity,32,66,0.00035102421567167265,18,COMPLETE
171,5.331555712473346e-06,2025-07-15 17:29:48.952372,2025-07-15 17:31:30.770852,0 days 00:01:41.818480,identity,16,109,0.00043370893690429193,16,COMPLETE
172,1.0260166163789108e-05,2025-07-15 17:31:30.771755,2025-07-15 17:33:18.248756,0 days 00:01:47.477001,identity,16,111,0.00048012608960390496,16,COMPLETE
173,5.9393046285549644e-06,2025-07-15 17:33:18.249607,2025-07-15 17:34:58.873385,0 days 00:01:40.623778,identity,16,105,0.0005965497569834552,15,COMPLETE
174,4.97073096994427e-06,2025-07-15 17:34:58.874387,2025-07-15 17:36:52.458374,0 days 00:01:53.583987,identity,16,114,0.0004107808158614173,17,COMPLETE
175,1.0028525139205158e-05,2025-07-15 17:36:52.459236,2025-07-15 17:38:37.803891,0 days 00:01:45.344655,identity,16,113,0.0003217945862145646,17,COMPLETE
176,4.964469098922564e-06,2025-07-15 17:38:37.804745,2025-07-15 17:40:31.549673,0 days 00:01:53.744928,identity,16,119,0.00039284668492535295,18,COMPLETE
177,8.615465958428103e-06,2025-07-15 17:40:31.550702,2025-07-15 17:42:24.658265,0 days 00:01:53.107563,identity,16,122,0.0004198108095126505,18,COMPLETE
178,0.0011227037757635117,2025-07-15 17:42:24.659182,2025-07-15 17:43:29.668753,0 days 00:01:05.009571,identity,128,115,0.000377714647091949,17,COMPLETE
179,5.980213700240711e-06,2025-07-15 17:43:29.669602,2025-07-15 17:45:33.170789,0 days 00:02:03.501187,identity,16,79,0.0005118308893999041,18,COMPLETE
180,5.413085091277026e-06,2025-07-15 17:45:33.171685,2025-07-15 17:47:30.479467,0 days 00:01:57.307782,identity,16,118,0.0003878955173894304,18,COMPLETE
181,6.504061275336426e-06,2025-07-15 17:47:30.480360,2025-07-15 17:49:29.307752,0 days 00:01:58.827392,identity,16,121,0.00035029034617488033,19,COMPLETE
182,6.424508228519699e-06,2025-07-15 17:49:29.308637,2025-07-15 17:51:17.600549,0 days 00:01:48.291912,identity,16,113,0.0004115218821411969,17,COMPLETE
183,8.459218406642321e-06,2025-07-15 17:51:17.601492,2025-07-15 17:53:16.733840,0 days 00:01:59.132348,identity,16,119,0.0004711756201370837,18,COMPLETE
184,5.746707302023424e-06,2025-07-15 17:53:16.734921,2025-07-15 17:55:09.088760,0 days 00:01:52.353839,identity,16,108,0.0003268738939745228,19,COMPLETE
185,6.040790594852297e-06,2025-07-15 17:55:09.089830,2025-07-15 17:57:06.066671,0 days 00:01:56.976841,identity,16,115,0.00038071988428011117,19,COMPLETE
186,9.807692549657077e-06,2025-07-15 17:57:06.067721,2025-07-15 17:58:40.378801,0 days 00:01:34.311080,identity,16,124,0.000557386833148309,10,COMPLETE
187,2.5889135940815322e-05,2025-07-15 17:58:40.379643,2025-07-15 18:00:44.569794,0 days 00:02:04.190151,identity,16,117,0.004657605770676894,17,COMPLETE
188,7.107622423063731e-06,2025-07-15 18:00:44.570685,2025-07-15 18:02:35.310247,0 days 00:01:50.739562,identity,16,111,0.0004326805135176047,16,COMPLETE
189,4.303809873817954e-06,2025-07-15 18:02:35.311149,2025-07-15 18:04:26.772826,0 days 00:01:51.461677,identity,16,120,0.0003537389566413865,17,COMPLETE
190,8.946384696173482e-06,2025-07-15 18:04:26.773687,2025-07-15 18:06:20.784849,0 days 00:01:54.011162,identity,16,121,0.00048419967180157107,17,COMPLETE
191,5.136599156685406e-06,2025-07-15 18:06:20.785756,2025-07-15 18:08:19.282755,0 days 00:01:58.496999,identity,16,119,0.00033699554194343895,18,COMPLETE
192,5.3226458476274274e-06,2025-07-15 18:08:19.283693,2025-07-15 18:10:12.595872,0 days 00:01:53.312179,identity,16,114,0.00039000210736947916,18,COMPLETE
193,8.977053767011967e-06,2025-07-15 18:10:12.596789,2025-07-15 18:12:08.744220,0 days 00:01:56.147431,identity,16,117,0.00034346579853211564,18,COMPLETE
194,6.16874240222387e-06,2025-07-15 18:12:08.745193,2025-07-15 18:14:06.466947,0 days 00:01:57.721754,identity,16,125,0.00028525631783472323,17,COMPLETE
195,0.0019238080130890012,2025-07-15 18:14:06.467752,2025-07-15 18:15:10.717282,0 days 00:01:04.249530,identity,64,119,0.00035873486538260584,18,COMPLETE
196,4.607654318533605e-06,2025-07-15 18:15:10.717838,2025-07-15 18:17:01.241992,0 days 00:01:50.524154,identity,16,112,0.00043721837049814937,19,COMPLETE
197,7.515340712416219e-06,2025-07-15 18:17:01.242915,2025-07-15 18:18:48.403407,0 days 00:01:47.160492,identity,16,111,0.00044328500195199084,16,COMPLETE
198,1.659511326579377e-05,2025-07-15 18:18:48.404348,2025-07-15 18:20:40.420528,0 days 00:01:52.016180,identity,16,109,0.000517959882398409,18,COMPLETE
199,6.2289050219987985e-06,2025-07-15 18:20:40.421523,2025-07-15 18:22:35.867916,0 days 00:01:55.446393,identity,16,113,0.00040178321342091046,19,COMPLETE
200,7.261449809448095e-06,2025-07-15 18:22:35.868638,2025-07-15 18:24:31.131236,0 days 00:01:55.262598,identity,16,123,0.00046524392832411474,17,COMPLETE
201,5.104309821035713e-06,2025-07-15 18:24:31.132125,2025-07-15 18:26:31.107105,0 days 00:01:59.974980,identity,16,115,0.00036183568990025424,20,COMPLETE
202,1.4960088265070226e-05,2025-07-15 18:26:31.107959,2025-07-15 18:28:24.902142,0 days 00:01:53.794183,identity,16,112,0.00041683347033826283,20,COMPLETE
203,1.1772813195420895e-05,2025-07-15 18:28:24.903062,2025-07-15 18:30:26.137615,0 days 00:02:01.234553,identity,16,116,0.0003108311204776667,20,COMPLETE
204,4.823869858228136e-06,2025-07-15 18:30:26.138371,2025-07-15 18:32:17.636064,0 days 00:01:51.497693,identity,16,107,0.0003645429590846177,19,COMPLETE
205,5.194043296796735e-06,2025-07-15 18:32:17.636972,2025-07-15 18:34:16.326015,0 days 00:01:58.689043,identity,16,108,0.00036368463106943127,21,COMPLETE
206,9.878922355710529e-06,2025-07-15 18:34:16.326914,2025-07-15 18:36:06.946101,0 days 00:01:50.619187,identity,16,106,0.0015807583461558547,19,COMPLETE
207,6.468268566095503e-06,2025-07-15 18:36:06.947052,2025-07-15 18:37:58.004654,0 days 00:01:51.057602,identity,16,110,0.00031366258625198764,18,COMPLETE
208,1.3089925232634414e-05,2025-07-15 18:37:58.005598,2025-07-15 18:39:54.785323,0 days 00:01:56.779725,identity,16,103,0.0004477186443545504,20,COMPLETE
209,3.7766280001960695e-05,2025-07-15 18:39:54.786236,2025-07-15 18:41:14.131809,0 days 00:01:19.345573,identity,32,114,0.0005168695575815163,19,COMPLETE
210,7.0418886934930924e-06,2025-07-15 18:41:14.132316,2025-07-15 18:42:54.161507,0 days 00:01:40.029191,identity,16,112,0.0003674125669299665,16,COMPLETE
211,9.035195944306906e-06,2025-07-15 18:42:54.162360,2025-07-15 18:44:51.834539,0 days 00:01:57.672179,identity,16,118,0.000404248803453222,18,COMPLETE
212,4.981423899153015e-06,2025-07-15 18:44:51.835443,2025-07-15 18:46:49.609125,0 days 00:01:57.773682,identity,16,120,0.00043134823650215306,19,COMPLETE
213,2.4004770239116624e-05,2025-07-15 18:46:49.609812,2025-07-15 18:48:11.460415,0 days 00:01:21.850603,identity,16,115,0.00046272184657454465,7,COMPLETE
214,4.3833019844896626e-06,2025-07-15 18:48:11.461117,2025-07-15 18:50:02.791070,0 days 00:01:51.329953,identity,16,120,0.00042982750773555003,17,COMPLETE
215,6.430405846913345e-06,2025-07-15 18:50:02.791982,2025-07-15 18:51:54.465112,0 days 00:01:51.673130,identity,16,120,0.0003634617884538707,17,COMPLETE
216,5.097044777357951e-06,2025-07-15 18:51:54.465825,2025-07-15 18:53:57.329771,0 days 00:02:02.863946,identity,16,117,0.0003289438707598625,20,COMPLETE
217,6.798001322749769e-06,2025-07-15 18:53:57.330685,2025-07-15 18:55:59.832979,0 days 00:02:02.502294,identity,16,117,0.0002710575992103411,20,COMPLETE
218,0.0014595657121390104,2025-07-15 18:55:59.833878,2025-07-15 18:57:10.101635,0 days 00:01:10.267757,identity,128,115,0.00048603296208843226,21,COMPLETE
219,6.790677161916392e-06,2025-07-15 18:57:10.102288,2025-07-15 18:59:05.148370,0 days 00:01:55.046082,identity,16,107,0.000553357906664657,20,COMPLETE
220,8.07970263849711e-06,2025-07-15 18:59:05.149153,2025-07-15 19:01:07.845766,0 days 00:02:02.696613,identity,16,121,0.0003999223892097177,20,COMPLETE
221,5.409611731010955e-06,2025-07-15 19:01:07.846559,2025-07-15 19:03:07.742817,0 days 00:01:59.896258,identity,16,118,0.0003302823450594566,19,COMPLETE
222,1.0446281521581113e-05,2025-07-15 19:03:07.743721,2025-07-15 19:04:52.503497,0 days 00:01:44.759776,identity,16,120,0.0003083215425572767,15,COMPLETE
223,5.620309366349829e-06,2025-07-15 19:04:52.504401,2025-07-15 19:06:50.462350,0 days 00:01:57.957949,identity,16,116,0.0003612703332372452,19,COMPLETE
224,5.326767677615862e-06,2025-07-15 19:06:50.463111,2025-07-15 19:08:39.176574,0 days 00:01:48.713463,identity,16,113,0.00039624170968313927,17,COMPLETE
225,4.53999336968991e-06,2025-07-15 19:08:39.177505,2025-07-15 19:10:25.059477,0 days 00:01:45.881972,identity,16,110,0.0004358594609602799,16,COMPLETE
226,8.528149919584394e-06,2025-07-15 19:10:25.060390,2025-07-15 19:12:10.054485,0 days 00:01:44.994095,identity,16,109,0.0004251853384710641,16,COMPLETE
227,6.26878045295598e-06,2025-07-15 19:12:10.055214,2025-07-15 19:13:56.645170,0 days 00:01:46.589956,identity,16,111,0.0005028657664119524,16,COMPLETE
228,7.039280262688408e-06,2025-07-15 19:13:56.646121,2025-07-15 19:15:39.771593,0 days 00:01:43.125472,identity,16,109,0.0004375906667287287,15,COMPLETE
229,5.6859080359572545e-06,2025-07-15 19:15:39.772497,2025-07-15 19:17:29.824660,0 days 00:01:50.052163,identity,16,114,0.0004593937683791325,17,COMPLETE
230,4.731389253720408e-06,2025-07-15 19:17:29.825590,2025-07-15 19:19:26.990670,0 days 00:01:57.165080,identity,16,105,0.000605430990508334,21,COMPLETE
231,9.11220286070602e-06,2025-07-15 19:19:26.991563,2025-07-15 19:21:15.725337,0 days 00:01:48.733774,identity,16,105,0.0005296287100434693,19,COMPLETE
232,5.336367394193076e-06,2025-07-15 19:21:15.726255,2025-07-15 19:23:09.435688,0 days 00:01:53.709433,identity,16,101,0.0006081335003105711,20,COMPLETE
233,1.0891666534007527e-05,2025-07-15 19:23:09.436606,2025-07-15 19:25:07.421684,0 days 00:01:57.985078,identity,16,107,0.00038168419664299624,21,COMPLETE
234,6.992578164499719e-06,2025-07-15 19:25:07.422635,2025-07-15 19:27:05.321006,0 days 00:01:57.898371,identity,16,111,0.00048834592296493,19,COMPLETE
235,7.815036042302381e-06,2025-07-15 19:27:05.321790,2025-07-15 19:28:51.206029,0 days 00:01:45.884239,identity,16,113,0.0006573145472556515,16,COMPLETE
236,6.148052762000589e-06,2025-07-15 19:28:51.216008,2025-07-15 19:30:50.205430,0 days 00:01:58.989422,identity,16,110,0.00042754844529120493,20,COMPLETE
237,0.0012142580235376954,2025-07-15 19:30:50.206144,2025-07-15 19:31:49.244583,0 days 00:00:59.038439,identity,64,116,0.0005557145198758341,17,COMPLETE
238,6.931944881216623e-06,2025-07-15 19:31:49.245232,2025-07-15 19:33:42.186962,0 days 00:01:52.941730,identity,16,105,0.0003954868131393341,20,COMPLETE
239,1.5272560631274246e-05,2025-07-15 19:33:42.187719,2025-07-15 19:35:45.711950,0 days 00:02:03.524231,identity,16,114,0.0004776838002256676,21,COMPLETE
240,1.4004567674419377e-05,2025-07-15 19:35:45.712827,2025-07-15 19:37:38.896225,0 days 00:01:53.183398,identity,16,108,0.001165706592795185,19,COMPLETE
241,7.000489858910441e-06,2025-07-15 19:37:38.897131,2025-07-15 19:39:38.418226,0 days 00:01:59.521095,identity,16,119,0.0003423324898916775,18,COMPLETE
242,4.241003261995502e-05,2025-07-15 19:39:38.419000,2025-07-15 19:40:54.645423,0 days 00:01:16.226423,identity,16,49,0.00034356019319434184,18,COMPLETE
243,4.480110419535777e-06,2025-07-15 19:40:54.646221,2025-07-15 19:42:47.535851,0 days 00:01:52.889630,identity,16,117,0.00029422795140422156,17,COMPLETE
244,4.896316113445209e-06,2025-07-15 19:42:47.536789,2025-07-15 19:44:40.340552,0 days 00:01:52.803763,identity,16,117,0.0002754424931707516,17,COMPLETE
245,4.1225357563234866e-06,2025-07-15 19:44:40.341486,2025-07-15 19:46:34.955818,0 days 00:01:54.614332,identity,16,122,0.00027651478925899974,17,COMPLETE
246,8.732342394068837e-06,2025-07-15 19:46:34.956742,2025-07-15 19:48:31.132854,0 days 00:01:56.176112,identity,16,123,0.00024274711234002842,17,COMPLETE
247,4.371739578346023e-06,2025-07-15 19:48:31.133577,2025-07-15 19:50:29.562279,0 days 00:01:58.428702,identity,16,126,0.00028238050741467895,17,COMPLETE
248,9.809605217014905e-06,2025-07-15 19:50:29.563219,2025-07-15 19:52:27.819602,0 days 00:01:58.256383,identity,16,126,0.00025922704680803114,17,COMPLETE
249,1.0541987649048679e-05,2025-07-15 19:52:27.820678,2025-07-15 19:54:20.480695,0 days 00:01:52.660017,identity,16,124,0.0002908058357701924,16,COMPLETE
250,5.2745058383152355e-06,2025-07-15 19:54:20.481620,2025-07-15 19:56:20.027296,0 days 00:01:59.545676,identity,16,127,0.0002838608894703716,17,COMPLETE
251,4.622811502486002e-06,2025-07-15 19:56:20.028228,2025-07-15 19:58:13.705914,0 days 00:01:53.677686,identity,16,122,0.0002718608178908385,17,COMPLETE
252,1.1415237167966552e-05,2025-07-15 19:58:13.706694,2025-07-15 20:00:08.189012,0 days 00:01:54.482318,identity,16,126,0.00021254774559813336,16,COMPLETE
253,0.0007244418375194073,2025-07-15 20:00:08.189971,2025-07-15 20:01:26.438707,0 days 00:01:18.248736,identity,32,121,0.00025874069724911514,17,COMPLETE
254,1.3165440559387207,2025-07-15 20:01:26.439262,2025-07-15 20:03:25.733146,0 days 00:01:59.293884,relu,16,123,0.00029015136602163937,17,COMPLETE
255,9.102329386223573e-06,2025-07-15 20:03:25.734043,2025-07-15 20:05:19.764546,0 days 00:01:54.030503,identity,16,125,0.00023265628793685286,16,COMPLETE
256,4.789620106748771e-06,2025-07-15 20:05:19.765450,2025-07-15 20:07:12.962292,0 days 00:01:53.196842,identity,16,121,0.00027913562465675483,17,COMPLETE
257,9.751429388416e-06,2025-07-15 20:07:12.963010,2025-07-15 20:09:05.429282,0 days 00:01:52.466272,identity,16,128,0.00025532721306516037,17,COMPLETE
258,0.0007448646356351674,2025-07-15 20:09:05.430185,2025-07-15 20:10:08.181319,0 days 00:01:02.751134,identity,128,122,0.00023642862869352834,17,COMPLETE
259,6.754492460459005e-06,2025-07-15 20:10:08.181801,2025-07-15 20:11:58.256165,0 days 00:01:50.074364,identity,16,121,0.000274559702558246,16,COMPLETE
260,5.573572252615122e-06,2025-07-15 20:11:58.257053,2025-07-15 20:13:52.881815,0 days 00:01:54.624762,identity,16,118,0.00030210062737788166,17,COMPLETE
261,7.344896403083112e-06,2025-07-15 20:13:52.882735,2025-07-15 20:15:44.680447,0 days 00:01:51.797712,identity,16,123,0.00027040950452997183,16,COMPLETE
262,5.394311301643029e-06,2025-07-15 20:15:44.681198,2025-07-15 20:17:42.549398,0 days 00:01:57.868200,identity,16,125,0.00030817710737588046,17,COMPLETE
263,1.017637532640947e-05,2025-07-15 20:17:42.550306,2025-07-15 20:19:33.896914,0 days 00:01:51.346608,identity,16,118,0.00027749188681657145,16,COMPLETE
264,1.0541821211518254e-05,2025-07-15 20:19:33.897836,2025-07-15 20:21:28.633382,0 days 00:01:54.735546,identity,16,122,0.00024836667294669026,17,COMPLETE
265,9.60874167503789e-05,2025-07-15 20:21:28.634311,2025-07-15 20:23:20.426215,0 days 00:01:51.791904,identity,16,120,0.00019749134578356503,17,COMPLETE
266,1.3823861081618816e-05,2025-07-15 20:23:20.427133,2025-07-15 20:24:44.904588,0 days 00:01:24.477455,identity,16,71,0.0003095263076580618,15,COMPLETE
267,7.658736649318598e-06,2025-07-15 20:24:44.905118,2025-07-15 20:26:39.218415,0 days 00:01:54.313297,identity,16,116,0.00038220487339448854,18,COMPLETE
268,8.28870452096453e-06,2025-07-15 20:26:39.219316,2025-07-15 20:28:27.977383,0 days 00:01:48.758067,identity,16,128,0.00042013263333410563,16,COMPLETE
269,0.0007273131632246077,2025-07-15 20:28:27.978145,2025-07-15 20:29:21.961370,0 days 00:00:53.983225,identity,64,112,0.00022333704894576272,17,COMPLETE
270,5.647418220178224e-06,2025-07-15 20:29:21.962021,2025-07-15 20:31:19.924519,0 days 00:01:57.962498,identity,16,118,0.0004630914011088824,18,COMPLETE
271,8.39032782096183e-06,2025-07-15 20:31:19.925412,2025-07-15 20:33:11.247467,0 days 00:01:51.322055,identity,16,116,0.0002842747326146574,17,COMPLETE
272,1.3167331218719482,2025-07-15 20:33:11.248199,2025-07-15 20:34:32.665169,0 days 00:01:21.416970,relu,16,61,0.0005907516557065148,16,COMPLETE
273,6.347048838506453e-06,2025-07-15 20:34:32.666053,2025-07-15 20:36:33.508213,0 days 00:02:00.842160,identity,16,125,0.00037078947024643343,18,COMPLETE
274,4.743970748677384e-06,2025-07-15 20:36:33.509145,2025-07-15 20:38:22.292381,0 days 00:01:48.783236,identity,16,110,0.0003196673707687808,17,COMPLETE
275,5.2985137699579354e-06,2025-07-15 20:38:22.293119,2025-07-15 20:40:14.496850,0 days 00:01:52.203731,identity,16,110,0.00032979923027778743,18,COMPLETE
276,0.0016477458411827683,2025-07-15 20:40:14.497836,2025-07-15 20:40:51.457777,0 days 00:00:36.959941,identity,32,30,0.00027739003474746134,14,COMPLETE
277,7.0183132265810855e-06,2025-07-15 20:40:51.458493,2025-07-15 20:42:32.520565,0 days 00:01:41.062072,identity,16,108,0.000309175476637412,15,COMPLETE
278,6.811219463997986e-06,2025-07-15 20:42:32.521283,2025-07-15 20:44:21.624030,0 days 00:01:49.102747,identity,16,120,0.0002634291950165104,16,COMPLETE
279,0.00233219051733613,2025-07-15 20:44:21.625007,2025-07-15 20:45:11.460936,0 days 00:00:49.835929,identity,16,8,0.0003441201250542775,17,COMPLETE
280,7.870576155255549e-06,2025-07-15 20:45:11.461484,2025-07-15 20:46:59.621816,0 days 00:01:48.160332,identity,16,111,0.0005132882873801186,16,COMPLETE
281,4.385438842291478e-06,2025-07-15 20:46:59.622841,2025-07-15 20:48:54.437768,0 days 00:01:54.814927,identity,16,122,0.00029731729722802806,17,COMPLETE
282,5.303282250679331e-06,2025-07-15 20:48:54.438778,2025-07-15 20:50:49.108594,0 days 00:01:54.669816,identity,16,122,0.00029978726214009883,17,COMPLETE
283,8.207372957258485e-06,2025-07-15 20:50:49.109589,2025-07-15 20:52:28.963372,0 days 00:01:39.853783,identity,16,104,0.0009729386120180093,16,COMPLETE
284,0.0008441607933491468,2025-07-15 20:52:28.964334,2025-07-15 20:53:30.007244,0 days 00:01:01.042910,identity,128,122,0.00024798039800847256,17,COMPLETE
285,4.806202468898846e-06,2025-07-15 20:53:30.007749,2025-07-15 20:55:26.918863,0 days 00:01:56.911114,identity,16,124,0.0002915340450317101,17,COMPLETE
286,1.2483929822337814e-05,2025-07-15 20:55:26.919757,2025-07-15 20:57:21.395720,0 days 00:01:54.475963,identity,16,125,0.0002838264149872911,16,COMPLETE
287,1.2934724509250373e-05,2025-07-15 20:57:21.396493,2025-07-15 20:59:15.722577,0 days 00:01:54.326084,identity,16,128,0.0002334625930499269,17,COMPLETE
288,5.136676918482408e-06,2025-07-15 20:59:15.723568,2025-07-15 21:01:14.491083,0 days 00:01:58.767515,identity,16,125,0.00026401283693794597,17,COMPLETE
289,4.334622644819319e-06,2025-07-15 21:01:14.491960,2025-07-15 21:03:10.082191,0 days 00:01:55.590231,identity,16,123,0.0003008040263814954,17,COMPLETE
290,4.401656497066142e-06,2025-07-15 21:03:10.083110,2025-07-15 21:05:06.741060,0 days 00:01:56.657950,identity,16,124,0.000303959139680356,17,COMPLETE
291,6.447574833146064e-06,2025-07-15 21:05:06.741803,2025-07-15 21:06:56.982360,0 days 00:01:50.240557,identity,16,126,0.00031487919324538373,15,COMPLETE
292,1.0128032954526134e-05,2025-07-15 21:06:56.983336,2025-07-15 21:08:49.407167,0 days 00:01:52.423831,identity,16,124,0.00030324205155484075,16,COMPLETE
293,1.3165440559387207,2025-07-15 21:08:49.408109,2025-07-15 21:09:53.441090,0 days 00:01:04.032981,relu,64,123,0.0003297358337295365,17,COMPLETE
294,1.8444456145516597e-05,2025-07-15 21:09:53.441616,2025-07-15 21:11:42.293428,0 days 00:01:48.851812,identity,16,128,0.0018599118062683911,16,COMPLETE
295,1.0471003406564705e-05,2025-07-15 21:11:42.294350,2025-07-15 21:13:43.270611,0 days 00:02:00.976261,identity,16,125,0.0002936312421570248,18,COMPLETE
296,0.0001629679318284616,2025-07-15 21:13:43.271598,2025-07-15 21:15:20.335588,0 days 00:01:37.063990,identity,16,85,0.00021418923045558454,17,COMPLETE
297,5.296173185342923e-06,2025-07-15 21:15:20.336537,2025-07-15 21:17:15.822571,0 days 00:01:55.486034,identity,16,123,0.000352054589185648,17,COMPLETE
298,2.716677226999309e-05,2025-07-15 21:17:15.823446,2025-07-15 21:19:04.900047,0 days 00:01:49.076601,identity,16,121,0.0002585185340835512,16,COMPLETE
299,4.419255219545448e-06,2025-07-15 21:19:04.900931,2025-07-15 21:21:01.205914,0 days 00:01:56.304983,identity,16,124,0.00032744811571609945,17,COMPLETE
300,4.597184215526795e-06,2025-07-15 21:21:01.206866,2025-07-15 21:22:55.350551,0 days 00:01:54.143685,identity,16,121,0.0003187006747734617,17,COMPLETE
301,4.793970674654702e-06,2025-07-15 21:22:55.351492,2025-07-15 21:24:48.690661,0 days 00:01:53.339169,identity,16,121,0.00031323899673960125,17,COMPLETE
302,6.21538356426754e-06,2025-07-15 21:24:48.691456,2025-07-15 21:26:40.083001,0 days 00:01:51.391545,identity,16,120,0.0003253953765841119,17,COMPLETE
303,0.0011418681824579835,2025-07-15 21:26:40.083844,2025-07-15 21:27:57.204979,0 days 00:01:17.121135,identity,32,121,0.0003252374386671929,17,COMPLETE
304,7.310947239602683e-06,2025-07-15 21:27:57.205675,2025-07-15 21:29:32.548172,0 days 00:01:35.342497,identity,16,91,0.00030290946399198044,16,COMPLETE
305,1.7331871276837774e-05,2025-07-15 21:29:32.549013,2025-07-15 21:31:26.760844,0 days 00:01:54.211831,identity,16,122,0.00026742973292344423,17,COMPLETE
306,5.729376880481141e-06,2025-07-15 21:31:26.761736,2025-07-15 21:33:21.553931,0 days 00:01:54.792195,identity,16,120,0.00036547063694953094,18,COMPLETE
307,9.1876536316704e-06,2025-07-15 21:33:21.554898,2025-07-15 21:35:12.435682,0 days 00:01:50.880784,identity,16,119,0.0003197305160056856,16,COMPLETE
308,1.1653610272333026e-05,2025-07-15 21:35:12.436664,2025-07-15 21:37:08.464453,0 days 00:01:56.027789,identity,16,123,0.00024410786261185282,17,COMPLETE
309,4.4545686250785366e-06,2025-07-15 21:37:08.465222,2025-07-15 21:39:10.243516,0 days 00:02:01.778294,identity,16,126,0.00028759630344928007,18,COMPLETE
310,0.0009219242492690682,2025-07-15 21:39:10.244455,2025-07-15 21:40:15.958583,0 days 00:01:05.714128,identity,128,126,0.0002707654048946302,18,COMPLETE
311,5.600403255812125e-06,2025-07-15 21:40:15.959265,2025-07-15 21:42:16.995095,0 days 00:02:01.035830,identity,16,125,0.00039780990537171477,18,COMPLETE
312,8.10107849247288e-06,2025-07-15 21:42:16.995819,2025-07-15 21:44:06.681307,0 days 00:01:49.685488,identity,16,126,0.0002954731755712545,15,COMPLETE
313,1.316388487815857,2025-07-15 21:44:06.682246,2025-07-15 21:46:17.041308,0 days 00:02:10.359062,relu,16,118,0.0003526165313805167,18,COMPLETE
314,1.6965490431175567e-05,2025-07-15 21:46:17.042315,2025-07-15 21:48:07.920701,0 days 00:01:50.878386,identity,16,128,0.00022682121557801555,16,COMPLETE
315,7.339859166677343e-06,2025-07-15 21:48:07.921670,2025-07-15 21:50:06.478970,0 days 00:01:58.557300,identity,16,123,0.000446183565573531,18,COMPLETE
316,1.2675716789090075e-05,2025-07-15 21:50:06.479988,2025-07-15 21:52:02.789907,0 days 00:01:56.309919,identity,16,123,0.00028934176313735326,17,COMPLETE
317,7.5512930379773024e-06,2025-07-15 21:52:02.790953,2025-07-15 21:53:32.857676,0 days 00:01:30.066723,identity,16,81,0.0002531017451906436,16,COMPLETE
318,5.052257165516494e-06,2025-07-15 21:53:32.858433,2025-07-15 21:55:25.232667,0 days 00:01:52.374234,identity,16,117,0.00038305190982522425,17,COMPLETE
319,1.9772187442868017e-05,2025-07-15 21:55:25.233708,2025-07-15 21:56:59.854083,0 days 00:01:34.620375,identity,16,88,0.00034690199420642036,17,COMPLETE
320,0.0009358386741951108,2025-07-15 21:56:59.855140,2025-07-15 21:57:59.451577,0 days 00:00:59.596437,identity,64,119,0.0004133999025283314,16,COMPLETE
321,6.300964287220268e-06,2025-07-15 21:57:59.452128,2025-07-15 21:59:32.127937,0 days 00:01:32.675809,identity,16,112,0.0004671375993683542,13,COMPLETE
322,6.822456725785742e-06,2025-07-15 21:59:32.128854,2025-07-15 22:01:26.206234,0 days 00:01:54.077380,identity,16,121,0.0003283096731498451,17,COMPLETE
323,7.2447096499672625e-06,2025-07-15 22:01:26.207026,2025-07-15 22:03:28.860118,0 days 00:02:02.653092,identity,16,110,0.0002826009917946286,18,COMPLETE
324,6.795233275624923e-06,2025-07-15 22:03:28.861101,2025-07-15 22:05:20.823309,0 days 00:01:51.962208,identity,16,115,0.00038040886680402357,17,COMPLETE
325,1.1105676094302908e-05,2025-07-15 22:05:20.824270,2025-07-15 22:07:13.262058,0 days 00:01:52.437788,identity,16,124,0.0002484692170818808,16,COMPLETE
326,8.789644198259339e-06,2025-07-15 22:07:13.263121,2025-07-15 22:09:14.264204,0 days 00:02:01.001083,identity,16,126,0.00043660985482780454,18,COMPLETE
327,6.154822131065885e-06,2025-07-15 22:09:14.265173,2025-07-15 22:11:03.068909,0 days 00:01:48.803736,identity,16,118,0.000304624380777263,15,COMPLETE
328,0.001268149120733142,2025-07-15 22:11:03.069800,2025-07-15 22:12:22.643651,0 days 00:01:19.573851,identity,32,113,0.0003436884736176835,17,COMPLETE
329,8.117212928482331e-06,2025-07-15 22:12:22.644385,2025-07-15 22:14:20.085863,0 days 00:01:57.441478,identity,16,122,0.000497403553459655,18,COMPLETE
330,1.4330530575534794e-05,2025-07-15 22:14:20.086799,2025-07-15 22:16:05.858236,0 days 00:01:45.771437,identity,16,108,0.00028082989002215127,17,COMPLETE
331,9.422871698916424e-06,2025-07-15 22:16:05.859222,2025-07-15 22:17:54.048257,0 days 00:01:48.189035,identity,16,128,0.00040396194789777697,16,COMPLETE
332,7.395102329610381e-06,2025-07-15 22:17:54.049199,2025-07-15 22:19:44.913040,0 days 00:01:50.863841,identity,16,116,0.00036109966240782643,17,COMPLETE
333,1.316388487815857,2025-07-15 22:19:44.913822,2025-07-15 22:21:44.122452,0 days 00:01:59.208630,relu,16,120,0.00031612509099070716,18,COMPLETE
334,0.0005525886081159115,2025-07-15 22:21:44.123420,2025-07-15 22:22:34.876961,0 days 00:00:50.753541,identity,128,124,0.0002631332548947581,15,COMPLETE
335,7.634180292370729e-06,2025-07-15 22:22:34.877655,2025-07-15 22:24:16.340058,0 days 00:01:41.462403,identity,16,112,0.0004444109051704194,16,COMPLETE
336,1.012610755424248e-05,2025-07-15 22:24:16.340794,2025-07-15 22:26:05.295226,0 days 00:01:48.954432,identity,16,110,0.00022696269990850682,17,COMPLETE
337,5.59966701985104e-06,2025-07-15 22:26:05.296121,2025-07-15 22:28:07.988858,0 days 00:02:02.692737,identity,16,119,0.0003323918557472213,19,COMPLETE
338,4.655070824810537e-06,2025-07-15 22:28:07.989860,2025-07-15 22:30:02.146304,0 days 00:01:54.156444,identity,16,114,0.00037846540816988095,18,COMPLETE
339,7.350843134190654e-06,2025-07-15 22:30:02.147325,2025-07-15 22:31:59.357823,0 days 00:01:57.210498,identity,16,114,0.0003867929752948543,19,COMPLETE
340,8.571159014536534e-06,2025-07-15 22:31:59.358837,2025-07-15 22:33:46.024623,0 days 00:01:46.665786,identity,16,106,0.000418020352923676,18,COMPLETE
341,1.4440907762036659e-05,2025-07-15 22:33:46.025659,2025-07-15 22:35:00.259118,0 days 00:01:14.233459,identity,16,94,0.0004849506591962203,7,COMPLETE
342,1.2767176485795062e-05,2025-07-15 22:35:00.259654,2025-07-15 22:36:32.492980,0 days 00:01:32.233326,identity,16,76,0.00037377037974500426,18,COMPLETE
343,9.126682016358245e-06,2025-07-15 22:36:32.493720,2025-07-15 22:38:24.140945,0 days 00:01:51.647225,identity,16,109,0.00044788551830387315,18,COMPLETE
344,0.00036853388883173466,2025-07-15 22:38:24.141751,2025-07-15 22:39:27.236415,0 days 00:01:03.094664,identity,64,114,0.000348523411980419,19,COMPLETE
345,5.058507667854428e-06,2025-07-15 22:39:27.237093,2025-07-15 22:41:14.484582,0 days 00:01:47.247489,identity,16,116,0.0005302957418737447,16,COMPLETE
346,7.112781531759538e-06,2025-07-15 22:41:14.485609,2025-07-15 22:42:58.104024,0 days 00:01:43.618415,identity,16,112,0.0004099118879250963,17,COMPLETE
347,5.119655270391377e-06,2025-07-15 22:42:58.104832,2025-07-15 22:44:51.834327,0 days 00:01:53.729495,identity,16,111,0.00037104696623310864,18,COMPLETE
348,1.5295630873879418e-05,2025-07-15 22:44:51.835368,2025-07-15 22:46:39.402676,0 days 00:01:47.567308,identity,16,116,0.00030762324431362123,16,COMPLETE
349,5.178002538741566e-06,2025-07-15 22:46:39.403636,2025-07-15 22:48:30.433929,0 days 00:01:51.030293,identity,16,107,0.0004819505564522983,19,COMPLETE
350,1.3015946024097502e-05,2025-07-15 22:48:30.434694,2025-07-15 22:50:24.846881,0 days 00:01:54.412187,identity,16,118,0.0004244267603840866,17,COMPLETE
351,3.50389200320933e-05,2025-07-15 22:50:24.847793,2025-07-15 22:52:25.989107,0 days 00:02:01.141314,identity,16,126,0.005927060183615508,18,COMPLETE
352,8.78578211995773e-05,2025-07-15 22:52:25.990009,2025-07-15 22:54:12.233441,0 days 00:01:46.243432,relu,16,103,0.00011059652718004049,17,COMPLETE
353,6.1414525589498226e-06,2025-07-15 22:54:12.234206,2025-07-15 22:56:10.867862,0 days 00:01:58.633656,identity,16,123,0.00033037633285427556,18,COMPLETE
354,0.0007913397275842726,2025-07-15 22:56:10.868847,2025-07-15 22:57:24.256835,0 days 00:01:13.387988,identity,32,114,0.0003825628630763927,16,COMPLETE
355,0.0025482058990746737,2025-07-15 22:57:24.257809,2025-07-15 22:58:22.008560,0 days 00:00:57.750751,identity,16,20,0.00030273989823938733,17,COMPLETE
356,8.931327101890929e-06,2025-07-15 22:58:22.009129,2025-07-15 23:00:13.450443,0 days 00:01:51.441314,identity,16,109,0.0003494217862603067,17,COMPLETE
357,5.30180932400981e-06,2025-07-15 23:00:13.457820,2025-07-15 23:01:58.863587,0 days 00:01:45.405767,identity,16,120,0.00044299979886238555,15,COMPLETE
358,7.775929589115549e-06,2025-07-15 23:01:58.864537,2025-07-15 23:03:40.489573,0 days 00:01:41.625036,identity,16,112,0.0005305034219403705,16,COMPLETE
359,0.0010061267530545592,2025-07-15 23:03:40.490559,2025-07-15 23:04:42.878561,0 days 00:01:02.388002,identity,128,117,0.00028035452059014577,17,COMPLETE
360,1.2707151654467452e-05,2025-07-15 23:04:42.879249,2025-07-15 23:06:44.685460,0 days 00:02:01.806211,identity,16,126,0.00039500540680720135,18,COMPLETE
361,2.4764707632130012e-05,2025-07-15 23:06:44.686255,2025-07-15 23:08:12.931977,0 days 00:01:28.245722,identity,16,122,0.0003334125038281855,8,COMPLETE
362,5.088329089630861e-06,2025-07-15 23:08:12.933155,2025-07-15 23:10:01.376741,0 days 00:01:48.443586,identity,16,115,0.0004725949529122066,16,COMPLETE
363,9.863706509349868e-06,2025-07-15 23:10:01.377497,2025-07-15 23:12:14.620304,0 days 00:02:13.242807,identity,16,124,0.0002457326551297286,22,COMPLETE
364,5.852985395904398e-06,2025-07-15 23:12:14.621337,2025-07-15 23:14:07.780925,0 days 00:01:53.159588,identity,16,128,0.00030303107227199307,17,COMPLETE
365,4.047145466756774e-06,2025-07-15 23:14:07.781947,2025-07-15 23:15:54.512240,0 days 00:01:46.730293,identity,16,105,0.0003603464288138826,18,COMPLETE
366,6.0240286074986216e-06,2025-07-15 23:15:54.513277,2025-07-15 23:17:43.263688,0 days 00:01:48.750411,identity,16,101,0.00032971807227702427,18,COMPLETE
367,1.2798551324522123e-05,2025-07-15 23:17:43.264740,2025-07-15 23:19:33.774161,0 days 00:01:50.509421,identity,16,106,0.00035686125957676897,19,COMPLETE
368,1.5476998669328168e-05,2025-07-15 23:19:33.774974,2025-07-15 23:21:20.793978,0 days 00:01:47.019004,identity,16,105,0.0002688359061542327,18,COMPLETE
369,0.000680090335663408,2025-07-15 23:21:20.794971,2025-07-15 23:21:58.878314,0 days 00:00:38.083343,identity,64,57,0.00036325319469311066,19,COMPLETE
370,8.29839518701192e-06,2025-07-15 23:21:58.878885,2025-07-15 23:23:57.251461,0 days 00:01:58.372576,identity,16,119,0.0002968662540674465,18,COMPLETE
371,0.00025148893473669887,2025-07-15 23:23:57.252407,2025-07-15 23:25:55.696055,0 days 00:01:58.443648,relu,16,122,0.00014954543707283106,18,COMPLETE
372,1.0750507499324158e-05,2025-07-15 23:25:55.697031,2025-07-15 23:27:59.699009,0 days 00:02:04.001978,identity,16,124,0.0003892776963557898,19,COMPLETE
373,4.287567662686342e-06,2025-07-15 23:27:59.699978,2025-07-15 23:29:51.695878,0 days 00:01:51.995900,identity,16,120,0.00031886900930869764,17,COMPLETE
374,8.685447028256021e-06,2025-07-15 23:29:51.696792,2025-07-15 23:31:47.500653,0 days 00:01:55.803861,identity,16,120,0.00026185068443043555,18,COMPLETE
375,5.639182290906319e-06,2025-07-15 23:31:47.501539,2025-07-15 23:33:41.231701,0 days 00:01:53.730162,identity,16,98,0.00040776427038801154,21,COMPLETE
376,5.5580232583452016e-05,2025-07-15 23:33:41.232668,2025-07-15 23:35:36.291531,0 days 00:01:55.058863,identity,16,118,0.00020486838935321086,17,COMPLETE
377,1.3040885278314818e-05,2025-07-15 23:35:36.292570,2025-07-15 23:37:37.883744,0 days 00:02:01.591174,identity,16,121,0.00029516758349328254,19,COMPLETE
378,0.0008821162628009915,2025-07-15 23:37:37.884759,2025-07-15 23:38:58.702032,0 days 00:01:20.817273,identity,32,125,0.00035235349928915724,17,COMPLETE
379,8.178194548236206e-06,2025-07-15 23:38:58.702773,2025-07-15 23:40:55.515238,0 days 00:01:56.812465,identity,16,117,0.00032400881694967564,18,COMPLETE
380,2.7562804461922497e-05,2025-07-15 23:40:55.516181,2025-07-15 23:42:17.400603,0 days 00:01:21.884422,identity,16,122,0.00043255138499339094,6,COMPLETE
381,5.462833087221952e-06,2025-07-15 23:42:17.401157,2025-07-15 23:44:11.873167,0 days 00:01:54.472010,identity,16,119,0.000372918485664644,17,COMPLETE
382,4.1609822801547125e-05,2025-07-15 23:44:11.874129,2025-07-15 23:45:51.257400,0 days 00:01:39.383271,identity,16,124,0.0002808189909699748,11,COMPLETE
383,2.328471418877598e-05,2025-07-15 23:45:51.258258,2025-07-15 23:47:47.031706,0 days 00:01:55.773448,identity,16,128,0.0002424979386987162,18,COMPLETE
384,8.515065928804688e-06,2025-07-15 23:47:47.032508,2025-07-15 23:49:19.970351,0 days 00:01:32.937843,identity,16,67,0.0003135365764576176,20,COMPLETE
385,2.0389052224345505e-05,2025-07-15 23:49:19.971122,2025-07-15 23:51:11.853849,0 days 00:01:51.882727,identity,16,116,0.0024518959614401497,17,COMPLETE
386,0.0005104414303787053,2025-07-15 23:51:11.854750,2025-07-15 23:52:15.283627,0 days 00:01:03.428877,identity,128,120,0.0004077003444437314,17,COMPLETE
387,5.1372712732700165e-06,2025-07-15 23:52:15.284275,2025-07-15 23:54:13.787576,0 days 00:01:58.503301,identity,16,122,0.00034495219474328556,18,COMPLETE
388,5.614926521957386e-06,2025-07-15 23:54:13.788664,2025-07-15 23:56:12.044765,0 days 00:01:58.256101,identity,16,113,0.0005682715525231787,19,COMPLETE
389,4.282876034267247e-06,2025-07-15 23:56:12.045564,2025-07-15 23:58:10.750047,0 days 00:01:58.704483,identity,16,126,0.00048705235154896173,17,COMPLETE
390,5.941188646829687e-06,2025-07-15 23:58:10.750982,2025-07-16 00:00:09.688082,0 days 00:01:58.937100,identity,16,126,0.00048231266981596207,17,COMPLETE
391,1.3165440559387207,2025-07-16 00:00:09.689072,2025-07-16 00:02:15.865303,0 days 00:02:06.176231,relu,16,126,0.00028528543244601143,17,COMPLETE
392,4.237057964928681e-06,2025-07-16 00:02:15.866300,2025-07-16 00:04:09.559308,0 days 00:01:53.693008,identity,16,124,0.0003772388626146923,16,COMPLETE
393,1.4275704415922519e-05,2025-07-16 00:04:09.560232,2025-07-16 00:05:23.227604,0 days 00:01:13.667372,identity,16,50,0.00383993277470304,16,COMPLETE
394,0.0007886815583333373,2025-07-16 00:05:23.228230,2025-07-16 00:06:25.540238,0 days 00:01:02.312008,identity,64,126,0.00032653746951271756,16,COMPLETE
395,7.4144272730336525e-06,2025-07-16 00:06:25.540951,2025-07-16 00:08:18.722403,0 days 00:01:53.181452,identity,16,124,0.00026647376510022713,16,COMPLETE
396,5.057260750618298e-06,2025-07-16 00:08:18.723208,2025-07-16 00:10:04.857632,0 days 00:01:46.134424,identity,16,128,0.00036818932182432597,15,COMPLETE
397,3.7082125345477834e-05,2025-07-16 00:10:04.858622,2025-07-16 00:12:00.709159,0 days 00:01:55.850537,identity,16,123,0.00018485421653272158,17,COMPLETE
398,0.0006534456042572856,2025-07-16 00:12:00.709929,2025-07-16 00:13:11.741318,0 days 00:01:11.031389,identity,16,38,0.0003009297637416423,15,COMPLETE
399,1.1440037269494496e-05,2025-07-16 00:13:11.742300,2025-07-16 00:15:04.357997,0 days 00:01:52.615697,identity,16,124,0.00023040876011947928,16,COMPLETE
400,4.814757630811073e-06,2025-07-16 00:15:04.359059,2025-07-16 00:16:59.768457,0 days 00:01:55.409398,identity,16,121,0.00044487274888693653,17,COMPLETE
401,6.661836778221186e-06,2025-07-16 00:16:59.769463,2025-07-16 00:18:48.551938,0 days 00:01:48.782475,identity,16,128,0.00033998994187384304,16,COMPLETE
402,5.508419690158917e-06,2025-07-16 00:18:48.552947,2025-07-16 00:20:47.441107,0 days 00:01:58.888160,identity,16,126,0.0003858613794980935,17,COMPLETE
403,0.00016909684927668422,2025-07-16 00:20:47.442031,2025-07-16 00:22:04.692664,0 days 00:01:17.250633,identity,32,122,0.00025355240410323654,16,COMPLETE
404,4.9648783715383615e-06,2025-07-16 00:22:04.693435,2025-07-16 00:24:02.551339,0 days 00:01:57.857904,identity,16,124,0.00030882747986043683,17,COMPLETE
405,5.222314030106645e-06,2025-07-16 00:24:02.552360,2025-07-16 00:26:01.376914,0 days 00:01:58.824554,identity,16,119,0.00035883043608726263,18,COMPLETE
406,1.0693626791180577e-05,2025-07-16 00:26:01.377669,2025-07-16 00:27:40.120794,0 days 00:01:38.743125,identity,16,121,0.0005232883181098548,12,COMPLETE
407,6.362087333400268e-06,2025-07-16 00:27:40.121840,2025-07-16 00:29:39.317045,0 days 00:01:59.195205,identity,16,125,0.000426338703103356,17,COMPLETE
408,5.006861101719551e-06,2025-07-16 00:29:39.317856,2025-07-16 00:31:38.948010,0 days 00:01:59.630154,identity,16,118,0.00028338513421076434,18,COMPLETE
409,0.0003813041257672012,2025-07-16 00:31:38.949119,2025-07-16 00:32:26.242914,0 days 00:00:47.293795,identity,128,123,0.0003291705814677667,14,COMPLETE
410,5.6851185945561156e-06,2025-07-16 00:32:26.243432,2025-07-16 00:34:15.777568,0 days 00:01:49.534136,identity,16,120,0.00047871206632096283,16,COMPLETE
411,4.666476797865471e-06,2025-07-16 00:34:15.778543,2025-07-16 00:36:15.188875,0 days 00:01:59.410332,relu,16,126,0.00038585374065659277,17,COMPLETE
412,7.053573881421471e-06,2025-07-16 00:36:15.189668,2025-07-16 00:38:15.806364,0 days 00:02:00.616696,relu,16,127,0.00038067493386642316,17,COMPLETE
413,1.3186047077178955,2025-07-16 00:38:15.807465,2025-07-16 00:39:59.847732,0 days 00:01:44.040267,relu,16,126,0.0003115103282369439,10,COMPLETE
414,1.3167331218719482,2025-07-16 00:39:59.848670,2025-07-16 00:42:00.873200,0 days 00:02:01.024530,relu,16,124,0.00036051651599788853,16,COMPLETE
415,1.3165440559387207,2025-07-16 00:42:00.874256,2025-07-16 00:44:01.622269,0 days 00:02:00.748013,relu,16,128,0.00026107574673192184,17,COMPLETE
416,1.3167331218719482,2025-07-16 00:44:01.623297,2025-07-16 00:45:58.338253,0 days 00:01:56.714956,relu,16,122,0.00040135420157099246,16,COMPLETE
417,1.3165440559387207,2025-07-16 00:45:58.339298,2025-07-16 00:48:04.263385,0 days 00:02:05.924087,relu,16,125,0.0012792349595420194,17,COMPLETE
418,1.3165440559387207,2025-07-16 00:48:04.264456,2025-07-16 00:50:07.167209,0 days 00:02:02.902753,relu,16,123,0.0003339299095533181,17,COMPLETE
419,0.0011522294953465462,2025-07-16 00:50:07.168232,2025-07-16 00:51:07.889815,0 days 00:01:00.721583,relu,64,121,0.0002828718698449317,17,COMPLETE
420,8.839037764118984e-05,2025-07-16 00:51:07.890539,2025-07-16 00:53:03.959987,0 days 00:01:56.069448,relu,16,126,0.00022030105298673043,16,COMPLETE
421,4.965829702996416e-06,2025-07-16 00:53:03.960906,2025-07-16 00:54:52.217856,0 days 00:01:48.256950,identity,16,118,0.0003039130141734779,15,COMPLETE
422,8.218590664910153e-06,2025-07-16 00:54:52.218833,2025-07-16 00:56:47.969354,0 days 00:01:55.750521,identity,16,122,0.0003492855274366027,17,COMPLETE
423,7.16861632099608e-06,2025-07-16 00:56:47.970377,2025-07-16 00:58:37.012647,0 days 00:01:49.042270,identity,16,128,0.00040817985425074696,16,COMPLETE
424,4.814733074454125e-06,2025-07-16 00:58:37.013635,2025-07-16 01:00:32.318194,0 days 00:01:55.304559,identity,16,119,0.00037698578761685193,17,COMPLETE
425,6.894114449096378e-06,2025-07-16 01:00:32.319272,2025-07-16 01:02:32.776721,0 days 00:02:00.457449,identity,16,124,0.0003264358694477268,18,COMPLETE
426,5.965701348031871e-06,2025-07-16 01:02:32.777860,2025-07-16 01:04:26.970780,0 days 00:01:54.192920,identity,16,117,0.0002496065908301895,17,COMPLETE
427,5.38787389814388e-06,2025-07-16 01:04:26.971788,2025-07-16 01:06:25.875406,0 days 00:01:58.903618,identity,16,121,0.00028802908641425957,18,COMPLETE
428,6.963444775465177e-06,2025-07-16 01:06:25.876349,2025-07-16 01:08:24.620460,0 days 00:01:58.744111,identity,16,125,0.00045374728855162373,17,COMPLETE
429,6.657695394096663e-06,2025-07-16 01:08:24.621547,2025-07-16 01:10:13.466734,0 days 00:01:48.845187,identity,16,120,0.0003535484944070729,16,COMPLETE
430,0.0012430145870894194,2025-07-16 01:10:13.467818,2025-07-16 01:11:30.322284,0 days 00:01:16.854466,identity,32,116,0.0002708132913089368,17,COMPLETE
431,5.426657025964232e-06,2025-07-16 01:11:30.322887,2025-07-16 01:13:22.817691,0 days 00:01:52.494804,identity,16,123,0.0004113558363798987,16,COMPLETE
432,5.3249605116434395e-06,2025-07-16 01:13:22.818822,2025-07-16 01:15:18.944062,0 days 00:01:56.125240,identity,16,128,0.0003130583999531112,18,COMPLETE
433,1.7958966054720804e-05,2025-07-16 01:15:18.945173,2025-07-16 01:17:03.495301,0 days 00:01:44.550128,identity,16,126,0.00325918036656309,13,COMPLETE
434,6.796112302254187e-06,2025-07-16 01:17:03.496140,2025-07-16 01:18:58.930431,0 days 00:01:55.434291,relu,16,118,0.00038989683750677393,17,COMPLETE
435,8.317106221511494e-06,2025-07-16 01:18:58.931408,2025-07-16 01:20:59.113404,0 days 00:02:00.181996,identity,16,123,0.0004971073130615151,18,COMPLETE
436,0.00031863199546933174,2025-07-16 01:20:59.114410,2025-07-16 01:21:45.306965,0 days 00:00:46.192555,identity,128,115,0.00034107302413440574,15,COMPLETE
437,1.1015686141035985e-05,2025-07-16 01:21:45.307556,2025-07-16 01:23:34.630145,0 days 00:01:49.322589,identity,16,120,0.00029816095609474613,16,COMPLETE
438,2.007377042900771e-05,2025-07-16 01:23:34.631136,2025-07-16 01:25:34.646982,0 days 00:02:00.015846,identity,16,125,0.000235800894192312,17,COMPLETE
439,5.526975655811839e-06,2025-07-16 01:25:34.648032,2025-07-16 01:27:26.820339,0 days 00:01:52.172307,identity,16,122,0.00042299885157045765,16,COMPLETE
440,4.201229330647038e-06,2025-07-16 01:27:26.821370,2025-07-16 01:29:19.008980,0 days 00:01:52.187610,identity,16,114,0.00037506131229529167,17,COMPLETE
441,5.784489530924475e-06,2025-07-16 01:29:19.010045,2025-07-16 01:31:11.950139,0 days 00:01:52.940094,identity,16,113,0.000269279577194584,18,COMPLETE
442,7.227443347801454e-06,2025-07-16 01:31:11.951187,2025-07-16 01:33:00.650049,0 days 00:01:48.698862,identity,16,114,0.00031547519022761487,16,COMPLETE
443,6.387661869666772e-06,2025-07-16 01:33:00.651007,2025-07-16 01:34:54.715659,0 days 00:01:54.064652,identity,16,118,0.00035142632147703494,17,COMPLETE
444,0.0009736675419844687,2025-07-16 01:34:54.716734,2025-07-16 01:35:48.832354,0 days 00:00:54.115620,identity,64,115,0.0002892487033894821,15,COMPLETE
445,1.3996698726259638e-05,2025-07-16 01:35:48.832925,2025-07-16 01:37:43.343226,0 days 00:01:54.510301,identity,16,111,0.0004481735706047256,18,COMPLETE
446,7.483704393962398e-06,2025-07-16 01:37:43.344223,2025-07-16 01:39:35.437267,0 days 00:01:52.093044,identity,16,117,0.00032675794292181653,17,COMPLETE
447,5.722638888983056e-06,2025-07-16 01:39:35.438345,2025-07-16 01:41:24.165976,0 days 00:01:48.727631,identity,16,114,0.0003810013888036086,16,COMPLETE
448,5.4622391871816944e-06,2025-07-16 01:41:24.166806,2025-07-16 01:43:15.653906,0 days 00:01:51.487100,identity,16,120,0.0002605877895900779,17,COMPLETE
449,5.089324531581951e-06,2025-07-16 01:43:15.654926,2025-07-16 01:45:12.029188,0 days 00:01:56.374262,identity,16,116,0.00035987687571027835,18,COMPLETE
450,5.649130343954312e-06,2025-07-16 01:45:12.030471,2025-07-16 01:47:01.577668,0 days 00:01:49.547197,identity,16,110,0.0005323073355826395,17,COMPLETE
451,4.0662130231794436e-06,2025-07-16 01:47:01.578676,2025-07-16 01:48:54.068429,0 days 00:01:52.489753,identity,16,117,0.00030130010835723996,17,COMPLETE
452,0.0025155062321573496,2025-07-16 01:48:54.069478,2025-07-16 01:49:42.658985,0 days 00:00:48.589507,identity,32,64,0.0002909781867011278,16,COMPLETE
453,2.0361849237815477e-05,2025-07-16 01:49:42.659603,2025-07-16 01:51:35.164489,0 days 00:01:52.504886,identity,16,119,0.00024822587621716846,16,COMPLETE
454,6.1773484958393965e-06,2025-07-16 01:51:35.165554,2025-07-16 01:53:31.453145,0 days 00:01:56.287591,identity,16,121,0.0002710315578842983,17,COMPLETE
455,5.32818739884533e-06,2025-07-16 01:53:31.454218,2025-07-16 01:55:24.979607,0 days 00:01:53.525389,identity,16,117,0.0003162598957236424,17,COMPLETE
456,6.417757049348438e-06,2025-07-16 01:55:24.980461,2025-07-16 01:57:17.677512,0 days 00:01:52.697051,identity,16,123,0.0002936616017088372,16,COMPLETE
457,1.670614983595442e-05,2025-07-16 01:57:17.678538,2025-07-16 01:59:12.797818,0 days 00:01:55.119280,identity,16,119,0.00023716841012543261,17,COMPLETE
458,5.156819952389924e-06,2025-07-16 01:59:12.798897,2025-07-16 02:01:09.103564,0 days 00:01:56.304667,identity,16,121,0.0003279751576513989,17,COMPLETE
459,0.0011382410302758217,2025-07-16 02:01:09.104640,2025-07-16 02:01:59.573222,0 days 00:00:50.468582,identity,128,117,0.00021806989487455563,16,COMPLETE
460,1.5108994375623297e-05,2025-07-16 02:01:59.573803,2025-07-16 02:03:55.791080,0 days 00:01:56.217277,identity,16,123,0.0002776799837099356,17,COMPLETE
461,4.352547421149211e-06,2025-07-16 02:03:55.792055,2025-07-16 02:05:37.875383,0 days 00:01:42.083328,identity,16,112,0.00032246181403556017,16,COMPLETE
462,9.438888810109347e-06,2025-07-16 02:05:37.876536,2025-07-16 02:07:17.367496,0 days 00:01:39.490960,identity,16,112,0.00033232934508660336,15,COMPLETE
463,8.330789569299668e-06,2025-07-16 02:07:17.368536,2025-07-16 02:09:01.933639,0 days 00:01:44.565103,identity,16,108,0.00035246554716565084,16,COMPLETE
464,7.398202797048725e-06,2025-07-16 02:09:01.934698,2025-07-16 02:10:46.526312,0 days 00:01:44.591614,identity,16,113,0.0004698947737959745,15,COMPLETE
465,5.08052107761614e-06,2025-07-16 02:10:46.527268,2025-07-16 02:12:28.314223,0 days 00:01:41.786955,identity,16,112,0.0003024530555376692,16,COMPLETE
466,8.915849321056157e-06,2025-07-16 02:12:28.315152,2025-07-16 02:14:12.550892,0 days 00:01:44.235740,identity,16,108,0.0004077429106785513,16,COMPLETE
467,9.755828068591654e-05,2025-07-16 02:14:12.551926,2025-07-16 02:15:57.088645,0 days 00:01:44.536719,identity,16,110,0.008036037007923972,15,COMPLETE
468,1.7486459910287522e-05,2025-07-16 02:15:57.089696,2025-07-16 02:17:46.416322,0 days 00:01:49.326626,identity,16,115,0.00031975813101133374,16,COMPLETE
469,0.0008250830578617752,2025-07-16 02:17:46.417168,2025-07-16 02:18:40.078399,0 days 00:00:53.661231,identity,64,117,0.0003676050492935125,14,COMPLETE
470,8.514591172570363e-06,2025-07-16 02:18:40.079179,2025-07-16 02:20:08.715142,0 days 00:01:28.635963,identity,16,74,0.000430582366317044,17,COMPLETE
471,7.5749803727376275e-06,2025-07-16 02:20:08.715789,2025-07-16 02:22:00.465454,0 days 00:01:51.749665,identity,16,114,0.00034158975328285097,17,COMPLETE
472,0.00017789032426662743,2025-07-16 02:22:00.466526,2025-07-16 02:23:09.802758,0 days 00:01:09.336232,identity,16,43,0.0003007228361711781,16,COMPLETE
473,4.678260665968992e-06,2025-07-16 02:23:09.803370,2025-07-16 02:25:02.070856,0 days 00:01:52.267486,identity,16,110,0.0004787537145598265,18,COMPLETE
474,6.854520052002044e-06,2025-07-16 02:25:02.071879,2025-07-16 02:26:54.273543,0 days 00:01:52.201664,identity,16,120,0.0003800467762202317,17,COMPLETE
475,7.566698968730634e-06,2025-07-16 02:26:54.274603,2025-07-16 02:28:43.538598,0 days 00:01:49.263995,identity,16,116,0.00031611258484257315,16,COMPLETE
476,5.55994620299316e-06,2025-07-16 02:28:43.539383,2025-07-16 02:30:28.678916,0 days 00:01:45.139533,identity,16,112,0.0003488358979604383,17,COMPLETE
477,5.315225735103013e-06,2025-07-16 02:30:28.679994,2025-07-16 02:32:12.724748,0 days 00:01:44.044754,identity,16,107,0.0004072349183948473,16,COMPLETE
478,4.350423751020571e-06,2025-07-16 02:32:12.725840,2025-07-16 02:34:29.670809,0 days 00:02:16.944969,identity,16,125,0.00029133736254618894,22,COMPLETE
479,0.0006643972592428327,2025-07-16 02:34:29.671881,2025-07-16 02:36:05.234529,0 days 00:01:35.562648,identity,32,125,0.00026065454045135725,22,COMPLETE
480,7.450995326507837e-06,2025-07-16 02:36:05.235597,2025-07-16 02:38:19.967377,0 days 00:02:14.731780,identity,16,126,0.0002814162976843141,22,COMPLETE
481,5.04974650539225e-06,2025-07-16 02:38:19.968471,2025-07-16 02:40:32.676279,0 days 00:02:12.707808,identity,16,128,0.00030280534534320186,23,COMPLETE
482,1.642539973545354e-05,2025-07-16 02:40:32.677391,2025-07-16 02:42:41.850371,0 days 00:02:09.172980,identity,16,125,0.0002482927851004984,17,COMPLETE
483,5.151712230144767e-06,2025-07-16 02:42:41.851441,2025-07-16 02:44:38.279350,0 days 00:01:56.427909,identity,16,123,0.00028543720650943784,17,COMPLETE
484,0.0006899312720634043,2025-07-16 02:44:38.280375,2025-07-16 02:45:28.263603,0 days 00:00:49.983228,identity,128,128,0.000319888255228781,16,COMPLETE
485,1.1033031114493497e-05,2025-07-16 02:45:28.264369,2025-07-16 02:47:42.548516,0 days 00:02:14.284147,identity,16,121,0.0002689900328649763,23,COMPLETE
486,4.302505203668261e-06,2025-07-16 02:47:42.549596,2025-07-16 02:49:32.762848,0 days 00:01:50.213252,identity,16,119,0.0003319270728954982,15,COMPLETE
487,3.9730057324049994e-06,2025-07-16 02:49:32.763955,2025-07-16 02:51:22.118804,0 days 00:01:49.354849,identity,16,119,0.0003332175743547465,15,COMPLETE
488,5.034087735111825e-06,2025-07-16 02:51:22.119805,2025-07-16 02:53:07.539136,0 days 00:01:45.419331,identity,16,120,0.0003404933203867856,15,COMPLETE
489,1.2892376616946422e-05,2025-07-16 02:53:07.540162,2025-07-16 02:54:55.860731,0 days 00:01:48.320569,identity,16,118,0.00029189815473288256,15,COMPLETE
490,1.632907697057817e-05,2025-07-16 02:54:55.861768,2025-07-16 02:56:42.990059,0 days 00:01:47.128291,identity,16,124,0.00033831155218646197,14,COMPLETE
491,7.849806934245862e-06,2025-07-16 02:56:42.990903,2025-07-16 02:58:32.460018,0 days 00:01:49.469115,identity,16,119,0.0003038274806833986,15,COMPLETE
492,1.0426831067888997e-05,2025-07-16 02:58:32.461069,2025-07-16 03:00:18.008975,0 days 00:01:45.547906,identity,16,123,0.0014760491896475872,14,COMPLETE
493,0.000269995944108814,2025-07-16 03:00:18.010004,2025-07-16 03:01:14.554383,0 days 00:00:56.544379,identity,16,24,0.00034629207238412365,16,COMPLETE
494,1.4077058040129486e-05,2025-07-16 03:01:14.554991,2025-07-16 03:02:59.220361,0 days 00:01:44.665370,identity,16,118,0.0002573966168751202,14,COMPLETE
495,4.576030733005609e-06,2025-07-16 03:02:59.221408,2025-07-16 03:04:47.801696,0 days 00:01:48.580288,identity,16,122,0.00028888278722787595,15,COMPLETE
496,0.0007928021368570626,2025-07-16 03:04:47.802734,2025-07-16 03:05:44.293507,0 days 00:00:56.490773,identity,64,126,0.00036469842784659474,14,COMPLETE
497,1.0918181942543015e-05,2025-07-16 03:05:44.294300,2025-07-16 03:07:33.572192,0 days 00:01:49.277892,identity,16,119,0.0003145755885347874,15,COMPLETE
498,1.4172454029903747e-05,2025-07-16 03:07:33.573029,2025-07-16 03:09:23.214087,0 days 00:01:49.641058,identity,16,124,0.0002079371834262381,15,COMPLETE
499,1.1958286449953448e-05,2025-07-16 03:09:23.215187,2025-07-16 03:11:11.320715,0 days 00:01:48.105528,identity,16,121,0.00032765231726797567,15,COMPLETE
