number,value,datetime_start,datetime_complete,duration,params_activation,params_and_operator,params_lr,params_n_sets,params_seq_length,params_shape,state
0,2.5698602257762104e-05,2025-07-14 20:20:58.992058,2025-07-14 20:22:26.305291,0 days 00:01:27.313233,identity,prod,0.004897431671179702,7,13,gaussian,COMPLETE
1,0.00101050257217139,2025-07-14 20:22:26.306253,2025-07-14 20:24:13.057071,0 days 00:01:46.750818,relu,min,0.00433744997835954,8,21,gaussian,COMPLETE
2,0.4407442510128021,2025-07-14 20:24:13.057955,2025-07-14 20:25:21.428164,0 days 00:01:08.370209,relu,min,0.00025925678397420573,5,6,bell,COMPLETE
3,0.004872498102486134,2025-07-14 20:25:21.429010,2025-07-14 20:26:24.025562,0 days 00:01:02.596552,relu,min,0.000386711222488122,6,5,sigmoid,COMPLETE
4,1.2454240277293138e-05,2025-07-14 20:26:24.026411,2025-07-14 20:27:43.657700,0 days 00:01:19.631289,identity,prod,0.0049163730100283435,6,9,bell,COMPLETE
5,0.2041688710451126,2025-07-14 20:27:43.658591,2025-07-14 20:29:07.530773,0 days 00:01:23.872182,relu,min,0.00013162500002252684,7,13,sigmoid,COMPLETE
6,1.3161295652389526,2025-07-14 20:29:07.531605,2025-07-14 20:30:47.746133,0 days 00:01:40.214528,relu,min,0.002305168825570662,6,20,sigmoid,COMPLETE
7,3.6451845169067383,2025-07-14 20:30:47.746993,2025-07-14 20:32:22.624885,0 days 00:01:34.877892,identity,prod,0.0001428627023194892,9,15,gaussian,COMPLETE
8,0.002684464678168297,2025-07-14 20:32:22.625741,2025-07-14 20:33:42.787831,0 days 00:01:20.162090,identity,prod,0.002118142182867266,8,8,bell,COMPLETE
9,6.947864221729105e-06,2025-07-14 20:33:42.788674,2025-07-14 20:35:28.341722,0 days 00:01:45.553048,relu,min,0.009950521589246057,7,19,bell,COMPLETE
10,4.424145572556881e-06,2025-07-14 20:35:28.342549,2025-07-14 20:37:24.880433,0 days 00:01:56.537884,relu,min,0.009813096209467244,8,23,bell,COMPLETE
11,0.002530061174184084,2025-07-14 20:37:24.881273,2025-07-14 20:39:26.953361,0 days 00:02:02.072088,relu,min,0.009846794763460282,8,25,bell,COMPLETE
12,0.034619782119989395,2025-07-14 20:39:26.954214,2025-07-14 20:41:18.710412,0 days 00:01:51.756198,relu,min,0.00992454428260835,9,20,bell,COMPLETE
13,2.5071092750295065e-05,2025-07-14 20:41:18.711227,2025-07-14 20:43:20.555240,0 days 00:02:01.844013,relu,min,0.0007094553151687208,8,25,bell,COMPLETE
14,5.488832539413124e-05,2025-07-14 20:43:20.556110,2025-07-14 20:45:00.584428,0 days 00:01:40.028318,relu,min,0.0016343239299331748,7,17,bell,COMPLETE
15,0.03571975976228714,2025-07-14 20:45:00.585286,2025-07-14 20:46:57.951713,0 days 00:01:57.366427,relu,min,0.005934719626312531,9,22,bell,COMPLETE
16,0.06589361280202866,2025-07-14 20:46:57.952586,2025-07-14 20:48:33.053538,0 days 00:01:35.100952,relu,min,0.0010878350176627238,5,17,bell,COMPLETE
17,2.0405166651471518e-05,2025-07-14 20:48:33.054374,2025-07-14 20:50:29.557575,0 days 00:01:56.503201,relu,min,0.0029597787336925942,8,23,bell,COMPLETE
18,1.348359728581272e-05,2025-07-14 20:50:29.558431,2025-07-14 20:52:07.819971,0 days 00:01:38.261540,identity,prod,0.006818967433246384,7,18,sigmoid,COMPLETE
19,0.015174239873886108,2025-07-14 20:52:07.820853,2025-07-14 20:54:00.383613,0 days 00:01:52.562760,relu,min,0.0033186730144737797,7,23,gaussian,COMPLETE
20,0.02227962017059326,2025-07-14 20:54:00.384477,2025-07-14 20:55:43.140914,0 days 00:01:42.756437,relu,min,0.001259005323907581,6,19,bell,COMPLETE
21,0.00035940075758844614,2025-07-14 20:55:43.141735,2025-07-14 20:57:05.940671,0 days 00:01:22.798936,identity,prod,0.007121614445952177,6,10,bell,COMPLETE
22,0.0004044908273499459,2025-07-14 20:57:05.941517,2025-07-14 20:58:31.559793,0 days 00:01:25.618276,identity,prod,0.0040990352317466896,6,11,bell,COMPLETE
23,5.031873570260359e-06,2025-07-14 20:58:31.560660,2025-07-14 21:00:07.389462,0 days 00:01:35.828802,identity,prod,0.008070574434408298,7,15,bell,COMPLETE
24,3.7956501728331205e-06,2025-07-14 21:00:07.390319,2025-07-14 21:01:43.364095,0 days 00:01:35.973776,identity,prod,0.00958307103247303,7,15,bell,COMPLETE
25,3.525845841068076e-06,2025-07-14 21:01:43.364933,2025-07-14 21:03:19.519425,0 days 00:01:36.154492,identity,prod,0.006932156004055789,8,15,bell,COMPLETE
26,0.0012062080204486847,2025-07-14 21:03:19.520355,2025-07-14 21:04:54.637075,0 days 00:01:35.116720,identity,prod,0.0030740362750627634,8,15,bell,COMPLETE
27,0.04138502851128578,2025-07-14 21:04:54.637944,2025-07-14 21:06:27.416218,0 days 00:01:32.778274,identity,prod,0.0007312603503558049,9,13,bell,COMPLETE
28,0.0008019162924028933,2025-07-14 21:06:27.417153,2025-07-14 21:08:01.276358,0 days 00:01:33.859205,identity,prod,0.006278436548562175,8,16,gaussian,COMPLETE
29,0.013069013133645058,2025-07-14 21:08:01.277295,2025-07-14 21:09:23.438957,0 days 00:01:22.161662,identity,prod,0.005419906448432191,8,12,sigmoid,COMPLETE
30,3.4824010072043166e-05,2025-07-14 21:09:23.439839,2025-07-14 21:10:55.029627,0 days 00:01:31.589788,identity,prod,0.0038607238547621386,9,14,gaussian,COMPLETE
31,0.13868241012096405,2025-07-14 21:10:55.030480,2025-07-14 21:12:32.697840,0 days 00:01:37.667360,identity,prod,0.0073790238499802305,7,16,bell,COMPLETE
32,3.7184497614362044e-06,2025-07-14 21:12:32.698713,2025-07-14 21:14:04.722972,0 days 00:01:32.024259,identity,prod,0.007724798591059792,7,14,bell,COMPLETE
33,0.0001123670517699793,2025-07-14 21:14:04.723899,2025-07-14 21:15:31.822342,0 days 00:01:27.098443,identity,prod,0.004986217517621701,8,12,bell,COMPLETE
34,3.757304966711672e-06,2025-07-14 21:15:31.823228,2025-07-14 21:17:03.813812,0 days 00:01:31.990584,identity,prod,0.008081458731046565,7,14,bell,COMPLETE
35,0.025228096172213554,2025-07-14 21:17:03.814686,2025-07-14 21:18:35.772535,0 days 00:01:31.957849,identity,prod,0.0042817207136177865,7,14,bell,COMPLETE
36,0.1389467567205429,2025-07-14 21:18:35.773412,2025-07-14 21:20:04.901073,0 days 00:01:29.127661,identity,prod,0.0003554771615361542,7,13,bell,COMPLETE
37,1.3555598343373276e-05,2025-07-14 21:20:04.902028,2025-07-14 21:21:22.809069,0 days 00:01:17.907041,identity,prod,0.007619386789032758,5,11,sigmoid,COMPLETE
38,2.342614607186988e-05,2025-07-14 21:21:22.809938,2025-07-14 21:22:59.290884,0 days 00:01:36.480946,identity,prod,0.002370360852739658,7,17,gaussian,COMPLETE
39,0.007395427208393812,2025-07-14 21:22:59.291825,2025-07-14 21:24:12.590208,0 days 00:01:13.298383,identity,prod,0.004778274769818982,6,7,bell,COMPLETE
40,0.09807218611240387,2025-07-14 21:24:12.591071,2025-07-14 21:25:39.527307,0 days 00:01:26.936236,identity,prod,0.00010585732800568849,7,14,sigmoid,COMPLETE
41,3.7506993066926952e-06,2025-07-14 21:25:39.528206,2025-07-14 21:27:17.471807,0 days 00:01:37.943601,identity,prod,0.008355945550244845,8,16,bell,COMPLETE
42,3.89066599382204e-06,2025-07-14 21:27:17.472737,2025-07-14 21:28:54.929444,0 days 00:01:37.456707,identity,prod,0.0082901569288937,7,16,bell,COMPLETE
43,5.36706193088321e-06,2025-07-14 21:28:54.930301,2025-07-14 21:30:30.338378,0 days 00:01:35.408077,identity,prod,0.006008446501419345,8,15,bell,COMPLETE
44,4.247323431627592e-06,2025-07-14 21:30:30.339230,2025-07-14 21:32:14.273653,0 days 00:01:43.934423,identity,prod,0.008552066835065101,7,18,bell,COMPLETE
45,3.6828591873927508e-06,2025-07-14 21:32:14.274490,2025-07-14 21:33:42.373667,0 days 00:01:28.099177,identity,prod,0.005718419850802969,8,12,bell,COMPLETE
46,2.7253099688095972e-05,2025-07-14 21:33:42.374578,2025-07-14 21:35:05.577606,0 days 00:01:23.203028,identity,prod,0.003685561932479663,8,9,bell,COMPLETE
47,0.003143047448247671,2025-07-14 21:35:05.578466,2025-07-14 21:36:33.594419,0 days 00:01:28.015953,identity,prod,0.0026172915289097132,8,12,bell,COMPLETE
48,3.6690548768092413e-06,2025-07-14 21:36:33.595320,2025-07-14 21:38:02.436919,0 days 00:01:28.841599,identity,prod,0.005231675950090695,8,11,bell,COMPLETE
49,3.875210495607462e-06,2025-07-14 21:38:02.437778,2025-07-14 21:39:16.442412,0 days 00:01:14.004634,identity,prod,0.005509299738098985,9,5,bell,COMPLETE
50,0.024637021124362946,2025-07-14 21:39:16.443260,2025-07-14 21:40:38.772629,0 days 00:01:22.329369,identity,prod,0.001698651015807696,8,10,gaussian,COMPLETE
51,3.744411969819339e-06,2025-07-14 21:40:38.773479,2025-07-14 21:42:08.687875,0 days 00:01:29.914396,identity,prod,0.006800932852580849,8,13,bell,COMPLETE
52,2.228926314273849e-05,2025-07-14 21:42:08.688757,2025-07-14 21:43:36.502464,0 days 00:01:27.813707,identity,prod,0.006381935597615086,8,11,bell,COMPLETE
53,0.03325935825705528,2025-07-14 21:43:36.503293,2025-07-14 21:45:06.506099,0 days 00:01:30.002806,identity,prod,0.0046012652411794655,8,13,bell,COMPLETE
54,0.020707495510578156,2025-07-14 21:45:06.507054,2025-07-14 21:46:31.489700,0 days 00:01:24.982646,identity,prod,0.00018155378425447624,9,9,bell,COMPLETE
55,0.0001762933243298903,2025-07-14 21:46:31.490589,2025-07-14 21:47:58.631002,0 days 00:01:27.140413,identity,prod,0.005291495523723372,8,12,bell,COMPLETE
56,1.1624047147051897e-05,2025-07-14 21:47:58.631904,2025-07-14 21:49:23.777672,0 days 00:01:25.145768,identity,prod,0.0036054636653487337,8,10,bell,COMPLETE
57,0.0001364503987133503,2025-07-14 21:49:23.778553,2025-07-14 21:50:39.401402,0 days 00:01:15.622849,identity,prod,0.007063058393291867,8,8,sigmoid,COMPLETE
58,0.006367016118019819,2025-07-14 21:50:39.402279,2025-07-14 21:52:13.268278,0 days 00:01:33.865999,identity,prod,0.0018864360540446776,9,13,bell,COMPLETE
59,3.480624172880198e-06,2025-07-14 21:52:13.269130,2025-07-14 21:53:42.323921,0 days 00:01:29.054791,identity,prod,0.009890663943526007,8,11,bell,COMPLETE
60,4.549539426079718e-06,2025-07-14 21:53:42.324777,2025-07-14 21:55:11.359359,0 days 00:01:29.034582,identity,prod,0.009953942049724298,8,11,bell,COMPLETE
61,6.738891897839494e-06,2025-07-14 21:55:11.360208,2025-07-14 21:56:38.403896,0 days 00:01:27.043688,identity,prod,0.006417185144247865,8,12,bell,COMPLETE
62,3.583204261303763e-06,2025-07-14 21:56:38.404804,2025-07-14 21:58:10.816789,0 days 00:01:32.411985,identity,prod,0.008681458148877667,8,14,bell,COMPLETE
63,0.05979420989751816,2025-07-14 21:58:10.817711,2025-07-14 21:59:40.576037,0 days 00:01:29.758326,identity,prod,0.005653132647568535,8,13,bell,COMPLETE
64,3.6926196571585024e-06,2025-07-14 21:59:40.576978,2025-07-14 22:01:16.063982,0 days 00:01:35.487004,identity,prod,0.009271771260180705,9,14,bell,COMPLETE
65,0.00524724368005991,2025-07-14 22:01:16.064858,2025-07-14 22:02:51.676865,0 days 00:01:35.612007,identity,prod,0.008990838964340614,9,14,bell,COMPLETE
66,0.00012744529522024095,2025-07-14 22:02:51.677756,2025-07-14 22:04:20.899369,0 days 00:01:29.221613,relu,min,0.007525970299396649,9,11,bell,COMPLETE
67,0.0002706923405639827,2025-07-14 22:04:20.900275,2025-07-14 22:05:45.729358,0 days 00:01:24.829083,identity,prod,0.004326702800596469,9,9,bell,COMPLETE
68,6.6886955210065935e-06,2025-07-14 22:05:45.730287,2025-07-14 22:07:09.427713,0 days 00:01:23.697426,identity,prod,0.009900374537727234,9,10,gaussian,COMPLETE
69,4.650013579521328e-06,2025-07-14 22:07:09.428646,2025-07-14 22:08:53.267608,0 days 00:01:43.838962,identity,prod,0.006173499519328755,9,17,bell,COMPLETE
70,0.013872084207832813,2025-07-14 22:08:53.268548,2025-07-14 22:10:20.476696,0 days 00:01:27.208148,identity,prod,0.0006474402362736479,8,14,sigmoid,COMPLETE
71,3.5507332540873904e-06,2025-07-14 22:10:20.477734,2025-07-14 22:11:47.400248,0 days 00:01:26.922514,identity,prod,0.006884561561884608,8,12,bell,COMPLETE
72,0.000596832949668169,2025-07-14 22:11:47.401142,2025-07-14 22:13:15.034979,0 days 00:01:27.633837,identity,prod,0.007438766459487654,8,12,bell,COMPLETE
73,3.956954060413409e-06,2025-07-14 22:13:15.035851,2025-07-14 22:14:50.825913,0 days 00:01:35.790062,identity,prod,0.00496099800134111,8,15,bell,COMPLETE
74,4.776636160386261e-06,2025-07-14 22:14:50.826816,2025-07-14 22:16:23.156821,0 days 00:01:32.330005,identity,prod,0.008662005848082808,8,14,bell,COMPLETE
75,0.0005531657370738685,2025-07-14 22:16:23.157809,2025-07-14 22:17:49.780532,0 days 00:01:26.622723,relu,prod,0.0068572060573575695,7,12,bell,COMPLETE
76,4.136511961405631e-06,2025-07-14 22:17:49.781453,2025-07-14 22:19:27.039095,0 days 00:01:37.257642,identity,prod,0.008735163450723078,7,16,bell,COMPLETE
77,4.2836581997107714e-06,2025-07-14 22:19:27.039965,2025-07-14 22:20:54.595223,0 days 00:01:27.555258,identity,prod,0.00572476358228646,8,11,bell,COMPLETE
78,0.000118848736747168,2025-07-14 22:20:54.596042,2025-07-14 22:22:22.605969,0 days 00:01:28.009927,identity,min,0.007741468437845596,8,13,bell,COMPLETE
79,0.00022079797054175287,2025-07-14 22:22:22.606895,2025-07-14 22:23:58.243237,0 days 00:01:35.636342,identity,prod,0.0033170691049183338,7,15,bell,COMPLETE
80,0.007994736544787884,2025-07-14 22:23:58.244102,2025-07-14 22:25:18.952448,0 days 00:01:20.708346,identity,prod,0.0012717162821919486,7,10,gaussian,COMPLETE
81,5.212441919866251e-06,2025-07-14 22:25:18.953362,2025-07-14 22:26:48.556016,0 days 00:01:29.602654,identity,prod,0.006680123991705028,8,13,bell,COMPLETE
82,0.006060697138309479,2025-07-14 22:26:48.556938,2025-07-14 22:28:20.892864,0 days 00:01:32.335926,identity,prod,0.008970174127522304,8,14,bell,COMPLETE
83,4.400992111186497e-06,2025-07-14 22:28:20.893788,2025-07-14 22:29:50.557350,0 days 00:01:29.663562,identity,prod,0.005144729454656127,8,13,bell,COMPLETE
84,4.405871095514158e-06,2025-07-14 22:29:50.558256,2025-07-14 22:31:18.246092,0 days 00:01:27.687836,identity,prod,0.007406875054549049,8,11,bell,COMPLETE
85,7.476432801922783e-05,2025-07-14 22:31:18.247044,2025-07-14 22:32:48.053859,0 days 00:01:29.806815,identity,prod,0.004213244364560402,9,12,bell,COMPLETE
86,2.3823455194360577e-05,2025-07-14 22:32:48.054771,2025-07-14 22:34:24.377137,0 days 00:01:36.322366,identity,prod,0.0061341402957889365,8,15,bell,COMPLETE
87,1.2505511222116183e-05,2025-07-14 22:34:24.378057,2025-07-14 22:35:55.757402,0 days 00:01:31.379345,relu,min,0.006828895993896757,8,14,bell,COMPLETE
88,0.0001709594507701695,2025-07-14 22:35:55.758327,2025-07-14 22:37:27.845128,0 days 00:01:32.086801,identity,prod,0.008161794664797016,7,16,sigmoid,COMPLETE
89,3.5974574075225974e-06,2025-07-14 22:37:27.846076,2025-07-14 22:38:57.483201,0 days 00:01:29.637125,identity,prod,0.004636168923655446,8,13,bell,COMPLETE
90,4.644912678486435e-06,2025-07-14 22:38:57.484126,2025-07-14 22:40:32.610405,0 days 00:01:35.126279,identity,prod,0.00491860972447544,8,15,bell,COMPLETE
91,0.09415523707866669,2025-07-14 22:40:32.611315,2025-07-14 22:42:02.318502,0 days 00:01:29.707187,identity,prod,0.005648379680662233,8,13,bell,COMPLETE
92,3.996958184870891e-06,2025-07-14 22:42:02.319385,2025-07-14 22:43:29.311098,0 days 00:01:26.991713,identity,prod,0.009145798690253629,8,12,bell,COMPLETE
93,0.0031427310314029455,2025-07-14 22:43:29.312037,2025-07-14 22:45:02.864552,0 days 00:01:33.552515,identity,prod,0.00399069737485349,8,14,bell,COMPLETE
94,1.5684121535741724e-05,2025-07-14 22:45:02.865420,2025-07-14 22:46:31.818250,0 days 00:01:28.952830,identity,prod,0.004618086576286942,8,11,bell,COMPLETE
95,1.5953559341141954e-05,2025-07-14 22:46:31.819145,2025-07-14 22:47:56.528705,0 days 00:01:24.709560,identity,prod,0.0067831911007872675,5,13,bell,COMPLETE
96,3.867280611302704e-06,2025-07-14 22:47:56.529635,2025-07-14 22:49:23.589652,0 days 00:01:27.060017,identity,prod,0.008183648938381704,8,12,bell,COMPLETE
97,3.5814512102660956e-06,2025-07-14 22:49:23.590540,2025-07-14 22:50:56.058150,0 days 00:01:32.467610,identity,prod,0.009905744730501842,8,14,bell,COMPLETE
98,4.246791377227055e-06,2025-07-14 22:50:56.059037,2025-07-14 22:52:33.478445,0 days 00:01:37.419408,identity,prod,0.009948003931296657,7,16,bell,COMPLETE
99,3.9179881241580006e-06,2025-07-14 22:52:33.479395,2025-07-14 22:54:01.883736,0 days 00:01:28.404341,identity,prod,0.007849730997101859,8,14,gaussian,COMPLETE
100,0.0001443614310119301,2025-07-14 22:54:01.884676,2025-07-14 22:55:28.343514,0 days 00:01:26.458838,relu,min,0.009009846884074028,9,10,bell,COMPLETE
101,3.7430534121085657e-06,2025-07-14 22:55:28.344636,2025-07-14 22:56:59.320825,0 days 00:01:30.976189,identity,prod,0.0064457928485736485,8,13,bell,COMPLETE
102,4.643913598556537e-06,2025-07-14 22:56:59.321718,2025-07-14 22:58:35.564043,0 days 00:01:36.242325,identity,prod,0.006103235254389804,8,15,bell,COMPLETE
103,0.0017869618022814393,2025-07-14 22:58:35.564966,2025-07-14 23:00:03.087866,0 days 00:01:27.522900,identity,prod,0.005359014021281591,8,12,bell,COMPLETE
104,0.00036210191319696605,2025-07-14 23:00:03.088827,2025-07-14 23:01:32.866544,0 days 00:01:29.777717,identity,prod,0.0028558941578428853,8,13,bell,COMPLETE
105,4.258082299202215e-06,2025-07-14 23:01:32.867480,2025-07-14 23:03:05.390434,0 days 00:01:32.522954,identity,prod,0.007165251842423562,8,14,bell,COMPLETE
106,1.3726602446695324e-05,2025-07-14 23:03:05.391392,2025-07-14 23:04:32.453164,0 days 00:01:27.061772,identity,prod,0.009366071033657318,8,12,bell,COMPLETE
107,0.00013255159137770534,2025-07-14 23:04:32.454111,2025-07-14 23:05:59.931928,0 days 00:01:27.477817,identity,prod,0.007683893598727127,8,14,sigmoid,COMPLETE
108,0.014159059152007103,2025-07-14 23:05:59.932936,2025-07-14 23:07:29.230169,0 days 00:01:29.297233,identity,prod,0.0004932982779224063,7,13,bell,COMPLETE
109,7.306909537874162e-05,2025-07-14 23:07:29.231123,2025-07-14 23:08:54.827203,0 days 00:01:25.596080,identity,prod,0.005843548169988152,6,11,bell,COMPLETE
110,3.5737296002480434e-06,2025-07-14 23:08:54.828116,2025-07-14 23:10:42.223319,0 days 00:01:47.395203,identity,prod,0.008418572382647716,9,18,bell,COMPLETE
111,4.050045390613377e-06,2025-07-14 23:10:42.224269,2025-07-14 23:12:31.818592,0 days 00:01:49.594323,identity,prod,0.008257417076918617,9,19,bell,COMPLETE
112,3.408736347410013e-06,2025-07-14 23:12:31.819485,2025-07-14 23:14:18.571764,0 days 00:01:46.752279,identity,prod,0.0064741141393768525,9,18,bell,COMPLETE
113,3.810343059740262e-06,2025-07-14 23:14:18.572678,2025-07-14 23:16:05.311675,0 days 00:01:46.738997,identity,prod,0.009975956716738914,9,18,bell,COMPLETE
114,3.554161821739399e-06,2025-07-14 23:16:05.312634,2025-07-14 23:17:49.306016,0 days 00:01:43.993382,identity,prod,0.008712362643836766,9,17,bell,COMPLETE
115,3.957805802201619e-06,2025-07-14 23:17:49.306955,2025-07-14 23:19:39.985116,0 days 00:01:50.678161,identity,prod,0.009081658497161927,9,19,bell,COMPLETE
116,5.01706927025225e-06,2025-07-14 23:19:39.986070,2025-07-14 23:21:33.194513,0 days 00:01:53.208443,identity,prod,0.007045882834958009,9,20,bell,COMPLETE
117,0.0068205175921320915,2025-07-14 23:21:33.195481,2025-07-14 23:23:18.034129,0 days 00:01:44.838648,identity,prod,0.008549838626022871,9,17,bell,COMPLETE
118,3.439499778323807e-06,2025-07-14 23:23:18.035012,2025-07-14 23:25:06.178450,0 days 00:01:48.143438,identity,prod,0.005369940459319784,9,18,bell,COMPLETE
119,3.6224810173735023e-06,2025-07-14 23:25:06.179381,2025-07-14 23:26:56.333588,0 days 00:01:50.154207,identity,prod,0.004769993563376568,9,19,bell,COMPLETE
120,2.4975677661132067e-05,2025-07-14 23:26:56.334559,2025-07-14 23:28:38.359998,0 days 00:01:42.025439,identity,prod,0.004610203944036682,9,18,gaussian,COMPLETE
121,3.910565737896832e-06,2025-07-14 23:28:38.360954,2025-07-14 23:30:27.861345,0 days 00:01:49.500391,identity,prod,0.005211165838710735,9,19,bell,COMPLETE
122,4.844568593398435e-06,2025-07-14 23:30:27.862325,2025-07-14 23:32:14.546907,0 days 00:01:46.684582,identity,prod,0.0036061002817552017,9,18,bell,COMPLETE
123,0.00021422813006211072,2025-07-14 23:32:14.547879,2025-07-14 23:33:58.260745,0 days 00:01:43.712866,identity,prod,0.005645203083152426,9,17,bell,COMPLETE
124,3.4272361517651007e-05,2025-07-14 23:33:58.261643,2025-07-14 23:35:48.640116,0 days 00:01:50.378473,identity,prod,0.004408191241730091,9,19,bell,COMPLETE
125,0.01707613654434681,2025-07-14 23:35:48.641052,2025-07-14 23:37:35.413847,0 days 00:01:46.772795,identity,prod,0.00023984487520270015,9,18,bell,COMPLETE
126,3.5084135561191943e-06,2025-07-14 23:37:35.414851,2025-07-14 23:39:29.214792,0 days 00:01:53.799941,relu,min,0.006186066441268908,9,21,bell,COMPLETE
127,5.363713626138633e-06,2025-07-14 23:39:29.215830,2025-07-14 23:41:22.984155,0 days 00:01:53.768325,relu,min,0.006287473021356717,9,21,bell,COMPLETE
128,6.2085337049211375e-06,2025-07-14 23:41:22.985168,2025-07-14 23:43:25.181694,0 days 00:02:02.196526,relu,min,0.007339766827955745,9,24,bell,COMPLETE
129,2.8346576073090546e-05,2025-07-14 23:43:25.182693,2025-07-14 23:45:08.304984,0 days 00:01:43.122291,relu,min,0.0032302130740067404,9,17,bell,COMPLETE
130,1.3161295652389526,2025-07-14 23:45:08.305911,2025-07-14 23:46:54.859632,0 days 00:01:46.553721,relu,min,0.00501630415685852,9,20,sigmoid,COMPLETE
131,6.148977263364941e-05,2025-07-14 23:46:54.860521,2025-07-14 23:48:51.812743,0 days 00:01:56.952222,relu,min,0.006474011689654062,9,22,bell,COMPLETE
132,0.00035376017331145704,2025-07-14 23:48:51.813740,2025-07-14 23:50:46.964169,0 days 00:01:55.150429,identity,prod,0.008088929550113297,9,21,bell,COMPLETE
133,9.851635695667937e-06,2025-07-14 23:50:46.965132,2025-07-14 23:52:42.175010,0 days 00:01:55.209878,identity,prod,0.005312863623313338,9,21,bell,COMPLETE
134,0.001789744826965034,2025-07-14 23:52:42.176011,2025-07-14 23:54:29.104493,0 days 00:01:46.928482,identity,prod,0.004080433073283236,9,18,bell,COMPLETE
135,5.457427050714614e-06,2025-07-14 23:54:29.105488,2025-07-14 23:56:18.884292,0 days 00:01:49.778804,identity,prod,0.0071658711874123746,9,19,bell,COMPLETE
136,1.315966010093689,2025-07-14 23:56:18.885250,2025-07-14 23:58:13.601022,0 days 00:01:54.715772,relu,prod,0.005847540428875904,8,22,bell,COMPLETE
137,0.00020804457017220557,2025-07-14 23:58:13.602130,2025-07-14 23:59:56.160402,0 days 00:01:42.558272,identity,min,0.004836842471018934,9,17,bell,COMPLETE
138,0.0014326891396194696,2025-07-14 23:59:56.161358,2025-07-15 00:01:42.340202,0 days 00:01:46.178844,identity,prod,0.0008781805247580421,8,19,bell,COMPLETE
139,0.0017352051800116897,2025-07-15 00:01:42.341137,2025-07-15 00:03:31.279090,0 days 00:01:48.937953,identity,prod,0.007714300475008521,8,20,bell,COMPLETE
140,3.948302037315443e-06,2025-07-15 00:03:31.280053,2025-07-15 00:05:12.776643,0 days 00:01:41.496590,identity,prod,0.006509966499884235,9,16,bell,COMPLETE
141,6.317505267361412e-06,2025-07-15 00:05:12.777562,2025-07-15 00:06:52.148303,0 days 00:01:39.370741,identity,prod,0.009119240038721492,9,15,bell,COMPLETE
142,8.824855285638478e-06,2025-07-15 00:06:52.149227,2025-07-15 00:08:33.924863,0 days 00:01:41.775636,identity,prod,0.008497745042942243,9,16,bell,COMPLETE
143,3.6462172374740476e-06,2025-07-15 00:08:33.925816,2025-07-15 00:10:20.681621,0 days 00:01:46.755805,identity,prod,0.009457915667698037,9,18,bell,COMPLETE
144,8.076538506429642e-05,2025-07-15 00:10:20.682605,2025-07-15 00:12:07.476852,0 days 00:01:46.794247,identity,prod,0.007798090014790998,9,18,bell,COMPLETE
145,0.00013774227409157902,2025-07-15 00:12:07.478046,2025-07-15 00:13:51.122702,0 days 00:01:43.644656,identity,prod,0.009931565004342365,8,18,bell,COMPLETE
146,3.844203547487268e-06,2025-07-15 00:13:51.123674,2025-07-15 00:15:31.976701,0 days 00:01:40.853027,identity,prod,0.005929042439338586,8,17,bell,COMPLETE
147,4.445347258297261e-06,2025-07-15 00:15:31.977642,2025-07-15 00:17:03.107653,0 days 00:01:31.130011,identity,prod,0.006903878317038844,9,11,bell,COMPLETE
148,6.2846752371115144e-06,2025-07-15 00:17:03.108622,2025-07-15 00:18:48.389881,0 days 00:01:45.281259,identity,prod,0.008521164999074725,9,19,gaussian,COMPLETE
149,3.8050118291721446e-06,2025-07-15 00:18:48.390795,2025-07-15 00:20:32.027452,0 days 00:01:43.636657,identity,prod,0.007306712470023947,8,18,bell,COMPLETE
150,4.44079159933608e-06,2025-07-15 00:20:32.028352,2025-07-15 00:22:21.025310,0 days 00:01:48.996958,identity,prod,0.005473962518104716,8,20,bell,COMPLETE
151,6.124960691522574e-06,2025-07-15 00:22:21.026254,2025-07-15 00:24:05.265967,0 days 00:01:44.239713,identity,prod,0.008730459991944241,9,17,bell,COMPLETE
152,4.001726665592287e-06,2025-07-15 00:24:05.266935,2025-07-15 00:25:43.955156,0 days 00:01:38.688221,identity,prod,0.009315858222520294,9,15,bell,COMPLETE
153,3.960289632232161e-06,2025-07-15 00:25:43.956049,2025-07-15 00:27:14.127596,0 days 00:01:30.171547,identity,prod,0.00985737145233965,9,12,bell,COMPLETE
154,9.082627911993768e-06,2025-07-15 00:27:14.128516,2025-07-15 00:28:45.005259,0 days 00:01:30.876743,identity,prod,0.00798861822282105,9,11,bell,COMPLETE
155,6.848530119896168e-06,2025-07-15 00:28:45.006145,2025-07-15 00:30:20.833637,0 days 00:01:35.827492,identity,prod,0.006570020615932536,9,14,bell,COMPLETE
156,3.5050170481554233e-06,2025-07-15 00:30:20.834550,2025-07-15 00:31:59.421378,0 days 00:01:38.586828,identity,prod,0.008943431849438268,9,15,bell,COMPLETE
157,3.3275831810897216e-05,2025-07-15 00:31:59.422341,2025-07-15 00:33:40.600476,0 days 00:01:41.178135,identity,prod,0.007343630254625218,8,17,bell,COMPLETE
158,1.3167331218719482,2025-07-15 00:33:40.601406,2025-07-15 00:35:13.123427,0 days 00:01:32.522021,relu,min,0.005969082480146382,8,16,sigmoid,COMPLETE
159,1.2614874322025571e-05,2025-07-15 00:35:13.124372,2025-07-15 00:37:00.731672,0 days 00:01:47.607300,identity,prod,0.008186956006040264,9,18,bell,COMPLETE
160,3.675634843602893e-06,2025-07-15 00:37:00.732589,2025-07-15 00:38:29.543765,0 days 00:01:28.811176,identity,prod,0.009157762442952458,9,10,bell,COMPLETE
161,3.7316485759220086e-06,2025-07-15 00:38:29.544668,2025-07-15 00:39:58.315535,0 days 00:01:28.770867,identity,prod,0.009118836016819763,9,10,bell,COMPLETE
162,3.757065314857755e-06,2025-07-15 00:39:58.316446,2025-07-15 00:41:27.102120,0 days 00:01:28.785674,identity,prod,0.008627804733382346,9,10,bell,COMPLETE
163,4.046225512865931e-06,2025-07-15 00:41:27.103065,2025-07-15 00:42:58.821711,0 days 00:01:31.718646,identity,prod,0.009972560142497634,9,11,bell,COMPLETE
164,3.902781827491708e-06,2025-07-15 00:42:58.822599,2025-07-15 00:44:29.870729,0 days 00:01:31.048130,identity,prod,0.006944559921463092,9,12,bell,COMPLETE
165,7.132852260838263e-06,2025-07-15 00:44:29.871646,2025-07-15 00:46:09.284669,0 days 00:01:39.413023,identity,prod,0.007925870142239845,9,15,bell,COMPLETE
166,0.0021460806019604206,2025-07-15 00:46:09.285577,2025-07-15 00:48:10.818280,0 days 00:02:01.532703,identity,prod,0.004522415471308293,9,23,bell,COMPLETE
167,3.7009326661063824e-06,2025-07-15 00:48:10.819225,2025-07-15 00:49:36.815173,0 days 00:01:25.995948,identity,prod,0.009090251963572363,8,10,bell,COMPLETE
168,0.00568911200389266,2025-07-15 00:49:36.816059,2025-07-15 00:50:57.088115,0 days 00:01:20.272056,identity,prod,0.0013894793612963241,8,8,bell,COMPLETE
169,4.365346740087261e-06,2025-07-15 00:50:57.089049,2025-07-15 00:52:47.627041,0 days 00:01:50.537992,identity,prod,0.005321756775447895,9,19,bell,COMPLETE
170,5.400195277616149e-06,2025-07-15 00:52:47.627990,2025-07-15 00:54:32.268026,0 days 00:01:44.640036,relu,prod,0.00635428159512131,8,18,bell,COMPLETE
171,7.181687124102609e-06,2025-07-15 00:54:32.268982,2025-07-15 00:56:05.968298,0 days 00:01:33.699316,identity,prod,0.009349465463299069,9,13,bell,COMPLETE
172,3.7140523545531323e-06,2025-07-15 00:56:05.969269,2025-07-15 00:57:31.939891,0 days 00:01:25.970622,identity,prod,0.007519678342554128,9,9,bell,COMPLETE
173,3.934022061002906e-06,2025-07-15 00:57:31.940861,2025-07-15 00:59:11.414532,0 days 00:01:39.473671,identity,prod,0.008473041187115171,9,15,bell,COMPLETE
174,6.3311808844446205e-06,2025-07-15 00:59:11.415442,2025-07-15 01:00:48.140077,0 days 00:01:36.724635,identity,prod,0.006893800413197602,9,14,bell,COMPLETE
175,3.1618237699149176e-05,2025-07-15 01:00:48.141086,2025-07-15 01:02:23.145677,0 days 00:01:35.004591,identity,min,0.009907761054793834,9,14,bell,COMPLETE
176,4.176669790467713e-06,2025-07-15 01:02:23.146592,2025-07-15 01:03:56.923674,0 days 00:01:33.777082,identity,prod,0.007887581699022496,9,13,bell,COMPLETE
177,0.001702542300336063,2025-07-15 01:03:56.924609,2025-07-15 01:05:29.116888,0 days 00:01:32.192279,identity,prod,0.00904671402130432,8,15,gaussian,COMPLETE
178,4.404556420922745e-06,2025-07-15 01:05:29.117834,2025-07-15 01:07:00.723557,0 days 00:01:31.605723,identity,prod,0.006069905000359652,9,11,bell,COMPLETE
179,0.003510864684358239,2025-07-15 01:07:00.724458,2025-07-15 01:08:28.890624,0 days 00:01:28.166166,identity,prod,0.004965558673094273,8,12,bell,COMPLETE
180,3.824623945547501e-06,2025-07-15 01:08:28.891538,2025-07-15 01:10:22.376664,0 days 00:01:53.485126,identity,prod,0.008390138428053064,9,20,bell,COMPLETE
181,4.220189111947548e-06,2025-07-15 01:10:22.377574,2025-07-15 01:11:48.525774,0 days 00:01:26.148200,identity,prod,0.009130400633530798,8,10,bell,COMPLETE
182,4.265763436706038e-06,2025-07-15 01:11:48.526658,2025-07-15 01:13:11.790892,0 days 00:01:23.264234,identity,prod,0.007328436143007717,8,9,bell,COMPLETE
183,0.05079750716686249,2025-07-15 01:13:11.791821,2025-07-15 01:14:38.001864,0 days 00:01:26.210043,identity,prod,0.009043517217108452,8,10,bell,COMPLETE
184,3.7788395275129005e-06,2025-07-15 01:14:38.002769,2025-07-15 01:16:01.261318,0 days 00:01:23.258549,identity,prod,0.008373772352212434,8,9,bell,COMPLETE
185,3.924980319425231e-06,2025-07-15 01:16:01.262205,2025-07-15 01:17:40.122312,0 days 00:01:38.860107,identity,prod,0.009859454799952452,8,16,bell,COMPLETE
186,3.685828005473013e-06,2025-07-15 01:17:40.123254,2025-07-15 01:19:08.821128,0 days 00:01:28.697874,identity,prod,0.006674173967220209,8,11,bell,COMPLETE
187,0.0004891016287729144,2025-07-15 01:19:08.822022,2025-07-15 01:20:40.690742,0 days 00:01:31.868720,identity,prod,0.006454465685699114,9,11,bell,COMPLETE
188,4.454191639524652e-06,2025-07-15 01:20:40.691634,2025-07-15 01:22:09.084539,0 days 00:01:28.392905,relu,prod,0.005911625187849944,8,12,bell,COMPLETE
189,4.645160515792668e-06,2025-07-15 01:22:09.085433,2025-07-15 01:23:35.948361,0 days 00:01:26.862928,identity,min,0.007582906414302661,5,14,bell,COMPLETE
190,0.14451512694358826,2025-07-15 01:23:35.949267,2025-07-15 01:25:04.474701,0 days 00:01:28.525434,identity,prod,0.005535131251129279,9,13,sigmoid,COMPLETE
191,4.107642325834604e-06,2025-07-15 01:25:04.475629,2025-07-15 01:26:33.498287,0 days 00:01:29.022658,identity,prod,0.006844659420304248,8,11,bell,COMPLETE
192,3.6557194107444957e-06,2025-07-15 01:26:33.499214,2025-07-15 01:27:59.638013,0 days 00:01:26.138799,identity,prod,0.00892439193843464,8,10,bell,COMPLETE
193,4.283279395167483e-06,2025-07-15 01:27:59.638901,2025-07-15 01:29:46.432837,0 days 00:01:46.793936,identity,prod,0.00793374842807396,8,19,bell,COMPLETE
194,4.0057648220681585e-06,2025-07-15 01:29:46.433825,2025-07-15 01:31:12.393277,0 days 00:01:25.959452,identity,prod,0.008511693184232132,8,10,bell,COMPLETE
195,8.128521585604176e-06,2025-07-15 01:31:12.394184,2025-07-15 01:32:41.399006,0 days 00:01:29.004822,identity,prod,0.0038416491452548,8,11,bell,COMPLETE
196,4.652833922591526e-06,2025-07-15 01:32:41.400080,2025-07-15 01:34:23.111161,0 days 00:01:41.711081,identity,prod,0.006612838339764419,8,17,bell,COMPLETE
197,3.9204114727908745e-06,2025-07-15 01:34:23.112072,2025-07-15 01:36:10.764306,0 days 00:01:47.652234,identity,prod,0.007366911846232049,9,18,bell,COMPLETE
198,4.253107363183517e-06,2025-07-15 01:36:10.765231,2025-07-15 01:37:44.120310,0 days 00:01:33.355079,identity,prod,0.009899430099002612,8,14,bell,COMPLETE
199,4.163959602010436e-06,2025-07-15 01:37:44.121229,2025-07-15 01:39:15.332960,0 days 00:01:31.211731,identity,prod,0.004910863041334971,9,12,bell,COMPLETE
200,3.56002078660822e-06,2025-07-15 01:39:15.333848,2025-07-15 01:40:44.254587,0 days 00:01:28.920739,identity,prod,0.007833067667799157,8,11,bell,COMPLETE
201,9.140069778368343e-06,2025-07-15 01:40:44.255479,2025-07-15 01:42:13.130617,0 days 00:01:28.875138,identity,prod,0.008147806830523577,8,11,bell,COMPLETE
202,3.705528342834441e-06,2025-07-15 01:42:13.131534,2025-07-15 01:43:42.054661,0 days 00:01:28.923127,identity,prod,0.008738554399331806,8,11,bell,COMPLETE
203,0.0004880352062173188,2025-07-15 01:43:42.055572,2025-07-15 01:45:18.241420,0 days 00:01:36.185848,identity,prod,0.007330637512696646,8,15,bell,COMPLETE
204,3.545719664543867e-06,2025-07-15 01:45:18.242324,2025-07-15 01:46:46.356129,0 days 00:01:28.113805,identity,prod,0.005549627513778203,8,12,bell,COMPLETE
205,0.048038266599178314,2025-07-15 01:46:46.357051,2025-07-15 01:48:14.531414,0 days 00:01:28.174363,identity,prod,0.005625073887271878,8,12,bell,COMPLETE
206,1.4482844562735409e-05,2025-07-15 01:48:14.532338,2025-07-15 01:49:42.557657,0 days 00:01:28.025319,identity,prod,0.004236814184790456,8,12,bell,COMPLETE
207,3.4868951388489222e-06,2025-07-15 01:49:42.558568,2025-07-15 01:51:11.288098,0 days 00:01:28.729530,identity,prod,0.00616517929769471,8,11,bell,COMPLETE
208,4.0062477637548e-06,2025-07-15 01:51:11.288990,2025-07-15 01:52:37.744069,0 days 00:01:26.455079,relu,prod,0.00524711978439897,8,10,bell,COMPLETE
209,3.81547715733177e-06,2025-07-15 01:52:37.744963,2025-07-15 01:54:04.910571,0 days 00:01:27.165608,identity,min,0.0061137471714080936,8,11,bell,COMPLETE
210,0.4174715578556061,2025-07-15 01:54:04.911553,2025-07-15 01:55:29.134935,0 days 00:01:24.223382,identity,prod,0.0048655164295342114,8,12,gaussian,COMPLETE
211,3.530708909238456e-06,2025-07-15 01:55:29.135808,2025-07-15 01:56:57.926378,0 days 00:01:28.790570,identity,prod,0.006286347503232945,8,11,bell,COMPLETE
212,3.5185892102163052e-06,2025-07-15 01:56:57.927282,2025-07-15 01:58:28.680020,0 days 00:01:30.752738,identity,prod,0.0057361873876912405,8,13,bell,COMPLETE
213,3.675594371088664e-06,2025-07-15 01:58:28.680928,2025-07-15 01:59:59.428899,0 days 00:01:30.747971,identity,prod,0.005846185961063771,8,13,bell,COMPLETE
214,3.488518586891587e-06,2025-07-15 01:59:59.429824,2025-07-15 02:01:30.202886,0 days 00:01:30.773062,identity,prod,0.005948612356442462,8,13,bell,COMPLETE
215,4.986424301023362e-06,2025-07-15 02:01:30.203803,2025-07-15 02:03:00.940588,0 days 00:01:30.736785,identity,prod,0.005553455944959773,8,13,bell,COMPLETE
216,5.9261751630401704e-06,2025-07-15 02:03:00.941502,2025-07-15 02:04:31.697543,0 days 00:01:30.756041,identity,prod,0.006293330673207729,8,13,bell,COMPLETE
217,4.322650420363061e-05,2025-07-15 02:04:31.698485,2025-07-15 02:06:16.042498,0 days 00:01:44.344013,identity,prod,0.0045824749625698845,8,18,bell,COMPLETE
218,4.04206457460532e-06,2025-07-15 02:06:16.043435,2025-07-15 02:07:46.747050,0 days 00:01:30.703615,identity,prod,0.005219343719866348,8,13,bell,COMPLETE
219,0.0003772593627218157,2025-07-15 02:07:46.747976,2025-07-15 02:09:14.855106,0 days 00:01:28.107130,identity,prod,0.006208559965761885,8,12,bell,COMPLETE
220,1.1759469089156482e-05,2025-07-15 02:09:14.856005,2025-07-15 02:10:59.155873,0 days 00:01:44.299868,identity,prod,0.006874164145952714,8,18,bell,COMPLETE
221,3.955407009925693e-06,2025-07-15 02:10:59.156800,2025-07-15 02:12:29.928976,0 days 00:01:30.772176,identity,prod,0.005659099217305014,8,13,bell,COMPLETE
222,4.615329089574516e-06,2025-07-15 02:12:29.929888,2025-07-15 02:14:03.479271,0 days 00:01:33.549383,identity,prod,0.0059282379273343936,8,14,bell,COMPLETE
223,3.88027774533839e-06,2025-07-15 02:14:03.480177,2025-07-15 02:15:34.289479,0 days 00:01:30.809302,identity,prod,0.005326008502542393,8,13,bell,COMPLETE
224,3.6086335057916585e-06,2025-07-15 02:15:34.290395,2025-07-15 02:17:26.658042,0 days 00:01:52.367647,identity,prod,0.006261422485372545,8,21,bell,COMPLETE
225,0.0003046080528292805,2025-07-15 02:17:26.658959,2025-07-15 02:19:19.095035,0 days 00:01:52.436076,identity,prod,0.0021214939329836317,8,21,bell,COMPLETE
226,3.7383240396593465e-06,2025-07-15 02:19:19.095955,2025-07-15 02:21:11.456138,0 days 00:01:52.360183,identity,prod,0.006959265552798201,8,21,bell,COMPLETE
227,3.835769348370377e-06,2025-07-15 02:21:11.457027,2025-07-15 02:23:03.897080,0 days 00:01:52.440053,identity,prod,0.007661308784465812,8,21,bell,COMPLETE
228,3.498821115499595e-06,2025-07-15 02:23:03.898031,2025-07-15 02:24:59.036604,0 days 00:01:55.138573,identity,prod,0.006402875292344144,8,22,bell,COMPLETE
229,3.823906808975153e-06,2025-07-15 02:24:59.037541,2025-07-15 02:26:54.188466,0 days 00:01:55.150925,identity,prod,0.006410105862697075,8,22,bell,COMPLETE
230,0.00751486886292696,2025-07-15 02:26:54.189367,2025-07-15 02:28:46.417167,0 days 00:01:52.227800,relu,prod,0.007061111260119149,8,23,sigmoid,COMPLETE
231,3.4988108836842002e-06,2025-07-15 02:28:46.418055,2025-07-15 02:30:44.264757,0 days 00:01:57.846702,identity,prod,0.006225314403130593,8,23,bell,COMPLETE
232,2.4287894120789133e-05,2025-07-15 02:30:44.265691,2025-07-15 02:32:39.379832,0 days 00:01:55.114141,identity,prod,0.006148051739919908,8,22,bell,COMPLETE
233,1.501980204920983e-05,2025-07-15 02:32:39.380828,2025-07-15 02:34:37.258489,0 days 00:01:57.877661,identity,prod,0.0066258216402480695,8,23,bell,COMPLETE
234,3.7531781345023774e-06,2025-07-15 02:34:37.259408,2025-07-15 02:36:37.920113,0 days 00:02:00.660705,identity,prod,0.008194063819413447,8,24,bell,COMPLETE
235,0.00023215041437651962,2025-07-15 02:36:37.921024,2025-07-15 02:38:33.210276,0 days 00:01:55.289252,identity,prod,0.007528203523715791,8,22,bell,COMPLETE
236,7.387840923911426e-06,2025-07-15 02:38:33.211217,2025-07-15 02:40:29.719193,0 days 00:01:56.507976,identity,min,0.005696122533775557,8,23,bell,COMPLETE
237,0.00036134308902546763,2025-07-15 02:40:29.720112,2025-07-15 02:42:30.150563,0 days 00:02:00.430451,identity,prod,0.006552301704261633,8,24,bell,COMPLETE
238,4.5384877012111247e-05,2025-07-15 02:42:30.151487,2025-07-15 02:44:17.051540,0 days 00:01:46.900053,identity,prod,0.005023685752843135,8,19,bell,COMPLETE
239,0.014925097115337849,2025-07-15 02:44:17.052443,2025-07-15 02:46:12.031915,0 days 00:01:54.979472,identity,prod,0.0004787246382627366,8,22,bell,COMPLETE
240,0.003634528024122119,2025-07-15 02:46:12.032819,2025-07-15 02:48:07.136838,0 days 00:01:55.104019,identity,prod,0.007723001850116215,8,22,bell,COMPLETE
241,3.532847131282324e-06,2025-07-15 02:48:07.137763,2025-07-15 02:49:35.785214,0 days 00:01:28.647451,identity,prod,0.005338167767102109,8,11,bell,COMPLETE
242,3.708748408826068e-06,2025-07-15 02:49:35.786141,2025-07-15 02:51:04.471658,0 days 00:01:28.685517,identity,prod,0.005914860539166855,8,11,bell,COMPLETE
243,3.5286666388856247e-06,2025-07-15 02:51:04.472571,2025-07-15 02:52:32.462631,0 days 00:01:27.990060,identity,prod,0.00544420024999973,8,12,bell,COMPLETE
244,3.6977787658543093e-06,2025-07-15 02:52:32.463595,2025-07-15 02:54:00.398965,0 days 00:01:27.935370,identity,prod,0.004683607166574118,8,12,bell,COMPLETE
245,0.008840794675052166,2025-07-15 02:54:00.399894,2025-07-15 02:55:28.323895,0 days 00:01:27.924001,identity,prod,0.0052835076459834,8,12,bell,COMPLETE
246,6.834802206867607e-06,2025-07-15 02:55:28.324808,2025-07-15 02:56:56.282661,0 days 00:01:27.957853,identity,prod,0.00570134015644362,8,12,bell,COMPLETE
247,3.901493982993998e-06,2025-07-15 02:56:56.283589,2025-07-15 02:58:45.888768,0 days 00:01:49.605179,identity,prod,0.006250149726663771,8,20,bell,COMPLETE
248,0.00015585611981805414,2025-07-15 02:58:45.889712,2025-07-15 03:00:38.343529,0 days 00:01:52.453817,identity,prod,0.005088827882267188,8,21,bell,COMPLETE
249,9.248007700080052e-06,2025-07-15 03:00:38.344444,2025-07-15 03:02:19.993893,0 days 00:01:41.649449,identity,prod,0.005482977079610948,8,17,bell,COMPLETE
250,0.018004758283495903,2025-07-15 03:02:19.994808,2025-07-15 03:03:48.785867,0 days 00:01:28.791059,identity,prod,0.00010146389881895949,8,11,bell,COMPLETE
251,0.007054440677165985,2025-07-15 03:03:48.786829,2025-07-15 03:05:33.100490,0 days 00:01:44.313661,identity,prod,0.004565807607226768,8,18,bell,COMPLETE
252,3.889580511895474e-06,2025-07-15 03:05:33.101410,2025-07-15 03:07:18.997279,0 days 00:01:45.895869,relu,min,0.006847278205804067,8,19,bell,COMPLETE
253,0.009166927076876163,2025-07-15 03:07:18.998212,2025-07-15 03:09:09.321982,0 days 00:01:50.323770,identity,prod,0.00628627617635634,6,23,gaussian,COMPLETE
254,4.34572393714916e-06,2025-07-15 03:09:09.322951,2025-07-15 03:10:37.300939,0 days 00:01:27.977988,identity,prod,0.007173353146932721,8,12,bell,COMPLETE
255,3.7268873711582273e-06,2025-07-15 03:10:37.301843,2025-07-15 03:12:08.926813,0 days 00:01:31.624970,identity,prod,0.005662848461647105,9,11,bell,COMPLETE
256,5.745365797338309e-06,2025-07-15 03:12:08.927784,2025-07-15 03:13:50.498971,0 days 00:01:41.571187,identity,prod,0.006143498258997904,8,17,bell,COMPLETE
257,0.0009255814366042614,2025-07-15 03:13:50.499888,2025-07-15 03:15:29.806843,0 days 00:01:39.306955,identity,prod,0.004980482287566485,9,15,bell,COMPLETE
258,3.5724697227124125e-06,2025-07-15 03:15:29.807779,2025-07-15 03:17:30.342936,0 days 00:02:00.535157,identity,prod,0.006772420565733662,8,24,bell,COMPLETE
259,3.981532790930942e-05,2025-07-15 03:17:30.343849,2025-07-15 03:19:01.148882,0 days 00:01:30.805033,identity,prod,0.006839968356856534,8,13,bell,COMPLETE
260,3.7670320125471335e-06,2025-07-15 03:19:01.149815,2025-07-15 03:21:01.615277,0 days 00:02:00.465462,identity,prod,0.005968348866282205,8,24,bell,COMPLETE
261,6.415906682377681e-05,2025-07-15 03:21:01.616185,2025-07-15 03:22:35.044302,0 days 00:01:33.428117,identity,prod,0.004391106406138718,8,14,bell,COMPLETE
262,0.0007729831850156188,2025-07-15 03:22:35.045239,2025-07-15 03:24:29.647639,0 days 00:01:54.602400,identity,prod,0.006581956901942097,8,24,sigmoid,COMPLETE
263,1.649666955927387e-05,2025-07-15 03:24:29.648557,2025-07-15 03:26:33.147898,0 days 00:02:03.499341,relu,prod,0.005403520058553512,8,25,bell,COMPLETE
264,5.396373580879299e-06,2025-07-15 03:26:33.148811,2025-07-15 03:27:59.537026,0 days 00:01:26.388215,identity,min,0.0071018720847713405,8,12,bell,COMPLETE
265,0.01724063791334629,2025-07-15 03:27:59.537974,2025-07-15 03:29:57.112339,0 days 00:01:57.574365,identity,prod,0.00018609400849880684,8,23,bell,COMPLETE
266,3.4922795748570934e-06,2025-07-15 03:29:57.113328,2025-07-15 03:31:35.828764,0 days 00:01:38.715436,identity,prod,0.007678908292945465,8,16,bell,COMPLETE
267,3.7695565424655797e-06,2025-07-15 03:31:35.829690,2025-07-15 03:33:14.598739,0 days 00:01:38.769049,identity,prod,0.007795699316893834,8,16,bell,COMPLETE
268,3.506983148326981e-06,2025-07-15 03:33:14.599691,2025-07-15 03:34:50.642001,0 days 00:01:36.042310,identity,prod,0.007347406597557752,8,15,bell,COMPLETE
269,3.4869974570028717e-06,2025-07-15 03:34:50.642968,2025-07-15 03:36:29.375669,0 days 00:01:38.732701,identity,prod,0.007803687786205092,8,16,bell,COMPLETE
270,3.4829945434466936e-06,2025-07-15 03:36:29.376606,2025-07-15 03:38:08.074549,0 days 00:01:38.697943,identity,prod,0.008256380708664275,8,16,bell,COMPLETE
271,4.919730145047652e-06,2025-07-15 03:38:08.075523,2025-07-15 03:39:46.823241,0 days 00:01:38.747718,identity,prod,0.008014374380052234,8,16,bell,COMPLETE
272,3.613427224991028e-06,2025-07-15 03:39:46.824196,2025-07-15 03:41:25.657946,0 days 00:01:38.833750,identity,prod,0.007325731390647053,8,16,bell,COMPLETE
273,3.6585111047315877e-06,2025-07-15 03:41:25.658890,2025-07-15 03:43:04.394109,0 days 00:01:38.735219,identity,prod,0.008099734583594748,8,16,bell,COMPLETE
274,4.766492565977387e-06,2025-07-15 03:43:04.395077,2025-07-15 03:44:40.449149,0 days 00:01:36.054072,identity,prod,0.007347405399929633,8,15,bell,COMPLETE
275,4.400490524858469e-06,2025-07-15 03:44:40.450086,2025-07-15 03:46:19.149642,0 days 00:01:38.699556,identity,prod,0.008497093951833398,8,16,bell,COMPLETE
276,8.895980136003345e-05,2025-07-15 03:46:19.150584,2025-07-15 03:47:55.579978,0 days 00:01:36.429394,relu,prod,0.0010167406384651368,8,15,bell,COMPLETE
277,0.004748817998915911,2025-07-15 03:47:55.580924,2025-07-15 03:49:29.047370,0 days 00:01:33.466446,identity,min,0.007213115364691438,8,16,gaussian,COMPLETE
278,8.167980013240594e-06,2025-07-15 03:49:29.048299,2025-07-15 03:51:05.074401,0 days 00:01:36.026102,identity,prod,0.0066396218183793175,8,15,bell,COMPLETE
279,3.650756298156921e-06,2025-07-15 03:51:05.075353,2025-07-15 03:52:46.573188,0 days 00:01:41.497835,identity,prod,0.007755740601742935,8,17,bell,COMPLETE
280,3.4311844956391724e-06,2025-07-15 03:52:46.574126,2025-07-15 03:54:22.685010,0 days 00:01:36.110884,identity,prod,0.008864810545066546,8,15,bell,COMPLETE
281,0.00042849467718042433,2025-07-15 03:54:22.685967,2025-07-15 03:55:37.278777,0 days 00:01:14.592810,identity,prod,0.00680033320528368,8,6,bell,COMPLETE
282,3.5746236335398862e-06,2025-07-15 03:55:37.279704,2025-07-15 03:57:40.279076,0 days 00:02:02.999372,identity,prod,0.008142389436717407,8,25,bell,COMPLETE
283,3.576877134037204e-06,2025-07-15 03:57:40.280013,2025-07-15 03:59:19.059499,0 days 00:01:38.779486,identity,prod,0.007456837545119429,8,16,bell,COMPLETE
284,3.7418237752717687e-06,2025-07-15 03:59:19.060425,2025-07-15 04:01:00.568524,0 days 00:01:41.508099,identity,prod,0.0063887984236918735,8,17,bell,COMPLETE
285,3.521411599649582e-06,2025-07-15 04:01:00.569471,2025-07-15 04:02:36.653903,0 days 00:01:36.084432,identity,prod,0.008704656099498224,8,15,bell,COMPLETE
286,0.0066764079965651035,2025-07-15 04:02:36.654840,2025-07-15 04:04:07.522481,0 days 00:01:30.867641,identity,prod,0.008494107121983634,8,15,sigmoid,COMPLETE
287,8.225000783568248e-06,2025-07-15 04:04:07.523432,2025-07-15 04:05:43.564131,0 days 00:01:36.040699,identity,prod,0.00702916327288397,8,15,bell,COMPLETE
288,4.048932623845758e-06,2025-07-15 04:05:43.565078,2025-07-15 04:07:22.329191,0 days 00:01:38.764113,identity,prod,0.008825757916015815,8,16,bell,COMPLETE
289,0.0001520871155662462,2025-07-15 04:07:22.330125,2025-07-15 04:08:58.742649,0 days 00:01:36.412524,relu,prod,0.005896409596125885,8,15,bell,COMPLETE
290,3.5666462281369604e-06,2025-07-15 04:08:58.743611,2025-07-15 04:10:33.308823,0 days 00:01:34.565212,identity,min,0.007939930027390574,8,15,bell,COMPLETE
291,5.717992098652758e-05,2025-07-15 04:10:33.309780,2025-07-15 04:12:07.897814,0 days 00:01:34.588034,identity,min,0.008960422310317413,8,15,bell,COMPLETE
292,4.18293711845763e-06,2025-07-15 04:12:07.898764,2025-07-15 04:13:42.539700,0 days 00:01:34.640936,identity,min,0.007982152431647639,8,15,bell,COMPLETE
293,0.00019643800624180585,2025-07-15 04:13:42.540671,2025-07-15 04:15:19.831915,0 days 00:01:37.291244,identity,min,0.00771122312523004,8,16,bell,COMPLETE
294,3.4566760405141395e-06,2025-07-15 04:15:19.832858,2025-07-15 04:16:46.920097,0 days 00:01:27.087239,identity,min,0.009402774933723147,8,11,bell,COMPLETE
295,3.932722847821424e-06,2025-07-15 04:16:46.921056,2025-07-15 04:18:14.046552,0 days 00:01:27.125496,identity,min,0.009799181787704695,8,11,bell,COMPLETE
296,7.788062794134021e-05,2025-07-15 04:18:14.047507,2025-07-15 04:19:41.203436,0 days 00:01:27.155929,identity,min,0.009153814687769792,8,11,bell,COMPLETE
297,3.860751348838676e-06,2025-07-15 04:19:41.204367,2025-07-15 04:21:08.296612,0 days 00:01:27.092245,identity,min,0.00838074413545144,8,11,bell,COMPLETE
298,3.830303285212722e-06,2025-07-15 04:21:08.297551,2025-07-15 04:22:33.611700,0 days 00:01:25.314149,identity,prod,0.009480616386633278,6,11,bell,COMPLETE
299,3.66802305507008e-06,2025-07-15 04:22:33.612620,2025-07-15 04:24:02.261435,0 days 00:01:28.648815,identity,prod,0.006086279267551949,8,11,bell,COMPLETE
300,4.331644959165715e-06,2025-07-15 04:24:02.262371,2025-07-15 04:25:28.608207,0 days 00:01:26.345836,relu,prod,0.007385834552588672,8,10,bell,COMPLETE
301,0.1968981921672821,2025-07-15 04:25:28.609146,2025-07-15 04:27:03.327891,0 days 00:01:34.718745,identity,prod,0.0015583153701359395,8,16,gaussian,COMPLETE
302,9.192514880851377e-06,2025-07-15 04:27:03.328828,2025-07-15 04:28:30.569269,0 days 00:01:27.240441,identity,prod,0.008804516760022979,7,12,bell,COMPLETE
303,4.929185251967283e-06,2025-07-15 04:28:30.570203,2025-07-15 04:30:09.325919,0 days 00:01:38.755716,identity,prod,0.0063368685744406,8,16,bell,COMPLETE
304,5.298298674460966e-06,2025-07-15 04:30:09.326879,2025-07-15 04:31:37.349550,0 days 00:01:28.022671,identity,prod,0.0056399435237226994,8,12,bell,COMPLETE
305,4.819895821128739e-06,2025-07-15 04:31:37.350507,2025-07-15 04:33:06.018670,0 days 00:01:28.668163,identity,prod,0.009935265420369188,8,11,bell,COMPLETE
306,5.102772774989717e-06,2025-07-15 04:33:06.019624,2025-07-15 04:34:46.071157,0 days 00:01:40.051533,identity,min,0.00713575784156764,8,17,bell,COMPLETE
307,0.006027740426361561,2025-07-15 04:34:46.072103,2025-07-15 04:36:19.429142,0 days 00:01:33.357039,identity,prod,0.0003631552018457742,8,14,bell,COMPLETE
308,6.3327747739094775e-06,2025-07-15 04:36:19.430052,2025-07-15 04:37:55.473388,0 days 00:01:36.043336,identity,prod,0.0065729323688689684,8,15,bell,COMPLETE
309,0.014597962610423565,2025-07-15 04:37:55.474329,2025-07-15 04:39:19.168905,0 days 00:01:23.694576,identity,prod,0.0002944409669623102,8,11,sigmoid,COMPLETE
310,2.79472405964043e-05,2025-07-15 04:39:19.169830,2025-07-15 04:40:58.070653,0 days 00:01:38.900823,identity,prod,0.005563761707442374,8,16,bell,COMPLETE
311,0.0012303210096433759,2025-07-15 04:40:58.071610,2025-07-15 04:42:33.726630,0 days 00:01:35.655020,identity,prod,0.0024720510197978303,7,15,bell,COMPLETE
312,0.00026800978230312467,2025-07-15 04:42:33.727583,2025-07-15 04:44:03.018368,0 days 00:01:29.290785,relu,prod,0.008497052309211009,8,11,bell,COMPLETE
313,0.04091006889939308,2025-07-15 04:44:03.019500,2025-07-15 04:45:29.005860,0 days 00:01:25.986360,identity,prod,0.0007085854419969839,8,10,bell,COMPLETE
314,5.596904884441756e-06,2025-07-15 04:45:29.006813,2025-07-15 04:47:10.634156,0 days 00:01:41.627343,identity,prod,0.007754468089256527,8,17,bell,COMPLETE
315,5.3686212595494e-06,2025-07-15 04:47:10.635108,2025-07-15 04:48:38.656939,0 days 00:01:28.021831,identity,prod,0.005111846077523662,8,12,bell,COMPLETE
316,5.045120360591682e-06,2025-07-15 04:48:38.657910,2025-07-15 04:50:15.969854,0 days 00:01:37.311944,identity,min,0.00893145702150472,8,16,bell,COMPLETE
317,4.200338480586652e-06,2025-07-15 04:50:15.970789,2025-07-15 04:51:43.942098,0 days 00:01:27.971309,identity,prod,0.006143821800689465,8,12,bell,COMPLETE
318,2.1554411432589404e-05,2025-07-15 04:51:43.943037,2025-07-15 04:53:12.014215,0 days 00:01:28.071178,identity,prod,0.006939283518642979,8,12,bell,COMPLETE
319,4.887809609499527e-06,2025-07-15 04:53:12.015197,2025-07-15 04:54:48.130396,0 days 00:01:36.115199,identity,prod,0.007496933419949036,8,15,bell,COMPLETE
320,3.908160579157993e-06,2025-07-15 04:54:48.131339,2025-07-15 04:56:16.870524,0 days 00:01:28.739185,identity,prod,0.005791023472391679,8,11,bell,COMPLETE
321,0.00025399684091098607,2025-07-15 04:56:16.871463,2025-07-15 04:57:50.325666,0 days 00:01:33.454203,identity,prod,0.008304870307285796,8,14,bell,COMPLETE
322,9.289279660151806e-06,2025-07-15 04:57:50.326608,2025-07-15 04:59:16.319593,0 days 00:01:25.992985,identity,prod,0.006643933236679753,8,10,bell,COMPLETE
323,4.321783308114391e-06,2025-07-15 04:59:16.320531,2025-07-15 05:01:07.147586,0 days 00:01:50.827055,relu,prod,0.009333010275208794,8,22,gaussian,COMPLETE
324,4.214467844576575e-05,2025-07-15 05:01:07.148530,2025-07-15 05:02:35.903277,0 days 00:01:28.754747,identity,prod,0.005386581990640592,8,11,bell,COMPLETE
325,3.7921809052932076e-06,2025-07-15 05:02:35.904239,2025-07-15 05:04:13.212165,0 days 00:01:37.307926,identity,min,0.007374664298925454,8,16,bell,COMPLETE
326,0.002387317596003413,2025-07-15 05:04:13.213148,2025-07-15 05:05:49.363262,0 days 00:01:36.150114,identity,prod,0.006452963739037203,8,15,bell,COMPLETE
327,4.210789938952075e-06,2025-07-15 05:05:49.364210,2025-07-15 05:07:25.515174,0 days 00:01:36.150964,identity,prod,0.00822486127833274,8,15,bell,COMPLETE
328,3.8034854696888942e-06,2025-07-15 05:07:25.516139,2025-07-15 05:09:07.616523,0 days 00:01:42.100384,identity,prod,0.005999337026669887,9,16,bell,COMPLETE
329,3.5386635772738373e-06,2025-07-15 05:09:07.617469,2025-07-15 05:10:41.040692,0 days 00:01:33.423223,identity,prod,0.00920891897850275,8,14,bell,COMPLETE
330,0.018164891749620438,2025-07-15 05:10:41.041638,2025-07-15 05:12:14.578134,0 days 00:01:33.536496,identity,prod,0.009893656609019403,8,14,bell,COMPLETE
331,6.347228008962702e-06,2025-07-15 05:12:14.579077,2025-07-15 05:13:48.018687,0 days 00:01:33.439610,identity,prod,0.008805632802559518,8,14,bell,COMPLETE
332,0.0029569556936621666,2025-07-15 05:13:48.019645,2025-07-15 05:15:16.339441,0 days 00:01:28.319796,identity,prod,0.009402871808387277,8,14,sigmoid,COMPLETE
333,4.172054104856215e-06,2025-07-15 05:15:16.340383,2025-07-15 05:16:45.546757,0 days 00:01:29.206374,identity,min,0.0052458425183879165,8,13,bell,COMPLETE
334,3.7396553125290666e-06,2025-07-15 05:16:45.547703,2025-07-15 05:18:16.228936,0 days 00:01:30.681233,identity,prod,0.008928122114581546,8,13,bell,COMPLETE
335,1.0198500156402588,2025-07-15 05:18:16.229880,2025-07-15 05:19:55.814639,0 days 00:01:39.584759,relu,prod,0.00684644011189362,9,15,bell,COMPLETE
336,3.6161693515168736e-06,2025-07-15 05:19:55.815585,2025-07-15 05:21:34.711850,0 days 00:01:38.896265,identity,prod,0.008006895924146004,8,16,bell,COMPLETE
337,4.1746770875761285e-06,2025-07-15 05:21:34.712837,2025-07-15 05:23:11.163688,0 days 00:01:36.450851,identity,prod,0.005794103230514067,9,14,bell,COMPLETE
338,4.790760158357443e-06,2025-07-15 05:23:11.164693,2025-07-15 05:24:52.795692,0 days 00:01:41.630999,identity,prod,0.009897177267070947,8,17,bell,COMPLETE
339,0.00012680098006967455,2025-07-15 05:24:52.796689,2025-07-15 05:26:29.110089,0 days 00:01:36.313400,identity,prod,0.004861908423382247,8,15,bell,COMPLETE
340,4.847311174671631e-06,2025-07-15 05:26:29.111079,2025-07-15 05:28:26.881172,0 days 00:01:57.770093,identity,prod,0.007134771922078149,8,23,bell,COMPLETE
341,0.0014898191438987851,2025-07-15 05:28:26.882140,2025-07-15 05:29:58.891751,0 days 00:01:32.009611,identity,min,0.008641790253482416,8,14,bell,COMPLETE
342,0.012529367581009865,2025-07-15 05:29:58.892700,2025-07-15 05:31:29.791093,0 days 00:01:30.898393,identity,prod,0.006536794819280645,9,12,bell,COMPLETE
343,5.175426394998794e-06,2025-07-15 05:31:29.792050,2025-07-15 05:33:05.964451,0 days 00:01:36.172401,identity,prod,0.007671933406407485,8,15,bell,COMPLETE
344,0.00018613760767038912,2025-07-15 05:33:05.965419,2025-07-15 05:34:36.694212,0 days 00:01:30.728793,identity,prod,0.006036422786988065,8,13,bell,COMPLETE
345,0.17814351618289948,2025-07-15 05:34:36.695188,2025-07-15 05:36:17.073275,0 days 00:01:40.378087,identity,prod,0.005455624996935239,9,17,gaussian,COMPLETE
346,4.189871560811298e-06,2025-07-15 05:36:17.074234,2025-07-15 05:37:53.578184,0 days 00:01:36.503950,relu,prod,0.009136569840735848,8,15,bell,COMPLETE
347,0.011132501065731049,2025-07-15 05:37:53.579169,2025-07-15 05:39:32.491532,0 days 00:01:38.912363,identity,prod,0.0008539200319930558,8,16,bell,COMPLETE
348,0.016667841002345085,2025-07-15 05:39:32.492545,2025-07-15 05:41:00.586986,0 days 00:01:28.094441,identity,prod,0.00011661308691578889,8,12,bell,COMPLETE
349,4.534608706308063e-06,2025-07-15 05:41:00.587946,2025-07-15 05:42:37.785651,0 days 00:01:37.197705,identity,min,0.008174152741069515,7,16,bell,COMPLETE
350,0.00032374446163885295,2025-07-15 05:42:37.786664,2025-07-15 05:44:08.706229,0 days 00:01:30.919565,identity,prod,0.007296675938668054,8,13,bell,COMPLETE
351,3.918215043086093e-06,2025-07-15 05:44:08.707214,2025-07-15 05:45:36.620533,0 days 00:01:27.913319,identity,prod,0.00409331777289494,5,14,bell,COMPLETE
352,0.00010320806177332997,2025-07-15 05:45:36.621501,2025-07-15 05:47:12.892716,0 days 00:01:36.271215,identity,prod,0.006464590846925386,8,15,bell,COMPLETE
353,4.157521743763937e-06,2025-07-15 05:47:12.893686,2025-07-15 05:48:43.754567,0 days 00:01:30.860881,identity,prod,0.007027879479928973,9,12,bell,COMPLETE
354,0.032151490449905396,2025-07-15 05:48:43.755563,2025-07-15 05:50:33.049538,0 days 00:01:49.293975,identity,prod,0.004986075698206207,8,22,sigmoid,COMPLETE
355,8.11197969596833e-06,2025-07-15 05:50:33.050532,2025-07-15 05:52:01.185862,0 days 00:01:28.135330,identity,prod,0.009911378119424087,8,12,bell,COMPLETE
356,4.354628799774218e-06,2025-07-15 05:52:01.186836,2025-07-15 05:53:34.874030,0 days 00:01:33.687194,identity,prod,0.005896750355837818,8,14,bell,COMPLETE
357,3.95885263060336e-06,2025-07-15 05:53:34.874977,2025-07-15 05:54:59.458770,0 days 00:01:24.583793,identity,min,0.00832404920447299,8,10,bell,COMPLETE
358,7.995413761818781e-05,2025-07-15 05:54:59.459727,2025-07-15 05:56:31.586250,0 days 00:01:32.126523,relu,prod,0.0011629967418105324,9,11,bell,COMPLETE
359,3.90845661968342e-06,2025-07-15 05:56:31.587211,2025-07-15 05:58:07.936678,0 days 00:01:36.349467,identity,prod,0.007773113225209913,8,15,bell,COMPLETE
360,3.161854328936897e-05,2025-07-15 05:58:07.937635,2025-07-15 05:59:46.439733,0 days 00:01:38.502098,identity,prod,0.00633393142529252,6,17,bell,COMPLETE
361,1.4124112567515112e-05,2025-07-15 05:59:46.440690,2025-07-15 06:01:25.531787,0 days 00:01:39.091097,identity,prod,0.009003005767412569,8,16,bell,COMPLETE
362,0.00013235713413450867,2025-07-15 06:01:25.532786,2025-07-15 06:03:23.338013,0 days 00:01:57.805227,identity,prod,0.005407047124215974,7,23,bell,COMPLETE
363,3.844007096631685e-06,2025-07-15 06:03:23.338992,2025-07-15 06:04:55.068400,0 days 00:01:31.729408,identity,prod,0.007063771902954216,9,11,bell,COMPLETE
364,4.434963557287119e-06,2025-07-15 06:04:55.069367,2025-07-15 06:06:33.995391,0 days 00:01:38.926024,identity,prod,0.007623259333287025,8,16,bell,COMPLETE
365,5.167784365767147e-06,2025-07-15 06:06:33.996361,2025-07-15 06:08:08.807563,0 days 00:01:34.811202,identity,min,0.008542017687586402,8,15,bell,COMPLETE
366,0.00030191088444553316,2025-07-15 06:08:08.808549,2025-07-15 06:09:42.301960,0 days 00:01:33.493411,identity,prod,0.005933179932311832,8,14,bell,COMPLETE
367,0.17019304633140564,2025-07-15 06:09:42.302937,2025-07-15 06:11:06.501602,0 days 00:01:24.198665,identity,prod,0.004632418827542919,8,12,gaussian,COMPLETE
368,0.10274848341941833,2025-07-15 06:11:06.502557,2025-07-15 06:12:37.274375,0 days 00:01:30.771818,identity,prod,0.0005420897260059748,8,13,bell,COMPLETE
369,0.005935932509601116,2025-07-15 06:12:37.275361,2025-07-15 06:14:22.833893,0 days 00:01:45.558532,relu,prod,0.006773045627319926,9,17,bell,COMPLETE
370,8.035327482502908e-06,2025-07-15 06:14:22.834882,2025-07-15 06:15:51.708922,0 days 00:01:28.874040,identity,prod,0.00896491386387132,8,11,bell,COMPLETE
371,1.9897392121492885e-05,2025-07-15 06:15:51.709893,2025-07-15 06:17:28.009353,0 days 00:01:36.299460,identity,prod,0.005424641387235266,8,15,bell,COMPLETE
372,1.0996044693456497e-05,2025-07-15 06:17:28.010369,2025-07-15 06:19:07.389747,0 days 00:01:39.379378,identity,prod,0.0029752798906483137,9,15,bell,COMPLETE
373,0.0007518324418924749,2025-07-15 06:19:07.390731,2025-07-15 06:20:36.828853,0 days 00:01:29.438122,identity,min,0.007504989324169356,8,13,bell,COMPLETE
374,2.457473055983428e-05,2025-07-15 06:20:36.829823,2025-07-15 06:22:26.693639,0 days 00:01:49.863816,identity,prod,0.006348579449166534,8,20,bell,COMPLETE
375,3.70375801139744e-06,2025-07-15 06:22:26.694637,2025-07-15 06:24:00.315311,0 days 00:01:33.620674,identity,prod,0.008211248517112284,8,14,bell,COMPLETE
376,1.4791441572015174e-05,2025-07-15 06:24:00.316300,2025-07-15 06:25:28.486022,0 days 00:01:28.169722,identity,prod,0.009464417875274335,8,12,bell,COMPLETE
377,0.01035173051059246,2025-07-15 06:25:28.487035,2025-07-15 06:26:49.700521,0 days 00:01:21.213486,identity,prod,0.006808939326512698,8,10,sigmoid,COMPLETE
378,3.709668590090587e-06,2025-07-15 06:26:49.701525,2025-07-15 06:28:21.431912,0 days 00:01:31.730387,identity,prod,0.005667835574936668,9,11,bell,COMPLETE
379,1.857489041867666e-05,2025-07-15 06:28:21.432929,2025-07-15 06:30:00.538920,0 days 00:01:39.105991,identity,prod,0.005067165803570671,8,16,bell,COMPLETE
380,0.00701918127015233,2025-07-15 06:30:00.539929,2025-07-15 06:31:31.914709,0 days 00:01:31.374780,relu,prod,0.009955841770718732,8,13,bell,COMPLETE
381,5.836587661178783e-06,2025-07-15 06:31:31.915689,2025-07-15 06:33:06.703410,0 days 00:01:34.787721,identity,min,0.0074699395727400066,8,15,bell,COMPLETE
382,0.0020904189441353083,2025-07-15 06:33:06.704397,2025-07-15 06:34:48.397656,0 days 00:01:41.693259,identity,prod,0.0059754535490193555,8,17,bell,COMPLETE
383,1.0111337360285688e-05,2025-07-15 06:34:48.398661,2025-07-15 06:36:27.387565,0 days 00:01:38.988904,identity,prod,0.008722864737635679,8,16,bell,COMPLETE
384,3.4893714655481745e-06,2025-07-15 06:36:27.388558,2025-07-15 06:38:15.248330,0 days 00:01:47.859772,identity,prod,0.006394440882085633,9,18,bell,COMPLETE
385,8.706789230927825e-06,2025-07-15 06:38:15.249311,2025-07-15 06:40:10.464916,0 days 00:01:55.215605,identity,prod,0.0065289044955367205,8,22,bell,COMPLETE
386,6.738064985256642e-05,2025-07-15 06:40:10.465910,2025-07-15 06:41:47.256088,0 days 00:01:36.790178,identity,prod,0.006196358707636171,9,14,bell,COMPLETE
387,3.7728350434917957e-06,2025-07-15 06:41:47.257079,2025-07-15 06:43:15.491611,0 days 00:01:28.234532,identity,prod,0.005492874244588303,8,12,bell,COMPLETE
388,0.13178154826164246,2025-07-15 06:43:15.492598,2025-07-15 06:45:00.084044,0 days 00:01:44.591446,identity,prod,0.006990617606192645,8,18,bell,COMPLETE
389,0.006424133200198412,2025-07-15 06:45:00.085033,2025-07-15 06:46:28.250849,0 days 00:01:28.165816,identity,prod,0.005056478897676411,8,12,bell,COMPLETE
390,2.9721455575781874e-05,2025-07-15 06:46:28.251844,2025-07-15 06:48:18.362144,0 days 00:01:50.110300,identity,min,0.004323860791388216,9,21,gaussian,COMPLETE
391,0.0029165418818593025,2025-07-15 06:48:18.363136,2025-07-15 06:49:47.216781,0 days 00:01:28.853645,identity,prod,0.0018616458378375128,8,11,bell,COMPLETE
392,3.80161850443983e-06,2025-07-15 06:49:47.217773,2025-07-15 06:51:31.715565,0 days 00:01:44.497792,identity,prod,0.006457169332322186,8,18,bell,COMPLETE
393,5.706975116481772e-06,2025-07-15 06:51:31.716570,2025-07-15 06:53:29.674293,0 days 00:01:57.957723,identity,prod,0.005714740545003605,8,23,bell,COMPLETE
394,1.4750689842912834e-05,2025-07-15 06:53:29.675291,2025-07-15 06:55:00.911811,0 days 00:01:31.236520,relu,prod,0.00710067250624902,8,13,bell,COMPLETE
395,8.126194188662339e-06,2025-07-15 06:55:00.912779,2025-07-15 06:56:36.677226,0 days 00:01:35.764447,identity,prod,0.006159413905225526,7,15,bell,COMPLETE
396,1.2922114365210291e-05,2025-07-15 06:56:36.678223,2025-07-15 06:58:30.104463,0 days 00:01:53.426240,identity,prod,0.007940675004274828,9,20,bell,COMPLETE
397,3.670638761832379e-06,2025-07-15 06:58:30.105469,2025-07-15 07:00:17.180251,0 days 00:01:47.074782,identity,prod,0.006812064453857371,8,19,bell,COMPLETE
398,2.5821869712672196e-05,2025-07-15 07:00:17.181258,2025-07-15 07:01:44.449144,0 days 00:01:27.267886,identity,min,0.004668851455930192,8,11,bell,COMPLETE
399,5.449054697237443e-06,2025-07-15 07:01:44.450184,2025-07-15 07:03:10.620184,0 days 00:01:26.170000,identity,prod,0.005825602571319661,8,10,bell,COMPLETE
400,3.5541868328436976e-06,2025-07-15 07:03:10.621202,2025-07-15 07:04:41.525715,0 days 00:01:30.904513,identity,prod,0.007526682009353467,9,12,bell,COMPLETE
401,0.03978568688035011,2025-07-15 07:04:41.526768,2025-07-15 07:06:09.868910,0 days 00:01:28.342142,identity,prod,0.005151212540275303,8,14,sigmoid,COMPLETE
402,7.774446203256957e-06,2025-07-15 07:06:09.869935,2025-07-15 07:07:43.626798,0 days 00:01:33.756863,identity,prod,0.006344926868470917,8,14,bell,COMPLETE
403,3.82269490728504e-06,2025-07-15 07:07:43.627814,2025-07-15 07:09:12.722681,0 days 00:01:29.094867,identity,prod,0.008045117517460449,8,11,bell,COMPLETE
404,3.5213963656133274e-06,2025-07-15 07:09:12.723676,2025-07-15 07:10:49.337994,0 days 00:01:36.614318,relu,prod,0.0070937466779182,8,15,bell,COMPLETE
405,0.03676893562078476,2025-07-15 07:10:49.339049,2025-07-15 07:12:26.085105,0 days 00:01:36.746056,relu,prod,0.0072858894317385505,8,15,bell,COMPLETE
406,0.0044722482562065125,2025-07-15 07:12:26.086085,2025-07-15 07:14:05.956626,0 days 00:01:39.870541,relu,prod,0.009149148897722725,9,15,bell,COMPLETE
407,3.5771652164839907e-06,2025-07-15 07:14:05.957645,2025-07-15 07:15:41.120420,0 days 00:01:35.162775,relu,min,0.005492782306189041,8,15,bell,COMPLETE
408,0.00016133366443682462,2025-07-15 07:15:41.121448,2025-07-15 07:17:14.999249,0 days 00:01:33.877801,relu,prod,0.00797857649550196,8,14,bell,COMPLETE
409,1.933732164616231e-05,2025-07-15 07:17:15.000266,2025-07-15 07:19:10.520109,0 days 00:01:55.519843,relu,prod,0.006524341034726354,8,22,bell,COMPLETE
410,1.3169734477996826,2025-07-15 07:19:10.521142,2025-07-15 07:20:47.074615,0 days 00:01:36.553473,relu,prod,0.006059701140940946,8,15,bell,COMPLETE
411,0.014976691454648972,2025-07-15 07:20:47.075687,2025-07-15 07:22:20.315925,0 days 00:01:33.240238,relu,prod,0.008666226526327418,7,14,bell,COMPLETE
412,0.0005020120297558606,2025-07-15 07:22:20.316958,2025-07-15 07:24:00.136892,0 days 00:01:39.819934,relu,prod,0.007273068580314724,9,15,bell,COMPLETE
413,1.084929499484133e-05,2025-07-15 07:24:00.137913,2025-07-15 07:25:35.398929,0 days 00:01:35.261016,relu,prod,0.00681456780476147,8,16,gaussian,COMPLETE
414,5.306468665366992e-06,2025-07-15 07:25:35.400178,2025-07-15 07:27:19.868023,0 days 00:01:44.467845,identity,prod,0.005764578822684504,8,18,bell,COMPLETE
415,3.998917691205861e-06,2025-07-15 07:27:19.869048,2025-07-15 07:28:54.633650,0 days 00:01:34.764602,identity,min,0.009893629881049245,8,15,bell,COMPLETE
416,3.196491888957098e-05,2025-07-15 07:28:54.634678,2025-07-15 07:30:56.389248,0 days 00:02:01.754570,identity,prod,0.008115596867998228,9,23,bell,COMPLETE
417,3.5410803320701234e-06,2025-07-15 07:30:56.390224,2025-07-15 07:32:35.396629,0 days 00:01:39.006405,identity,prod,0.009083730298589197,8,16,bell,COMPLETE
418,4.346309651737101e-06,2025-07-15 07:32:35.397647,2025-07-15 07:34:14.318346,0 days 00:01:38.920699,identity,prod,0.009035253043877717,8,16,bell,COMPLETE
419,3.7489048736460973e-06,2025-07-15 07:34:14.319337,2025-07-15 07:35:56.492053,0 days 00:01:42.172716,identity,prod,0.008663255623070831,9,16,bell,COMPLETE
420,3.6002584238303825e-06,2025-07-15 07:35:56.493100,2025-07-15 07:37:35.375166,0 days 00:01:38.882066,identity,prod,0.008066338691280333,8,16,bell,COMPLETE
421,3.773654952965444e-06,2025-07-15 07:37:35.376182,2025-07-15 07:39:14.644008,0 days 00:01:39.267826,relu,prod,0.009388726086988977,8,16,bell,COMPLETE
422,4.4898320084030274e-06,2025-07-15 07:39:14.645047,2025-07-15 07:41:15.151459,0 days 00:02:00.506412,identity,prod,0.009945325003182666,8,24,bell,COMPLETE
423,0.01773463562130928,2025-07-15 07:41:15.152470,2025-07-15 07:42:51.390805,0 days 00:01:36.238335,identity,prod,0.007371489481706073,8,17,sigmoid,COMPLETE
424,0.08268807083368301,2025-07-15 07:42:51.391804,2025-07-15 07:44:31.883223,0 days 00:01:40.491419,identity,min,0.008399676754320518,9,16,bell,COMPLETE
425,0.3634604215621948,2025-07-15 07:44:31.884268,2025-07-15 07:46:10.857062,0 days 00:01:38.972794,identity,prod,0.00016494765707370798,8,16,bell,COMPLETE
426,1.0797955837915652e-05,2025-07-15 07:46:10.858077,2025-07-15 07:48:03.377518,0 days 00:01:52.519441,identity,prod,0.007576795246904337,8,21,bell,COMPLETE
427,3.6889091461489443e-06,2025-07-15 07:48:03.378518,2025-07-15 07:49:39.809650,0 days 00:01:36.431132,identity,prod,0.00920184263813799,8,15,bell,COMPLETE
428,5.588027852354571e-05,2025-07-15 07:49:39.810677,2025-07-15 07:51:16.230106,0 days 00:01:36.419429,identity,prod,0.008368693460274024,8,15,bell,COMPLETE
429,6.547126304212725e-06,2025-07-15 07:51:16.231137,2025-07-15 07:53:03.466739,0 days 00:01:47.235602,identity,prod,0.0069247789787711435,8,19,bell,COMPLETE
430,1.3172639608383179,2025-07-15 07:53:03.467729,2025-07-15 07:54:37.309679,0 days 00:01:33.841950,relu,prod,0.007703370934623108,8,14,bell,COMPLETE
431,5.337405582395149e-06,2025-07-15 07:54:37.310739,2025-07-15 07:56:19.318174,0 days 00:01:42.007435,identity,prod,0.009113727039919318,8,17,bell,COMPLETE
432,3.8086513995949645e-06,2025-07-15 07:56:19.319233,2025-07-15 07:57:57.101554,0 days 00:01:37.782321,identity,min,0.006338352179856681,9,15,bell,COMPLETE
433,3.805979531534831e-06,2025-07-15 07:57:57.102543,2025-07-15 07:59:52.260301,0 days 00:01:55.157758,identity,prod,0.0037035256773851615,8,22,bell,COMPLETE
434,3.508684358166647e-06,2025-07-15 07:59:52.261330,2025-07-15 08:01:03.992212,0 days 00:01:11.730882,identity,prod,0.006692101351152582,8,5,bell,COMPLETE
435,1.5487938071601093e-05,2025-07-15 08:01:03.993210,2025-07-15 08:02:37.597611,0 days 00:01:33.604401,identity,prod,0.006619970972404816,8,14,bell,COMPLETE
436,0.48676586151123047,2025-07-15 08:02:37.598661,2025-07-15 08:03:53.794376,0 days 00:01:16.195715,identity,prod,0.006016114318611825,9,7,gaussian,COMPLETE
437,3.5202010622015223e-06,2025-07-15 08:03:53.795424,2025-07-15 08:05:05.656166,0 days 00:01:11.860742,identity,prod,0.00709348385882026,8,5,bell,COMPLETE
438,3.53206792169658e-06,2025-07-15 08:05:05.657148,2025-07-15 08:06:19.869508,0 days 00:01:14.212360,identity,prod,0.006917142444201966,9,5,bell,COMPLETE
439,3.4631382277439116e-06,2025-07-15 08:06:19.870507,2025-07-15 08:07:33.953355,0 days 00:01:14.082848,identity,prod,0.006969529210068577,9,5,bell,COMPLETE
440,3.8919220060051885e-06,2025-07-15 08:07:33.954327,2025-07-15 08:08:49.384506,0 days 00:01:15.430179,relu,min,0.007058695301286446,9,6,bell,COMPLETE
441,3.3924809486052254e-06,2025-07-15 08:08:49.385522,2025-07-15 08:10:03.418398,0 days 00:01:14.032876,identity,prod,0.0064002150336859645,9,5,bell,COMPLETE
442,3.7350605452957097e-06,2025-07-15 08:10:03.419413,2025-07-15 08:11:20.583483,0 days 00:01:17.164070,identity,prod,0.007377126799153134,9,6,bell,COMPLETE
443,4.095025360584259e-06,2025-07-15 08:11:20.584509,2025-07-15 08:12:34.699342,0 days 00:01:14.114833,identity,prod,0.006582094548169477,9,5,bell,COMPLETE
444,4.817112767341314e-06,2025-07-15 08:12:34.700579,2025-07-15 08:13:48.781586,0 days 00:01:14.081007,identity,prod,0.007473841189543801,9,5,bell,COMPLETE
445,0.0206716638058424,2025-07-15 08:13:48.782595,2025-07-15 08:14:58.225729,0 days 00:01:09.443134,identity,prod,0.006622653028246057,9,5,sigmoid,COMPLETE
446,7.085805009410251e-06,2025-07-15 08:14:58.226734,2025-07-15 08:16:12.333656,0 days 00:01:14.106922,identity,prod,0.006130564120167588,9,5,bell,COMPLETE
447,3.726071099663386e-06,2025-07-15 08:16:12.334656,2025-07-15 08:17:26.457634,0 days 00:01:14.122978,identity,prod,0.007079354219667114,9,5,bell,COMPLETE
448,5.254488314676564e-06,2025-07-15 08:17:26.458655,2025-07-15 08:18:40.505455,0 days 00:01:14.046800,identity,prod,0.007632981999382492,9,5,bell,COMPLETE
449,5.18002570970566e-06,2025-07-15 08:18:40.506456,2025-07-15 08:19:55.933962,0 days 00:01:15.427506,relu,min,0.006081426856033448,9,6,bell,COMPLETE
450,3.49434253621439e-06,2025-07-15 08:19:55.934738,2025-07-15 08:21:16.012034,0 days 00:01:20.077296,identity,prod,0.006742310311436416,9,7,bell,COMPLETE
451,3.894227120326832e-06,2025-07-15 08:21:16.013057,2025-07-15 08:22:36.042886,0 days 00:01:20.029829,identity,prod,0.006717701110096877,9,7,bell,COMPLETE
452,5.449106538435444e-06,2025-07-15 08:22:36.043874,2025-07-15 08:23:53.180581,0 days 00:01:17.136707,identity,prod,0.007630033233435448,9,6,bell,COMPLETE
453,0.0005389740690588951,2025-07-15 08:23:53.181581,2025-07-15 08:25:16.322971,0 days 00:01:23.141390,identity,prod,0.006891139210210145,9,8,bell,COMPLETE
454,3.6382821235747542e-06,2025-07-15 08:25:16.323952,2025-07-15 08:26:30.425247,0 days 00:01:14.101295,identity,prod,0.007722114249588095,9,5,bell,COMPLETE
455,4.230185822962085e-06,2025-07-15 08:26:30.426276,2025-07-15 08:27:50.458538,0 days 00:01:20.032262,identity,prod,0.008139385798442799,9,7,bell,COMPLETE
456,3.981281679443782e-06,2025-07-15 08:27:50.459554,2025-07-15 08:29:07.519042,0 days 00:01:17.059488,identity,prod,0.006404007448739257,9,6,bell,COMPLETE
457,3.6535848266794346e-06,2025-07-15 08:29:07.520077,2025-07-15 08:30:21.855000,0 days 00:01:14.334923,relu,prod,0.006949968142498266,9,5,bell,COMPLETE
458,3.9046308302204125e-06,2025-07-15 08:30:21.855992,2025-07-15 08:31:36.863326,0 days 00:01:15.007334,identity,min,0.00721816652680586,9,6,bell,COMPLETE
459,0.00014008120342623442,2025-07-15 08:31:36.864295,2025-07-15 08:32:47.060718,0 days 00:01:10.196423,identity,prod,0.00812909178196694,9,5,gaussian,COMPLETE
460,3.7318973227229435e-06,2025-07-15 08:32:47.061761,2025-07-15 08:34:12.983804,0 days 00:01:25.922043,identity,prod,0.005941356792251601,9,9,bell,COMPLETE
461,3.515184971547569e-06,2025-07-15 08:34:12.984803,2025-07-15 08:35:35.939314,0 days 00:01:22.954511,identity,prod,0.006390644275055091,9,8,bell,COMPLETE
462,0.030159292742609978,2025-07-15 08:35:35.940296,2025-07-15 08:36:52.970622,0 days 00:01:17.030326,identity,prod,0.00023857052250803596,9,6,bell,COMPLETE
463,3.968648343288805e-06,2025-07-15 08:36:52.971638,2025-07-15 08:38:15.941680,0 days 00:01:22.970042,identity,prod,0.00640978067884992,9,8,bell,COMPLETE
464,2.3107808374334127e-05,2025-07-15 08:38:15.942667,2025-07-15 08:39:29.978486,0 days 00:01:14.035819,identity,prod,0.005824534897316954,9,5,bell,COMPLETE
465,0.000812397978734225,2025-07-15 08:39:29.979500,2025-07-15 08:40:50.085836,0 days 00:01:20.106336,identity,prod,0.00646095824551979,9,7,bell,COMPLETE
466,0.018178852275013924,2025-07-15 08:40:50.086824,2025-07-15 08:42:13.503841,0 days 00:01:23.417017,relu,prod,0.007283819935950427,9,8,bell,COMPLETE
467,3.6603182707040105e-06,2025-07-15 08:42:13.504827,2025-07-15 08:43:25.456437,0 days 00:01:11.951610,identity,min,0.008125921600113334,9,5,bell,COMPLETE
468,0.0015186890959739685,2025-07-15 08:43:25.457440,2025-07-15 08:44:45.520879,0 days 00:01:20.063439,identity,prod,0.0014480252625826949,9,7,bell,COMPLETE
469,0.0003512185357976705,2025-07-15 08:44:45.521824,2025-07-15 08:46:06.444981,0 days 00:01:20.923157,identity,prod,0.00605451419645802,9,9,sigmoid,COMPLETE
470,4.499954229686409e-06,2025-07-15 08:46:06.445991,2025-07-15 08:47:23.553626,0 days 00:01:17.107635,identity,prod,0.007029382926655256,9,6,bell,COMPLETE
471,3.881359134538798e-06,2025-07-15 08:47:23.554602,2025-07-15 08:48:37.641221,0 days 00:01:14.086619,identity,prod,0.007749121311329333,9,5,bell,COMPLETE
472,4.536118467513006e-06,2025-07-15 08:48:37.642205,2025-07-15 08:49:46.024509,0 days 00:01:08.382304,identity,prod,0.005432178058928283,6,5,bell,COMPLETE
473,3.6789172099815914e-06,2025-07-15 08:49:46.025501,2025-07-15 08:51:03.105271,0 days 00:01:17.079770,identity,prod,0.006516878216355736,9,6,bell,COMPLETE
474,3.460881316641462e-06,2025-07-15 08:51:03.106247,2025-07-15 08:52:17.497843,0 days 00:01:14.391596,relu,prod,0.008421256159148497,9,5,bell,COMPLETE
475,4.2963465602952056e-06,2025-07-15 08:52:17.499025,2025-07-15 08:53:29.808077,0 days 00:01:12.309052,relu,min,0.007075060429583024,9,5,bell,COMPLETE
476,9.279603546019644e-06,2025-07-15 08:53:29.809120,2025-07-15 08:54:44.195578,0 days 00:01:14.386458,relu,prod,0.005718917863376514,9,5,bell,COMPLETE
477,3.5018899779970525e-06,2025-07-15 08:54:44.196627,2025-07-15 08:56:01.608567,0 days 00:01:17.411940,relu,prod,0.008317709129034793,9,6,bell,COMPLETE
478,6.733812369930092e-06,2025-07-15 08:56:01.609605,2025-07-15 08:57:18.696017,0 days 00:01:17.086412,identity,prod,0.008306588682903963,9,6,bell,COMPLETE
479,0.017830010503530502,2025-07-15 08:57:18.697015,2025-07-15 08:58:36.279332,0 days 00:01:17.582317,relu,prod,0.00847678302290737,9,6,bell,COMPLETE
480,0.00013019965263083577,2025-07-15 08:58:36.280312,2025-07-15 08:59:50.900993,0 days 00:01:14.620681,relu,prod,0.009972898264543588,9,5,bell,COMPLETE
481,3.7540057746809907e-06,2025-07-15 08:59:50.902053,2025-07-15 09:01:08.399804,0 days 00:01:17.497751,relu,prod,0.0077952151804687965,9,6,bell,COMPLETE
482,0.21585683524608612,2025-07-15 09:01:08.400818,2025-07-15 09:02:22.973659,0 days 00:01:14.572841,relu,prod,0.008288272270844324,9,5,bell,COMPLETE
483,4.177171649644151e-05,2025-07-15 09:02:22.974746,2025-07-15 09:03:38.070762,0 days 00:01:15.096016,relu,min,0.00639662363572141,9,7,gaussian,COMPLETE
484,0.004178579896688461,2025-07-15 09:03:38.071794,2025-07-15 09:04:55.469979,0 days 00:01:17.398185,relu,prod,0.007551077134927234,9,6,bell,COMPLETE
485,0.1686178296804428,2025-07-15 09:04:55.471018,2025-07-15 09:06:18.939010,0 days 00:01:23.467992,relu,prod,0.008601356298757462,9,8,bell,COMPLETE
486,4.672368959290907e-05,2025-07-15 09:06:18.940028,2025-07-15 09:07:33.350377,0 days 00:01:14.410349,relu,prod,0.0058799644454616265,9,5,bell,COMPLETE
487,3.907371592504205e-06,2025-07-15 09:07:33.351375,2025-07-15 09:08:47.483782,0 days 00:01:14.132407,identity,prod,0.006733977045989378,9,5,bell,COMPLETE
488,8.267576049547642e-05,2025-07-15 09:08:47.484818,2025-07-15 09:10:04.544277,0 days 00:01:17.059459,identity,prod,0.0026703577709672084,9,6,bell,COMPLETE
489,3.761605967156356e-06,2025-07-15 09:10:04.545286,2025-07-15 09:11:18.566508,0 days 00:01:14.021222,identity,prod,0.007721192837842814,9,5,bell,COMPLETE
490,5.619879630103242e-06,2025-07-15 09:11:18.567517,2025-07-15 09:12:38.518383,0 days 00:01:19.950866,identity,prod,0.00890666832493882,9,7,bell,COMPLETE
491,0.0011109563056379557,2025-07-15 09:12:38.519398,2025-07-15 09:13:53.930943,0 days 00:01:15.411545,relu,min,0.0052777232439281205,9,6,bell,COMPLETE
492,0.019774343818426132,2025-07-15 09:13:53.931962,2025-07-15 09:15:09.121179,0 days 00:01:15.189217,identity,prod,0.009986259010933645,9,7,sigmoid,COMPLETE
493,3.3668623018456856e-06,2025-07-15 09:15:09.122166,2025-07-15 09:16:23.221635,0 days 00:01:14.099469,identity,prod,0.006225658599304488,9,5,bell,COMPLETE
494,6.722691523464164e-06,2025-07-15 09:16:23.222624,2025-07-15 09:17:37.271083,0 days 00:01:14.048459,identity,prod,0.005714806836669697,9,5,bell,COMPLETE
495,1.9776813132921234e-05,2025-07-15 09:17:37.272088,2025-07-15 09:19:03.152183,0 days 00:01:25.880095,identity,prod,0.005079027720275496,9,9,bell,COMPLETE
496,4.734367848868715e-06,2025-07-15 09:19:03.153214,2025-07-15 09:20:20.138043,0 days 00:01:16.984829,identity,prod,0.0061300968517413335,9,6,bell,COMPLETE
497,3.876587015838595e-06,2025-07-15 09:20:20.139085,2025-07-15 09:21:34.190456,0 days 00:01:14.051371,identity,prod,0.006320345510960351,9,5,bell,COMPLETE
498,3.625588988143136e-06,2025-07-15 09:21:34.191427,2025-07-15 09:22:51.659204,0 days 00:01:17.467777,relu,prod,0.0055224631773222515,9,6,bell,COMPLETE
499,5.770533334725769e-06,2025-07-15 09:22:51.660004,2025-07-15 09:24:39.631105,0 days 00:01:47.971101,identity,prod,0.006556373347560652,9,18,bell,COMPLETE
