number,value,datetime_start,datetime_complete,duration,params_activation,params_batch_size,params_h,params_lr,params_seq_length,params_shuffle,params_weight_decay,state
0,0.05241188034415245,2025-07-04 11:49:01.021540,2025-07-04 11:49:06.063644,0 days 00:00:05.042104,sigmoid,128,21,0.00019811566445124986,13,True,5.650397473118013e-05,COMPLETE
1,6.728432344971225e-05,2025-07-04 11:49:06.064165,2025-07-04 11:49:15.083938,0 days 00:00:09.019773,identity,32,20,0.0008689129338527843,10,True,1.786629775397877e-05,COMPLETE
2,0.036500174552202225,2025-07-04 11:49:15.084195,2025-07-04 11:49:20.854580,0 days 00:00:05.770385,sigmoid,64,13,0.005980192807893069,18,False,0.00016373653552871273,COMPLETE
3,0.003127833129838109,2025-07-04 11:49:20.854814,2025-07-04 11:49:26.335426,0 days 00:00:05.480612,identity,64,8,0.000424183809333622,19,False,3.873632260678554e-05,COMPLETE
4,0.04974798113107681,2025-07-04 11:49:26.335639,2025-07-04 11:49:35.001216,0 days 00:00:08.665577,sigmoid,32,16,0.00019020476897845052,8,True,0.0005758117162477172,COMPLETE
5,0.03716867044568062,2025-07-04 11:49:35.001421,2025-07-04 11:49:52.884852,0 days 00:00:17.883431,sigmoid,32,120,0.005423916710590088,13,True,0.00020127764155437034,COMPLETE
6,7.356490095844492e-05,2025-07-04 11:49:52.885408,2025-07-04 11:49:56.762180,0 days 00:00:03.876772,identity,128,41,0.009350424564860658,9,True,5.367923625983792e-05,COMPLETE
7,1.1836494195449632e-05,2025-07-04 11:49:56.762434,2025-07-04 11:50:06.855476,0 days 00:00:10.093042,identity,32,55,0.00015438756032421367,10,False,4.9954469499881616e-05,COMPLETE
8,0.033100612461566925,2025-07-04 11:50:06.855699,2025-07-04 11:50:13.202996,0 days 00:00:06.347297,sigmoid,64,32,0.00022236716178562695,19,True,4.7380460704448844e-05,COMPLETE
9,0.03355414420366287,2025-07-04 11:50:13.203213,2025-07-04 11:50:24.058730,0 days 00:00:10.855517,sigmoid,32,47,0.00012898243804660561,20,False,1.255171342459322e-05,COMPLETE
10,0.00461675226688385,2025-07-04 11:50:24.058946,2025-07-04 11:50:44.013474,0 days 00:00:19.954528,relu,16,82,0.0019250117570830906,16,False,0.0009924828483169794,COMPLETE
11,9.584757208358496e-06,2025-07-04 11:50:44.013709,2025-07-04 11:50:54.881780,0 days 00:00:10.868071,identity,32,67,0.0009080337516298892,11,False,1.1588101513033781e-05,COMPLETE
12,8.256800356321037e-06,2025-07-04 11:50:54.882030,2025-07-04 11:51:06.061724,0 days 00:00:11.179694,identity,32,73,0.0014191547291292482,11,False,2.279937583806457e-05,COMPLETE
13,9.930624401022214e-06,2025-07-04 11:51:06.061984,2025-07-04 11:51:24.843342,0 days 00:00:18.781358,identity,16,87,0.0015587284341171581,12,False,2.0804683303278057e-05,COMPLETE
14,9.284548468713183e-06,2025-07-04 11:51:24.843600,2025-07-04 11:51:36.128071,0 days 00:00:11.284471,relu,32,69,0.000703674110073451,15,False,1.8875006014496472e-05,COMPLETE
15,8.477028131892439e-06,2025-07-04 11:51:36.128356,2025-07-04 11:51:50.341762,0 days 00:00:14.213406,relu,32,95,0.0005307971178720917,15,False,2.2601459960293336e-05,COMPLETE
16,5.2473907999228686e-05,2025-07-04 11:51:50.342068,2025-07-04 11:52:05.614388,0 days 00:00:15.272320,relu,32,110,0.002343096238505746,16,False,0.00010486778864040943,COMPLETE
17,1.5722047464805655e-05,2025-07-04 11:52:05.614685,2025-07-04 11:52:25.794866,0 days 00:00:20.180181,relu,16,95,0.0004371327855639833,14,False,2.5571768929866363e-05,COMPLETE
18,0.004163887817412615,2025-07-04 11:52:25.795127,2025-07-04 11:52:34.345853,0 days 00:00:08.550726,relu,128,99,0.0004170767250904521,17,False,0.00010188277516574554,COMPLETE
19,2.3574504666612484e-05,2025-07-04 11:52:34.346158,2025-07-04 11:52:47.820523,0 days 00:00:13.474365,relu,32,125,0.003162705761661751,12,False,2.9369778869249826e-05,COMPLETE
20,7.862091479182709e-06,2025-07-04 11:52:47.820811,2025-07-04 11:52:59.046665,0 days 00:00:11.225854,identity,32,74,0.0013375159588086875,14,False,1.0966626702425492e-05,COMPLETE
21,2.6712508770287968e-05,2025-07-04 11:52:59.046916,2025-07-04 11:53:10.485802,0 days 00:00:11.438886,identity,32,74,0.0014229870998755164,15,False,1.1123069589076523e-05,COMPLETE
22,9.454205610381905e-06,2025-07-04 11:53:10.486066,2025-07-04 11:53:20.778939,0 days 00:00:10.292873,identity,32,58,0.0006445951220762032,14,False,1.5227231622383935e-05,COMPLETE
23,1.3057612704869825e-05,2025-07-04 11:53:20.779201,2025-07-04 11:53:33.123694,0 days 00:00:12.344493,identity,32,104,0.0013234673688330095,12,False,3.096240919515235e-05,COMPLETE
24,1.2936140592501033e-05,2025-07-04 11:53:33.123958,2025-07-04 11:53:44.722638,0 days 00:00:11.598680,identity,32,81,0.0040533812155024804,14,False,1.061248150891248e-05,COMPLETE
25,4.333264587330632e-05,2025-07-04 11:53:44.722905,2025-07-04 11:53:57.139645,0 days 00:00:12.416740,relu,32,88,0.002540868996981949,16,False,8.020429596143822e-05,COMPLETE
26,0.0004890170530416071,2025-07-04 11:53:57.139909,2025-07-04 11:54:03.723143,0 days 00:00:06.583234,identity,128,112,0.0002718342098400153,11,False,2.396285013866535e-05,COMPLETE
27,1.4640196241089143e-05,2025-07-04 11:54:03.723451,2025-07-04 11:54:10.694550,0 days 00:00:06.971099,relu,64,62,0.0005894280243205986,13,False,1.6208991639783872e-05,COMPLETE
28,6.373067299136892e-05,2025-07-04 11:54:10.694832,2025-07-04 11:54:30.348975,0 days 00:00:19.654143,identity,16,76,0.0011860931782350624,17,False,3.601679975261004e-05,COMPLETE
29,0.00014087776071392,2025-07-04 11:54:30.349239,2025-07-04 11:54:36.887452,0 days 00:00:06.538213,relu,128,95,0.00034699577760088446,13,True,7.269100213939637e-05,COMPLETE
30,6.05336063017603e-05,2025-07-04 11:54:36.887749,2025-07-04 11:54:46.583026,0 days 00:00:09.695277,identity,32,52,0.0019162474278747177,8,False,0.0002153635927657345,COMPLETE
31,5.4888982958800625e-06,2025-07-04 11:54:46.583285,2025-07-04 11:54:57.933825,0 days 00:00:11.350540,relu,32,69,0.0006610612345791158,15,False,1.9387752644838552e-05,COMPLETE
32,5.288001830194844e-06,2025-07-04 11:54:57.934076,2025-07-04 11:55:09.126179,0 days 00:00:11.192103,relu,32,66,0.0009890139131391695,15,False,1.6319087457822177e-05,COMPLETE
33,9.010119356389623e-06,2025-07-04 11:55:09.126448,2025-07-04 11:55:20.647602,0 days 00:00:11.521154,relu,32,65,0.0009434384442247878,17,False,1.3673930066751602e-05,COMPLETE
34,7.640129297215026e-06,2025-07-04 11:55:20.647872,2025-07-04 11:55:32.074879,0 days 00:00:11.427007,relu,32,72,0.0008162430596788355,15,False,1.7259333624023077e-05,COMPLETE
35,3.730160096893087e-05,2025-07-04 11:55:32.075138,2025-07-04 11:55:38.657272,0 days 00:00:06.582134,relu,64,40,0.00078519334595951,15,True,1.6814324950809515e-05,COMPLETE
36,5.326916834746953e-06,2025-07-04 11:55:38.657531,2025-07-04 11:55:51.289758,0 days 00:00:12.632227,relu,32,81,0.001000705454436358,18,False,1.0115910815427051e-05,COMPLETE
37,5.48872776562348e-05,2025-07-04 11:55:51.290038,2025-07-04 11:56:04.357292,0 days 00:00:13.067254,relu,32,87,0.0010853388613523266,18,True,4.175899964453664e-05,COMPLETE
38,0.001269146683625877,2025-07-04 11:56:04.357566,2025-07-04 11:56:15.506878,0 days 00:00:11.149312,relu,32,60,0.0003092976777407501,18,False,0.0003172616779601424,COMPLETE
39,4.164511483395472e-05,2025-07-04 11:56:15.507160,2025-07-04 11:56:22.131940,0 days 00:00:06.624780,relu,64,26,0.0008248790333579281,20,False,1.5417328973945204e-05,COMPLETE
40,9.124010102823377e-05,2025-07-04 11:56:22.132209,2025-07-04 11:56:35.106186,0 days 00:00:12.973977,relu,32,82,0.0005073978774817611,19,True,3.0136481466196285e-05,COMPLETE
41,0.03274033963680267,2025-07-04 11:56:35.106454,2025-07-04 11:56:46.766101,0 days 00:00:11.659647,sigmoid,32,72,0.000980592957074735,16,False,1.0454632815512523e-05,COMPLETE
42,2.441605829517357e-05,2025-07-04 11:56:46.766364,2025-07-04 11:56:56.788897,0 days 00:00:10.022533,relu,32,52,0.0016953495483222544,13,False,1.3666302556120632e-05,COMPLETE
43,5.308749678079039e-06,2025-07-04 11:56:56.789147,2025-07-04 11:57:08.427122,0 days 00:00:11.637975,relu,32,78,0.0007082770010399898,14,False,1.7401218827571577e-05,COMPLETE
44,2.5023538910318166e-05,2025-07-04 11:57:08.427388,2025-07-04 11:57:20.310766,0 days 00:00:11.883378,relu,32,79,0.0007147400174867041,15,False,1.816482565397374e-05,COMPLETE
45,9.941481039277278e-06,2025-07-04 11:57:20.311047,2025-07-04 11:57:31.207450,0 days 00:00:10.896403,relu,32,64,0.0004197445570910277,17,False,1.99753746514629e-05,COMPLETE
46,0.038723040372133255,2025-07-04 11:57:31.207706,2025-07-04 11:57:35.898423,0 days 00:00:04.690717,sigmoid,128,42,0.0006086601421767216,18,False,6.215210461215813e-05,COMPLETE
47,0.00019461415649857372,2025-07-04 11:57:35.898704,2025-07-04 11:57:55.193788,0 days 00:00:19.295084,relu,16,68,0.0011508144894727154,16,False,3.7289877158434125e-05,COMPLETE
48,7.805202585586812e-06,2025-07-04 11:57:55.194055,2025-07-04 11:58:07.037280,0 days 00:00:11.843225,relu,32,88,0.0008242280593966075,13,True,1.3345259846236713e-05,COMPLETE
49,2.3430693545378745e-05,2025-07-04 11:58:07.037537,2025-07-04 11:58:17.301981,0 days 00:00:10.264444,relu,32,49,0.00046534835143101155,15,False,2.5339725322565297e-05,COMPLETE
50,2.27395194087876e-05,2025-07-04 11:58:17.302252,2025-07-04 11:58:24.317024,0 days 00:00:07.014772,relu,64,57,0.00034987194653896046,14,False,1.8982802589215016e-05,COMPLETE
51,5.783902906841831e-06,2025-07-04 11:58:24.317293,2025-07-04 11:58:36.276339,0 days 00:00:11.959046,relu,32,90,0.0008517505006657011,13,True,1.2626334646565527e-05,COMPLETE
52,1.5981404430931434e-05,2025-07-04 11:58:36.276609,2025-07-04 11:58:48.235896,0 days 00:00:11.959287,relu,32,85,0.001018796595112122,14,True,1.4003759817095153e-05,COMPLETE
53,1.4151437426335178e-05,2025-07-04 11:58:48.236169,2025-07-04 11:58:59.552717,0 days 00:00:11.316548,relu,32,78,0.0006851454598753692,12,True,1.0188715623267602e-05,COMPLETE
54,1.4521171578962822e-05,2025-07-04 11:58:59.552988,2025-07-04 11:59:10.973235,0 days 00:00:11.420247,relu,32,70,0.0005635971335626777,15,True,1.280040536297311e-05,COMPLETE
55,0.03158016502857208,2025-07-04 11:59:10.973505,2025-07-04 11:59:23.896540,0 days 00:00:12.923035,sigmoid,32,93,0.0008764165653359078,16,True,2.11019125390517e-05,COMPLETE
56,2.533824044803623e-05,2025-07-04 11:59:23.896842,2025-07-04 11:59:36.369997,0 days 00:00:12.473155,relu,32,101,0.0016401308176399326,10,False,1.683937781362302e-05,COMPLETE
57,0.0002633946423884481,2025-07-04 11:59:36.370271,2025-07-04 11:59:55.398478,0 days 00:00:19.028207,relu,16,83,0.008040443833041026,12,True,0.00013252346235102618,COMPLETE
58,0.002635176992043853,2025-07-04 11:59:55.398750,2025-07-04 12:00:06.859011,0 days 00:00:11.460261,relu,32,78,0.0022152458087266584,13,False,0.0007650762121470116,COMPLETE
59,6.408763056242606e-06,2025-07-04 12:00:06.859281,2025-07-04 12:00:18.995276,0 days 00:00:12.135995,relu,32,92,0.0011689806523481354,14,False,2.5117516718945365e-05,COMPLETE
60,2.7314823455526493e-05,2025-07-04 12:00:18.995565,2025-07-04 12:00:27.404945,0 days 00:00:08.409380,relu,128,109,0.0012537346119306785,14,False,2.67163775486074e-05,COMPLETE
61,0.00010312478843843564,2025-07-04 12:00:27.405266,2025-07-04 12:00:38.783081,0 days 00:00:11.377815,relu,32,71,0.0007386494533197802,15,False,1.1738864938732826e-05,COMPLETE
62,0.00010951432341244072,2025-07-04 12:00:38.783370,2025-07-04 12:00:50.874867,0 days 00:00:12.091497,relu,32,90,0.0010528836581456854,14,False,2.193275331321017e-05,COMPLETE
63,3.406672112760134e-05,2025-07-04 12:00:50.875159,2025-07-04 12:01:04.225222,0 days 00:00:13.350063,relu,32,92,0.0014478181577049958,19,False,3.254809036998403e-05,COMPLETE
64,7.828626621630974e-06,2025-07-04 12:01:04.225520,2025-07-04 12:01:16.879463,0 days 00:00:12.653943,relu,32,99,0.00010302426181100225,13,False,1.632747983741219e-05,COMPLETE
65,1.1473334780021105e-05,2025-07-04 12:01:16.879747,2025-07-04 12:01:28.734050,0 days 00:00:11.854303,relu,32,75,0.000627039164465145,16,False,1.2134029692812822e-05,COMPLETE
66,0.03477878496050835,2025-07-04 12:01:28.734341,2025-07-04 12:01:39.265514,0 days 00:00:10.531173,sigmoid,32,64,0.0009182562425470757,15,False,4.6060835636210635e-05,COMPLETE
67,7.4499785114312544e-06,2025-07-04 12:01:39.265788,2025-07-04 12:01:50.612706,0 days 00:00:11.346918,relu,32,84,0.000502573027345481,12,False,2.767451086878266e-05,COMPLETE
68,7.814422133378685e-06,2025-07-04 12:01:50.612977,2025-07-04 12:02:03.537853,0 days 00:00:12.924876,relu,32,103,0.00020048977922386578,11,False,2.4585127839966263e-05,COMPLETE
69,1.8314874978386797e-05,2025-07-04 12:02:03.538133,2025-07-04 12:02:22.587892,0 days 00:00:19.049759,relu,16,84,0.00050785099063794,12,False,1.9367349295438825e-05,COMPLETE
70,9.545102329866495e-06,2025-07-04 12:02:22.588181,2025-07-04 12:02:35.322640,0 days 00:00:12.734459,relu,32,97,0.00037049649832641816,13,True,2.6761101351253362e-05,COMPLETE
71,6.107801254984224e-06,2025-07-04 12:02:35.322932,2025-07-04 12:02:46.614583,0 days 00:00:11.291651,relu,32,80,0.0007899920614818027,14,False,1.4616194888538872e-05,COMPLETE
72,7.336296221183147e-06,2025-07-04 12:02:46.614877,2025-07-04 12:02:58.735749,0 days 00:00:12.120872,relu,32,91,0.0006913134438191092,14,False,1.4381782502442695e-05,COMPLETE
73,4.612085376720643e-06,2025-07-04 12:02:58.736049,2025-07-04 12:03:10.878570,0 days 00:00:12.142521,relu,32,91,0.0011497649926811167,14,False,1.4753733940449923e-05,COMPLETE
74,9.476453669776674e-06,2025-07-04 12:03:10.878849,2025-07-04 12:03:22.224718,0 days 00:00:11.345869,relu,32,80,0.0018316643766471278,14,False,1.195909855145671e-05,COMPLETE
75,4.612978500517784e-06,2025-07-04 12:03:22.225005,2025-07-04 12:03:29.952988,0 days 00:00:07.727983,relu,64,77,0.00119352660918904,13,False,1.4947410810993153e-05,COMPLETE
76,9.28262306842953e-06,2025-07-04 12:03:29.953298,2025-07-04 12:03:37.684505,0 days 00:00:07.731207,relu,64,77,0.0015352699557328938,13,False,1.4854560844530755e-05,COMPLETE
77,1.958030952664558e-05,2025-07-04 12:03:37.684820,2025-07-04 12:03:44.658204,0 days 00:00:06.973384,relu,64,61,0.001335825097739148,13,False,1.0430038924950514e-05,COMPLETE
78,0.0010841573821380734,2025-07-04 12:03:44.658507,2025-07-04 12:03:52.106898,0 days 00:00:07.448391,relu,64,68,0.000949977390322692,13,False,0.000374635688230675,COMPLETE
79,0.030036531388759613,2025-07-04 12:03:52.107191,2025-07-04 12:04:00.103951,0 days 00:00:07.996760,sigmoid,64,74,0.0010901254857463138,15,False,1.2570764296632735e-05,COMPLETE
80,4.606050788424909e-05,2025-07-04 12:04:00.104256,2025-07-04 12:04:07.143515,0 days 00:00:07.039259,relu,128,86,0.000844306060334743,17,False,1.5477442925475706e-05,COMPLETE
81,5.843478902534116e-06,2025-07-04 12:04:07.143843,2025-07-04 12:04:18.450845,0 days 00:00:11.307002,relu,32,80,0.001261746062591186,14,False,1.8021282307030826e-05,COMPLETE
82,7.032569101284025e-06,2025-07-04 12:04:18.451135,2025-07-04 12:04:29.747649,0 days 00:00:11.296514,relu,32,80,0.0012253729332210074,14,False,1.8358326603166346e-05,COMPLETE
83,4.5714123189100064e-06,2025-07-04 12:04:51.145535,2025-07-04 12:04:58.800247,0 days 00:00:07.654712,relu,64,66,0.0007281323623523726,15,False,2.168091013309252e-05,COMPLETE
84,8.146912477968726e-06,2025-07-04 12:04:58.800549,2025-07-04 12:05:06.486698,0 days 00:00:07.686149,relu,64,66,0.002085418567312506,15,False,2.2772142056047526e-05,COMPLETE
85,1.9789931684499606e-05,2025-07-04 12:05:06.486990,2025-07-04 12:05:13.759166,0 days 00:00:07.272176,relu,64,58,0.0006490597540810066,16,False,1.7663670062383177e-05,COMPLETE
86,1.7758799003786407e-05,2025-07-04 12:05:13.759470,2025-07-04 12:05:22.305626,0 days 00:00:08.546156,relu,64,69,0.0025740024664902203,20,True,2.0834893746964705e-05,COMPLETE
87,1.1605790859903209e-05,2025-07-04 12:05:22.305926,2025-07-04 12:05:30.267323,0 days 00:00:07.961397,relu,64,76,0.0009824588627200658,15,False,1.1464620721686654e-05,COMPLETE
88,1.5980631360434927e-05,2025-07-04 12:05:30.267614,2025-07-04 12:05:37.220129,0 days 00:00:06.952515,relu,64,55,0.0007392992970560634,14,False,1.005373191617241e-05,COMPLETE
89,1.434152181900572e-05,2025-07-04 12:05:37.220420,2025-07-04 12:05:45.866541,0 days 00:00:08.646121,relu,64,88,0.001472729270077209,16,False,3.289821414136125e-05,COMPLETE
90,1.1441929927968886e-05,2025-07-04 12:05:45.866845,2025-07-04 12:06:04.286757,0 days 00:00:18.419912,identity,16,71,0.0005880639327278878,13,True,1.3108237908110957e-05,COMPLETE
91,7.2250759330927394e-06,2025-07-04 12:06:04.287028,2025-07-04 12:06:15.590123,0 days 00:00:11.303095,relu,32,80,0.000777221648063111,14,False,1.506981816892883e-05,COMPLETE
92,7.634892244823277e-05,2025-07-04 12:06:15.590405,2025-07-04 12:06:24.098236,0 days 00:00:08.507831,relu,32,10,0.0008766166295650109,14,False,1.6344539790313587e-05,COMPLETE
93,7.731580808467697e-06,2025-07-04 12:06:24.098490,2025-07-04 12:06:35.574720,0 days 00:00:11.476230,relu,32,73,0.0011067680345678219,15,False,1.957983721149728e-05,COMPLETE
94,7.829868991393596e-06,2025-07-04 12:06:35.575012,2025-07-04 12:06:47.515540,0 days 00:00:11.940528,relu,32,82,0.0013359396283264583,15,False,1.397923264603057e-05,COMPLETE
95,9.621712706575636e-06,2025-07-04 12:06:47.515837,2025-07-04 12:06:57.926683,0 days 00:00:10.410846,relu,32,63,0.0017416427176943255,13,False,1.7733093908737345e-05,COMPLETE
96,5.1708419050555676e-05,2025-07-04 12:06:57.926971,2025-07-04 12:07:08.977093,0 days 00:00:11.050122,relu,32,67,0.0009924586120675575,14,False,2.1780885784182726e-05,COMPLETE
97,5.900584801565856e-05,2025-07-04 12:07:08.977383,2025-07-04 12:07:14.927231,0 days 00:00:05.949848,relu,128,88,0.0005648509653180164,12,False,1.1425762739998967e-05,COMPLETE
98,0.03281765431165695,2025-07-04 12:07:14.927559,2025-07-04 12:07:26.364875,0 days 00:00:11.437316,sigmoid,32,76,0.0007572300988466695,14,False,1.3052975851526073e-05,COMPLETE
99,5.652630989061436e-06,2025-07-04 12:07:26.365167,2025-07-04 12:07:38.587011,0 days 00:00:12.221844,relu,32,95,0.0004659879127765136,13,True,1.5605871886193838e-05,COMPLETE
100,1.7891525203594938e-05,2025-07-04 12:07:38.587299,2025-07-04 12:07:51.590524,0 days 00:00:13.003225,relu,32,106,0.000536195663711015,13,True,1.6572982938293127e-05,COMPLETE
101,1.4618375644204207e-05,2025-07-04 12:07:51.590836,2025-07-04 12:08:04.443589,0 days 00:00:12.852753,relu,32,98,0.00044864895703872816,14,True,1.4650296946056701e-05,COMPLETE
102,2.1688854758394882e-05,2025-07-04 12:08:04.443890,2025-07-04 12:08:16.314617,0 days 00:00:11.870727,relu,32,89,0.0006561127783146944,13,True,2.006100658615345e-05,COMPLETE
103,7.350693977059564e-06,2025-07-04 12:08:16.314912,2025-07-04 12:08:28.174840,0 days 00:00:11.859928,relu,32,95,0.0003932593960813355,12,True,1.101038520562e-05,COMPLETE
104,1.824954233597964e-05,2025-07-04 12:11:36.264936,2025-07-04 12:11:48.287610,0 days 00:00:12.022674,relu,32,84,0.0008798635291442376,15,True,1.2479688729390017e-05,COMPLETE
105,1.2628744116227608e-05,2025-07-04 12:11:48.287896,2025-07-04 12:11:59.934714,0 days 00:00:11.646818,relu,32,86,0.0011666257539757912,13,False,1.4156851051007207e-05,COMPLETE
106,2.8852364266640507e-05,2025-07-04 12:11:59.935026,2025-07-04 12:12:11.306014,0 days 00:00:11.370988,relu,32,73,0.0008296131568888389,14,True,2.3415608973585692e-05,COMPLETE
107,5.701142981706653e-06,2025-07-04 12:12:11.306302,2025-07-04 12:12:23.252536,0 days 00:00:11.946234,identity,32,93,0.00031320336082129636,13,False,1.810055869738119e-05,COMPLETE
108,2.0076355212950148e-05,2025-07-04 12:12:23.252866,2025-07-04 12:12:31.657286,0 days 00:00:08.404420,identity,64,95,0.00020723652925105207,13,False,1.8080693557665176e-05,COMPLETE
109,6.948429017938906e-06,2025-07-04 12:12:31.657607,2025-07-04 12:12:43.093672,0 days 00:00:11.436065,identity,32,92,0.00027204962599651624,12,False,1.5856712544745804e-05,COMPLETE
110,1.0225941878161393e-05,2025-07-04 12:12:43.093976,2025-07-04 12:13:04.738319,0 days 00:00:21.644343,identity,16,101,0.0003112419065774329,16,False,1.9716998703793248e-05,COMPLETE
111,1.0309643585060257e-05,2025-07-04 12:13:04.738617,2025-07-04 12:13:16.059842,0 days 00:00:11.321225,identity,32,79,0.0010181198717959454,13,False,1.5445734199323312e-05,COMPLETE
112,5.464370588015299e-06,2025-07-04 12:13:16.060138,2025-07-04 12:13:27.731357,0 days 00:00:11.671219,identity,32,83,0.0004719699919394982,14,False,1.3416464262318044e-05,COMPLETE
113,7.51351535654976e-06,2025-07-04 12:13:27.731657,2025-07-04 12:13:40.289456,0 days 00:00:12.557799,identity,32,94,0.0002958703548735896,15,False,1.3045547586238651e-05,COMPLETE
114,6.255568678170675e-06,2025-07-04 12:13:40.289760,2025-07-04 12:13:52.296252,0 days 00:00:12.006492,identity,32,90,0.00022865336957026284,14,False,1.743186050109977e-05,COMPLETE
115,5.085352768219309e-06,2025-07-04 12:13:52.296549,2025-07-04 12:14:03.795418,0 days 00:00:11.498869,identity,32,85,0.00044239010357583034,13,False,1.138278758883766e-05,COMPLETE
116,4.896762220596429e-06,2025-07-04 12:14:03.795734,2025-07-04 12:14:16.855760,0 days 00:00:13.060026,identity,32,119,0.0004857770188965236,12,False,1.1282647968311829e-05,COMPLETE
117,6.218085218279157e-06,2025-07-04 12:14:16.856063,2025-07-04 12:14:29.938014,0 days 00:00:13.081951,identity,32,113,0.0004641858434695804,11,False,1.1103272237095626e-05,COMPLETE
118,4.5212932491267566e-06,2025-07-04 12:14:29.938309,2025-07-04 12:14:43.605551,0 days 00:00:13.667242,identity,32,127,0.0003613387554282726,11,False,1.1884867769971442e-05,COMPLETE
119,2.669146124389954e-05,2025-07-04 12:14:43.605857,2025-07-04 12:14:51.692909,0 days 00:00:08.087052,identity,128,126,0.0004008580982584822,11,False,1.0000433568510124e-05,COMPLETE
120,1.6542342564207502e-05,2025-07-04 12:15:07.593654,2025-07-04 12:15:16.195636,0 days 00:00:08.601982,identity,64,119,0.00034944427588607974,10,False,1.1707339460185093e-05,COMPLETE
121,5.624572168017039e-06,2025-07-04 12:15:16.195953,2025-07-04 12:15:29.721448,0 days 00:00:13.525495,identity,32,123,0.00047651354780800477,11,False,1.3901648037051793e-05,COMPLETE
122,8.98220605449751e-06,2025-07-04 12:15:29.721746,2025-07-04 12:15:42.991417,0 days 00:00:13.269671,identity,32,118,0.0004946549459593012,11,False,1.2336716471823886e-05,COMPLETE
123,5.6500921346014366e-06,2025-07-04 12:15:42.991723,2025-07-04 12:15:56.133316,0 days 00:00:13.141593,identity,32,122,0.00038066703870761817,10,False,1.3938519910488665e-05,COMPLETE
124,4.191537300357595e-06,2025-07-04 12:16:06.761091,2025-07-04 12:16:19.242632,0 days 00:00:12.481541,identity,32,116,0.00038487484100903493,9,False,1.3608847359273412e-05,COMPLETE
125,6.760708401998272e-06,2025-07-04 12:16:19.242920,2025-07-04 12:16:32.059696,0 days 00:00:12.816776,identity,32,123,0.0004223593228155301,9,False,1.1385097765428093e-05,COMPLETE
126,1.0917392501141876e-05,2025-07-04 12:16:32.060000,2025-07-04 12:16:45.037777,0 days 00:00:12.977777,identity,32,127,0.0005204944346747457,9,False,8.508007548492035e-05,COMPLETE
127,9.954301276593469e-06,2025-07-04 12:16:45.038068,2025-07-04 12:16:58.244745,0 days 00:00:13.206677,identity,32,116,0.0005828714438850213,11,False,1.0643377146164789e-05,COMPLETE
128,5.537427114177262e-06,2025-07-04 12:16:58.245041,2025-07-04 12:17:10.406639,0 days 00:00:12.161598,identity,32,128,0.0003405285145128013,8,False,1.3512061371412855e-05,COMPLETE
129,1.3118129572831094e-05,2025-07-04 12:17:10.406941,2025-07-04 12:17:18.416380,0 days 00:00:08.009439,identity,64,116,0.00033287252879637226,8,False,1.2393957506201358e-05,COMPLETE
130,4.212178737361683e-06,2025-07-04 12:17:18.416681,2025-07-04 12:17:30.585507,0 days 00:00:12.168826,identity,32,128,0.00036626345734638724,8,False,1.096505942016538e-05,COMPLETE
131,5.156069619260961e-06,2025-07-04 12:17:30.585800,2025-07-04 12:17:42.754113,0 days 00:00:12.168313,identity,32,128,0.0002638549406942371,8,False,1.0178470800464017e-05,COMPLETE
132,4.2206743273709435e-06,2025-07-04 12:17:42.754401,2025-07-04 12:17:55.032208,0 days 00:00:12.277807,identity,32,119,0.00025727472735118865,8,False,1.002340954094322e-05,COMPLETE
133,1.0490040040167514e-05,2025-07-04 12:17:55.032504,2025-07-04 12:18:07.629655,0 days 00:00:12.597151,identity,32,125,0.00016640783457621533,8,False,1.0213039201545901e-05,COMPLETE
134,4.083888143213699e-06,2025-07-04 12:18:07.629967,2025-07-04 12:18:20.378432,0 days 00:00:12.748465,identity,32,122,0.0002304955801338369,9,False,1.1080842887792377e-05,COMPLETE
135,4.828556029679021e-06,2025-07-04 12:18:20.378737,2025-07-04 12:18:33.121018,0 days 00:00:12.742281,identity,32,122,0.00024414770000216876,9,False,1.1733104492674517e-05,COMPLETE
136,4.4729895307682455e-06,2025-07-04 12:18:33.121311,2025-07-04 12:18:45.852783,0 days 00:00:12.731472,identity,32,122,0.00025623080172162,9,False,1.1304491010110526e-05,COMPLETE
137,4.760089723276906e-06,2025-07-04 12:18:45.853078,2025-07-04 12:18:58.571819,0 days 00:00:12.718741,identity,32,122,0.0002460202696463791,9,False,1.1110194733354601e-05,COMPLETE
138,4.228404122841312e-06,2025-07-04 12:18:58.572112,2025-07-04 12:19:11.298097,0 days 00:00:12.725985,identity,32,121,0.00024904613487481287,9,False,1.103946956818106e-05,COMPLETE
139,7.009582986938767e-06,2025-07-04 12:19:11.298390,2025-07-04 12:19:23.951331,0 days 00:00:12.652941,identity,32,120,0.00017719941887586678,9,False,1.1432342414178564e-05,COMPLETE
140,4.60251158074243e-06,2025-07-04 12:19:23.951642,2025-07-04 12:19:44.078563,0 days 00:00:20.126921,identity,16,115,0.00023855493378310407,9,False,1.1130330291183267e-05,COMPLETE
141,4.548744527710369e-06,2025-07-04 12:19:44.078854,2025-07-04 12:20:04.160299,0 days 00:00:20.081445,identity,16,113,0.0002390043765359396,9,False,1.1295167243424824e-05,COMPLETE
142,6.212596417753957e-06,2025-07-04 12:20:04.160598,2025-07-04 12:20:24.216940,0 days 00:00:20.056342,identity,16,113,0.0002582302678486565,9,False,1.2260753157071944e-05,COMPLETE
143,5.079145012132358e-06,2025-07-04 12:20:24.217245,2025-07-04 12:20:44.291228,0 days 00:00:20.073983,identity,16,116,0.00023449868216561407,9,False,1.0740428459335908e-05,COMPLETE
144,5.666098786605289e-06,2025-07-04 12:20:44.291524,2025-07-04 12:21:04.659880,0 days 00:00:20.368356,identity,16,121,0.00021582525714698773,9,False,1.0009821953407545e-05,COMPLETE
145,5.408184733823873e-06,2025-07-04 12:21:04.660176,2025-07-04 12:21:25.187721,0 days 00:00:20.527545,identity,16,109,0.00024621283380709443,10,False,1.210396273974503e-05,COMPLETE
146,4.884342615696369e-06,2025-07-04 12:21:25.188030,2025-07-04 12:21:45.225722,0 days 00:00:20.037692,identity,16,124,0.00019288130354526664,8,False,1.1023152384693247e-05,COMPLETE
147,0.0002753488370217383,2025-07-04 12:21:45.226025,2025-07-04 12:22:05.270182,0 days 00:00:20.044157,identity,16,124,0.00014265062412405143,8,False,0.00020542794831313288,COMPLETE
148,5.55638598598307e-06,2025-07-04 12:22:05.270478,2025-07-04 12:22:25.925416,0 days 00:00:20.654938,identity,16,117,0.00018625491965624591,10,False,1.2778261608375168e-05,COMPLETE
149,5.15841838932829e-06,2025-07-04 12:22:25.925728,2025-07-04 12:22:45.907824,0 days 00:00:19.982096,identity,16,114,0.00028722982739971006,9,False,1.0889322412839777e-05,COMPLETE
150,7.43763348509674e-06,2025-07-04 12:22:45.908126,2025-07-04 12:23:05.623327,0 days 00:00:19.715201,identity,16,111,0.0002009256147465443,8,False,1.4637254813294152e-05,COMPLETE
151,4.9774394028645474e-06,2025-07-04 12:23:05.623631,2025-07-04 12:23:25.947256,0 days 00:00:20.323625,identity,16,121,0.0002383013086478731,9,False,1.1583621387454106e-05,COMPLETE
152,5.250210506346775e-06,2025-07-04 12:23:35.501312,2025-07-04 12:23:55.804281,0 days 00:00:20.302969,identity,16,119,0.00021739476935762615,9,False,1.1002849321201124e-05,COMPLETE
153,1.0947888767987024e-05,2025-07-04 12:23:55.804582,2025-07-04 12:24:16.001739,0 days 00:00:20.197157,identity,16,125,0.00027908957814546997,8,False,1.2756954643483152e-05,COMPLETE
154,5.212565611145692e-06,2025-07-04 12:24:16.002034,2025-07-04 12:24:35.668813,0 days 00:00:19.666779,identity,16,107,0.0002532369145584599,9,False,1.19695302792892e-05,COMPLETE
155,2.9186761821620166e-05,2025-07-04 12:24:35.669103,2025-07-04 12:24:43.873963,0 days 00:00:08.204860,identity,64,122,0.00017087733853728859,8,False,1.3235120218322379e-05,COMPLETE
156,5.106236130814068e-06,2025-07-04 12:24:43.874275,2025-07-04 12:25:04.961449,0 days 00:00:21.087174,identity,16,125,0.00015667558369483238,10,False,1.0021556632711669e-05,COMPLETE
157,0.0002211608662037179,2025-07-04 12:25:04.961760,2025-07-04 12:25:13.290467,0 days 00:00:08.328707,identity,64,119,0.0003083780830491845,9,False,0.00016553296040423186,COMPLETE
158,0.005351089872419834,2025-07-04 12:25:13.290786,2025-07-04 12:25:19.337370,0 days 00:00:06.046584,identity,128,115,0.00018763618119921235,8,False,1.1105166131797546e-05,COMPLETE
159,5.065525783720659e-06,2025-07-04 12:25:19.337704,2025-07-04 12:25:31.987477,0 days 00:00:12.649773,identity,32,128,0.0002229873319867543,9,False,1.4873461085599904e-05,COMPLETE
160,8.403574611293152e-06,2025-07-04 12:25:31.987785,2025-07-04 12:25:52.878516,0 days 00:00:20.890731,identity,16,122,0.0002786287581271846,10,False,1.1960541885232243e-05,COMPLETE
161,4.466547579795588e-06,2025-07-04 12:25:52.878832,2025-07-04 12:26:13.102104,0 days 00:00:20.223272,identity,16,120,0.00023984298902614298,9,False,1.1359987625427492e-05,COMPLETE
162,5.770447387476452e-06,2025-07-04 12:26:13.102406,2025-07-04 12:26:33.141013,0 days 00:00:20.038607,identity,16,118,0.0002467441336895697,9,False,1.0918240453368042e-05,COMPLETE
163,6.2782223722024355e-06,2025-07-04 12:26:35.775750,2025-07-04 12:26:56.207677,0 days 00:00:20.431927,identity,16,124,0.00021277754511722326,9,False,1.3503111809902031e-05,COMPLETE
164,7.295794603123795e-06,2025-07-04 12:26:56.207985,2025-07-04 12:27:16.202161,0 days 00:00:19.994176,identity,16,121,0.00019947089099496657,8,False,1.2103393734511142e-05,COMPLETE
165,4.3521449697436765e-06,2025-07-04 12:27:16.202476,2025-07-04 12:27:29.207143,0 days 00:00:13.004667,identity,32,126,0.00031320777809921735,9,False,1.0065233919664029e-05,COMPLETE
166,8.153472663252614e-06,2025-07-04 12:27:29.207462,2025-07-04 12:27:49.829201,0 days 00:00:20.621739,identity,16,126,0.0003233076562273494,9,False,1.0030466390732977e-05,COMPLETE
167,4.0563413676864e-06,2025-07-04 12:27:49.829513,2025-07-04 12:28:02.323766,0 days 00:00:12.494253,identity,32,111,0.0002852546565171955,9,False,1.3572128588923418e-05,COMPLETE
168,4.136427378398366e-06,2025-07-04 12:28:02.324071,2025-07-04 12:28:14.814036,0 days 00:00:12.489965,identity,32,113,0.0002904386056103086,9,False,1.4291956481964159e-05,COMPLETE
169,0.030849268659949303,2025-07-04 12:28:14.814342,2025-07-04 12:28:27.423014,0 days 00:00:12.608672,sigmoid,32,111,0.00028793170014701264,9,False,1.5146037052591866e-05,COMPLETE
170,6.166636012494564e-06,2025-07-04 12:28:27.423322,2025-07-04 12:28:40.222937,0 days 00:00:12.799615,identity,32,114,0.0003691490910219175,10,False,1.3809827493731944e-05,COMPLETE
171,6.2905069171392825e-06,2025-07-04 12:28:40.223259,2025-07-04 12:28:52.417423,0 days 00:00:12.194164,identity,32,106,0.00026606566417506803,9,False,1.2799033663259716e-05,COMPLETE
172,5.274252089293441e-06,2025-07-04 12:28:52.417741,2025-07-04 12:29:05.033426,0 days 00:00:12.615685,identity,32,117,0.00024388315392416792,9,False,1.4264859046822901e-05,COMPLETE
173,1.0684535482141655e-05,2025-07-04 12:29:05.033729,2025-07-04 12:29:17.869272,0 days 00:00:12.835543,identity,32,110,0.0003147225785651516,10,False,1.5877776782938496e-05,COMPLETE
174,5.01855174661614e-06,2025-07-04 12:29:17.869594,2025-07-04 12:29:30.476587,0 days 00:00:12.606993,identity,32,120,0.0002931903988098609,9,False,1.2485551596934349e-05,COMPLETE
175,5.403486284194514e-06,2025-07-04 12:29:30.476904,2025-07-04 12:29:42.906850,0 days 00:00:12.429946,identity,32,113,0.00022539695241849918,9,False,1.1533208985677665e-05,COMPLETE
176,0.0006524223717860878,2025-07-04 12:29:42.907157,2025-07-04 12:29:55.890550,0 days 00:00:12.983393,identity,32,128,0.0003512492656492845,10,False,0.0003699447826876531,COMPLETE
177,4.138375061302213e-06,2025-07-04 12:29:55.890877,2025-07-04 12:30:08.605124,0 days 00:00:12.714247,identity,32,122,0.0002634981613513421,9,False,1.003811058801046e-05,COMPLETE
178,7.403493782476289e-06,2025-07-04 12:30:08.605439,2025-07-04 12:30:20.786028,0 days 00:00:12.180589,identity,32,117,0.0003286652600344876,8,False,1.0634418716897192e-05,COMPLETE
179,1.937928936968092e-05,2025-07-04 12:30:20.786347,2025-07-04 12:30:29.363382,0 days 00:00:08.577035,identity,64,115,0.0002696808755887136,10,False,1.3322631367600784e-05,COMPLETE
180,4.739604264614172e-06,2025-07-04 12:30:29.363711,2025-07-04 12:30:42.244561,0 days 00:00:12.880850,identity,32,126,0.0003034813961110587,9,False,1.074096118431379e-05,COMPLETE
181,5.205512024986092e-06,2025-07-04 12:30:42.244884,2025-07-04 12:30:55.151348,0 days 00:00:12.906464,identity,32,126,0.0002883788783244376,9,False,1.0018629830750284e-05,COMPLETE
182,4.751734195451718e-06,2025-07-04 12:30:55.151660,2025-07-04 12:31:07.932318,0 days 00:00:12.780658,identity,32,123,0.000260983524926495,9,False,1.083996387132631e-05,COMPLETE
183,4.466371592570795e-06,2025-07-04 12:31:07.932622,2025-07-04 12:31:20.340578,0 days 00:00:12.407956,identity,32,124,0.00037717373265964266,8,False,1.2545959114876871e-05,COMPLETE
184,3.982110683864448e-06,2025-07-04 12:31:20.340907,2025-07-04 12:31:32.832081,0 days 00:00:12.491174,identity,32,126,0.0003802152033204849,8,False,5.376203333397923e-05,COMPLETE
185,1.1799204912676942e-05,2025-07-04 12:31:32.832395,2025-07-04 12:31:45.117850,0 days 00:00:12.285455,identity,32,119,0.00038386147194259296,8,False,6.0605624870163974e-05,COMPLETE
186,5.249014066066593e-06,2025-07-04 12:31:45.118163,2025-07-04 12:31:57.355144,0 days 00:00:12.236981,identity,32,128,0.0003587620552259051,8,False,1.2866147040212695e-05,COMPLETE
187,4.5650369429495186e-05,2025-07-04 12:31:57.355460,2025-07-04 12:32:06.223020,0 days 00:00:08.867560,identity,32,20,0.0004013484912240049,8,False,4.985276700570908e-05,COMPLETE
188,6.573898281203583e-05,2025-07-04 12:32:06.223303,2025-07-04 12:32:18.664223,0 days 00:00:12.440920,identity,32,124,0.00035622420110306073,8,False,0.00012107285413541585,COMPLETE
189,0.03213397413492203,2025-07-04 12:32:18.664537,2025-07-04 12:32:30.556292,0 days 00:00:11.891755,sigmoid,32,112,0.0003311051547579691,8,False,4.150908138333606e-05,COMPLETE
190,2.4200922780437395e-05,2025-07-04 12:32:30.556608,2025-07-04 12:32:38.684660,0 days 00:00:08.128052,identity,64,120,0.00022468267784427426,8,False,1.436573187599947e-05,COMPLETE
191,4.7503012865490746e-06,2025-07-04 12:32:38.684997,2025-07-04 12:32:51.546518,0 days 00:00:12.861521,identity,32,126,0.0002968966735065454,9,False,1.2485514671874182e-05,COMPLETE
192,5.0036101129080635e-06,2025-07-04 12:32:51.546837,2025-07-04 12:33:04.547578,0 days 00:00:13.000741,identity,32,125,0.0003169256228678829,9,False,1.1714207900632587e-05,COMPLETE
193,4.235511369188316e-06,2025-07-04 12:33:04.547900,2025-07-04 12:33:17.307460,0 days 00:00:12.759560,identity,32,122,0.00027416875311768197,9,False,1.0071752576777857e-05,COMPLETE
194,5.192519893171266e-06,2025-07-04 12:33:17.307768,2025-07-04 12:33:29.912243,0 days 00:00:12.604475,identity,32,117,0.00026688470336293994,9,False,1.6687446295047713e-05,COMPLETE
195,2.9370386982918717e-05,2025-07-04 12:33:29.912561,2025-07-04 12:33:42.317863,0 days 00:00:12.405302,identity,32,121,0.004325017486466309,8,False,1.0048791988975654e-05,COMPLETE
196,4.931992407364305e-06,2025-07-04 12:33:42.318175,2025-07-04 12:33:54.601349,0 days 00:00:12.283174,identity,32,108,0.00040794047239118886,9,False,1.1987623607089758e-05,COMPLETE
197,0.0009228342678397894,2025-07-04 12:33:54.601664,2025-07-04 12:34:01.945844,0 days 00:00:07.344180,identity,128,122,0.00023313813596752232,10,False,1.3804606239660669e-05,COMPLETE
198,6.531533472298179e-06,2025-07-04 12:34:01.946193,2025-07-04 12:34:14.528317,0 days 00:00:12.582124,identity,32,115,0.0002747698716090381,9,False,1.1715335659546292e-05,COMPLETE
199,4.770362465933431e-06,2025-07-04 12:34:14.528637,2025-07-04 12:34:26.834916,0 days 00:00:12.306279,identity,32,119,0.00020630639550864538,8,False,1.56313247346493e-05,COMPLETE
200,6.937619218660984e-06,2025-07-04 12:34:26.835235,2025-07-04 12:34:39.293670,0 days 00:00:12.458435,identity,32,124,0.00024405600712828452,8,False,1.3102376206685298e-05,COMPLETE
201,4.267478743713582e-06,2025-07-04 12:34:39.293989,2025-07-04 12:34:52.232455,0 days 00:00:12.938466,identity,32,126,0.00029873916366463524,9,False,1.067281109622386e-05,COMPLETE
202,4.965181233274052e-06,2025-07-04 12:34:52.232768,2025-07-04 12:35:04.898653,0 days 00:00:12.665885,identity,32,128,0.00033228426196749486,9,False,1.0885210320367952e-05,COMPLETE
203,4.719357093563303e-06,2025-07-04 12:35:04.898977,2025-07-04 12:35:17.774323,0 days 00:00:12.875346,identity,32,124,0.0002901409004853264,9,False,1.0192932707330812e-05,COMPLETE
204,6.6882466853712685e-06,2025-07-04 12:35:17.774631,2025-07-04 12:35:30.789414,0 days 00:00:13.014783,identity,32,122,0.0003696025515948825,10,False,1.1804621909453226e-05,COMPLETE
205,4.451201220945222e-06,2025-07-04 12:35:30.789727,2025-07-04 12:35:43.408493,0 days 00:00:12.618766,identity,32,118,0.0002569736488506054,9,False,1.0042760826126772e-05,COMPLETE
206,8.279469511762727e-06,2025-07-04 12:35:43.408826,2025-07-04 12:35:56.137687,0 days 00:00:12.728861,identity,32,119,0.00025362262345965245,9,False,1.0842822339649123e-05,COMPLETE
207,4.383424766274402e-06,2025-07-04 12:35:56.138007,2025-07-04 12:36:08.705784,0 days 00:00:12.567777,identity,32,116,0.0002732114007812201,9,False,1.0981161574221854e-05,COMPLETE
208,4.457990144146606e-06,2025-07-04 12:36:08.706109,2025-07-04 12:36:21.287542,0 days 00:00:12.581433,identity,32,117,0.0002742721176775563,9,False,1.0042963468409344e-05,COMPLETE
209,5.4848251238581724e-06,2025-07-04 12:36:21.287867,2025-07-04 12:36:33.860551,0 days 00:00:12.572684,identity,32,117,0.00029543036478795625,9,False,1.005563892706351e-05,COMPLETE
210,2.4413740902673453e-05,2025-07-04 12:36:33.860876,2025-07-04 12:36:46.633282,0 days 00:00:12.772406,identity,32,121,0.00027079109497322025,9,False,7.097315028817036e-05,COMPLETE
211,4.927175723423716e-06,2025-07-04 12:36:46.633595,2025-07-04 12:36:58.829591,0 days 00:00:12.195996,identity,32,112,0.00023015141446754137,9,False,1.0011911798177574e-05,COMPLETE
212,5.0165031098003965e-06,2025-07-04 12:36:58.829924,2025-07-04 12:37:11.365402,0 days 00:00:12.535478,identity,32,115,0.0002585837801000574,9,False,1.13616968413971e-05,COMPLETE
213,4.785538749274565e-06,2025-07-04 12:37:11.365730,2025-07-04 12:37:24.012564,0 days 00:00:12.646834,identity,32,118,0.00032429681324399554,9,False,1.1029406524165246e-05,COMPLETE
214,4.80693324789172e-06,2025-07-04 12:37:24.012901,2025-07-04 12:37:36.577489,0 days 00:00:12.564588,identity,32,114,0.0002168062014607948,9,False,1.2323639192568233e-05,COMPLETE
215,7.1905496952240355e-06,2025-07-04 12:37:36.577798,2025-07-04 12:37:49.150167,0 days 00:00:12.572369,identity,32,126,0.0002934168138318649,8,False,1.0027594271851254e-05,COMPLETE
216,4.971424459654372e-06,2025-07-04 12:37:49.150482,2025-07-04 12:38:02.051150,0 days 00:00:12.900668,identity,32,123,0.00025454824057212565,9,False,1.1220399155812548e-05,COMPLETE
217,5.8605787671695e-06,2025-07-04 12:38:02.051474,2025-07-04 12:38:15.087616,0 days 00:00:13.036142,identity,32,120,0.0003488601558258432,10,False,1.2327849808391062e-05,COMPLETE
218,9.048865649674553e-06,2025-07-04 12:38:15.087937,2025-07-04 12:38:27.633950,0 days 00:00:12.546013,identity,32,117,0.0002314788222456566,9,False,1.0906641275888665e-05,COMPLETE
219,9.407322068000212e-06,2025-07-04 12:38:38.666497,2025-07-04 12:38:47.912812,0 days 00:00:09.246315,identity,32,29,0.00028076600376353565,8,False,1.2703659682678074e-05,COMPLETE
220,3.998205102107022e-06,2025-07-04 12:38:47.913106,2025-07-04 12:39:00.745513,0 days 00:00:12.832407,identity,32,124,0.0003181362628494635,9,False,1.136700504038937e-05,COMPLETE
221,4.52081803814508e-06,2025-07-04 12:39:00.745828,2025-07-04 12:39:13.593299,0 days 00:00:12.847471,identity,32,124,0.0003022325398437008,9,False,1.1668622064856797e-05,COMPLETE
222,4.064610038767569e-06,2025-07-04 12:39:13.593613,2025-07-04 12:39:26.512537,0 days 00:00:12.918924,identity,32,126,0.000309853998357394,9,False,1.1832090297741098e-05,COMPLETE
223,6.307030162133742e-06,2025-07-04 12:39:26.512854,2025-07-04 12:39:39.228882,0 days 00:00:12.716028,identity,32,128,0.00031270058326038954,9,False,1.1987739653184269e-05,COMPLETE
224,7.4340568971820176e-06,2025-07-04 12:39:39.229190,2025-07-04 12:39:52.233151,0 days 00:00:13.003961,identity,32,125,0.00037818419097507207,9,False,1.1020821332475531e-05,COMPLETE
225,0.001380867208354175,2025-07-04 12:39:52.233464,2025-07-04 12:40:05.080227,0 days 00:00:12.846763,identity,32,123,0.0003292348585157969,9,False,0.0005906295247700019,COMPLETE
226,5.684220468538115e-06,2025-07-04 12:40:05.080541,2025-07-04 12:40:18.000903,0 days 00:00:12.920362,identity,32,126,0.00027526212864544534,9,False,1.0025892673095882e-05,COMPLETE
227,3.7254048947943375e-06,2025-07-04 12:40:18.452068,2025-07-04 12:40:31.074759,0 days 00:00:12.622691,identity,32,121,0.00030703069929736954,9,False,1.3460323053163513e-05,COMPLETE
228,6.473318990174448e-06,2025-07-04 12:40:31.075074,2025-07-04 12:40:43.302137,0 days 00:00:12.227063,identity,32,121,0.0003018782392970086,8,False,1.3050465499109547e-05,COMPLETE
229,4.973215254722163e-06,2025-07-04 12:40:43.302449,2025-07-04 12:40:56.065985,0 days 00:00:12.763536,identity,32,124,0.0003374199762341135,9,False,1.3398329061222987e-05,COMPLETE
230,6.506412319140509e-06,2025-07-04 12:41:01.116355,2025-07-04 12:41:14.084591,0 days 00:00:12.968236,identity,32,128,0.00041390491838603246,10,False,1.198998502800197e-05,COMPLETE
231,5.2537338888214435e-06,2025-07-04 12:41:14.084923,2025-07-04 12:41:26.840085,0 days 00:00:12.755162,identity,32,123,0.00030098710889796065,9,False,1.098807374680866e-05,COMPLETE
232,4.096671545994468e-06,2025-07-04 12:41:26.840402,2025-07-04 12:41:39.427860,0 days 00:00:12.587458,identity,32,120,0.00035770343485220715,9,False,1.174001203232643e-05,COMPLETE
233,0.00023601279826834798,2025-07-04 12:41:39.428169,2025-07-04 12:41:51.981591,0 days 00:00:12.553422,identity,32,120,0.00036645431888894503,9,False,0.00024176244936276916,COMPLETE
234,6.060219675418921e-06,2025-07-04 12:41:51.981899,2025-07-04 12:42:04.888887,0 days 00:00:12.906988,identity,32,125,0.0003392927746657513,9,False,1.2106579496609065e-05,COMPLETE
235,5.570977464230964e-06,2025-07-04 12:42:04.889202,2025-07-04 12:42:17.440187,0 days 00:00:12.550985,identity,32,121,0.0002697462380474792,9,False,1.3901445327538757e-05,COMPLETE
236,9.20751153898891e-06,2025-07-04 12:42:44.958871,2025-07-04 12:42:57.183328,0 days 00:00:12.224457,identity,32,119,0.00042884256948204586,8,False,1.0754171246472454e-05,COMPLETE
237,4.103562332602451e-06,2025-07-04 12:42:57.183655,2025-07-04 12:43:09.909964,0 days 00:00:12.726309,identity,32,123,0.0003119991609981403,9,False,1.1969876085555022e-05,COMPLETE
238,4.532957518676994e-06,2025-07-04 12:43:09.910286,2025-07-04 12:43:22.689758,0 days 00:00:12.779472,identity,32,123,0.0003147271402389514,9,False,1.0058057178172363e-05,COMPLETE
239,6.2921567405282985e-06,2025-07-04 12:43:27.944139,2025-07-04 12:43:40.501692,0 days 00:00:12.557553,identity,32,118,0.0002816269505854738,9,False,1.2975399359223973e-05,COMPLETE
240,5.039536972617498e-06,2025-07-04 12:43:40.502030,2025-07-04 12:43:52.776450,0 days 00:00:12.274420,identity,32,121,0.00025694915612046277,8,False,1.1753617372139707e-05,COMPLETE
241,7.390804967144504e-06,2025-07-04 12:43:52.776780,2025-07-04 12:44:05.645117,0 days 00:00:12.868337,identity,32,126,0.0003757544760303858,9,False,1.1689409177619541e-05,COMPLETE
242,5.488785518537043e-06,2025-07-04 12:44:05.645435,2025-07-04 12:44:18.797937,0 days 00:00:13.152502,identity,32,124,0.0003450200389226065,10,False,1.0908532747122631e-05,COMPLETE
243,4.417272066348232e-06,2025-07-04 12:44:18.798268,2025-07-04 12:44:31.408616,0 days 00:00:12.610348,identity,32,128,0.00029864347572973866,9,False,1.2688098402025729e-05,COMPLETE
244,6.277729426074075e-06,2025-07-04 12:44:31.408955,2025-07-04 12:44:44.118538,0 days 00:00:12.709583,identity,32,122,0.0002933699624017568,9,False,1.3092579197910197e-05,COMPLETE
245,4.811199232790386e-06,2025-07-04 12:44:44.118867,2025-07-04 12:44:57.057757,0 days 00:00:12.938890,identity,32,126,0.0003149613076481848,9,False,1.0043438068211489e-05,COMPLETE
246,0.030523279681801796,2025-07-04 12:44:57.058083,2025-07-04 12:45:09.779732,0 days 00:00:12.721649,sigmoid,32,128,0.00026433794128859754,9,False,1.3635328938973416e-05,COMPLETE
247,5.342256372387055e-06,2025-07-04 12:48:54.775687,2025-07-04 12:49:07.230693,0 days 00:00:12.455006,identity,32,117,0.00031495202407596357,9,False,1.2327945718995529e-05,COMPLETE
248,4.936659479426453e-06,2025-07-04 12:50:00.423829,2025-07-04 12:50:13.172205,0 days 00:00:12.748376,identity,32,123,0.00028413544251154767,9,False,1.0932799187950963e-05,COMPLETE
249,1.8388416719972156e-05,2025-07-04 12:50:34.891518,2025-07-04 12:50:47.158490,0 days 00:00:12.266972,identity,32,120,0.00010543958311802134,8,False,1.443437401980262e-05,COMPLETE
250,6.627641596423928e-06,2025-07-04 12:50:47.158827,2025-07-04 12:51:00.072494,0 days 00:00:12.913667,identity,32,125,0.0002526948069543647,9,False,1.1675571391009036e-05,COMPLETE
251,5.08194716530852e-06,2025-07-04 12:51:00.072830,2025-07-04 12:51:12.792971,0 days 00:00:12.720141,identity,32,119,0.00030417918177290393,9,False,1.0798666285150517e-05,COMPLETE
252,5.555588813876966e-06,2025-07-04 12:51:43.564142,2025-07-04 12:51:56.551761,0 days 00:00:12.987619,identity,32,122,0.0003951063123685766,10,False,1.2733474074113721e-05,COMPLETE
253,4.2792844396899454e-06,2025-07-04 12:51:56.552108,2025-07-04 12:52:08.910197,0 days 00:00:12.358089,identity,32,116,0.00026951745342810836,9,False,1.1814429456782498e-05,COMPLETE
254,4.936936875310494e-06,2025-07-04 12:52:08.910529,2025-07-04 12:52:20.996550,0 days 00:00:12.086021,identity,32,116,0.0002722268665253092,8,False,1.0118568459451358e-05,COMPLETE
255,4.941153747495264e-06,2025-07-04 12:52:20.996890,2025-07-04 12:52:33.513873,0 days 00:00:12.516983,identity,32,118,0.00023025117813629326,9,False,1.4496935183094704e-05,COMPLETE
256,5.532966497412417e-06,2025-07-04 12:52:33.514194,2025-07-04 12:52:46.100885,0 days 00:00:12.586691,identity,32,120,0.00024989727534548655,9,False,1.2800542798847986e-05,COMPLETE
257,6.1007205658825114e-05,2025-07-04 12:53:03.417862,2025-07-04 12:53:09.459506,0 days 00:00:06.041644,identity,128,116,0.0003398487875213908,8,False,1.0953736238673454e-05,COMPLETE
258,5.4183688007469755e-06,2025-07-04 12:53:09.459865,2025-07-04 12:53:21.917358,0 days 00:00:12.457493,identity,32,114,0.00020960494825222778,9,False,1.0029037381327356e-05,COMPLETE
259,6.535349257319467e-06,2025-07-04 12:53:21.917686,2025-07-04 12:53:32.029840,0 days 00:00:10.112154,identity,32,43,0.00027562346965420513,10,False,1.1974744832128155e-05,COMPLETE
260,8.312886166095268e-06,2025-07-04 12:53:32.030153,2025-07-04 12:53:44.173559,0 days 00:00:12.143406,identity,32,128,0.00025470659476295703,8,False,1.3274273653293665e-05,COMPLETE
261,6.10138158663176e-06,2025-07-04 12:53:44.173876,2025-07-04 12:53:56.905305,0 days 00:00:12.731429,identity,32,122,0.0003172522064566163,9,False,1.0968374606179881e-05,COMPLETE
262,5.091887487651547e-06,2025-07-04 12:53:56.905641,2025-07-04 12:54:09.784908,0 days 00:00:12.879267,identity,32,126,0.00035276689484669573,9,False,1.2087540921756258e-05,COMPLETE
263,5.210756171436515e-06,2025-07-04 12:54:37.132509,2025-07-04 12:54:49.756370,0 days 00:00:12.623861,identity,32,119,0.0002844396033517521,9,False,1.3784537750794403e-05,COMPLETE
264,4.289771368348738e-06,2025-07-04 12:54:49.756708,2025-07-04 12:55:02.196988,0 days 00:00:12.440280,identity,32,110,0.00023341832774599963,9,False,1.0955329700578172e-05,COMPLETE
265,4.3080744944745675e-06,2025-07-04 12:55:02.197326,2025-07-04 12:55:14.310381,0 days 00:00:12.113055,identity,32,115,0.0002291530777930478,8,False,1.0959506080354003e-05,COMPLETE
266,5.888852228963515e-06,2025-07-04 12:55:50.379064,2025-07-04 12:56:02.427111,0 days 00:00:12.048047,identity,32,109,0.00021301999163668192,8,False,1.07344972430535e-05,COMPLETE
267,4.6508375817211345e-06,2025-07-04 12:56:02.427447,2025-07-04 12:56:14.450314,0 days 00:00:12.022867,identity,32,111,0.0003847654778292406,8,False,1.0006396873488277e-05,COMPLETE
268,0.03127027675509453,2025-07-04 12:56:14.450633,2025-07-04 12:56:26.613608,0 days 00:00:12.162975,sigmoid,32,113,0.00022909233148218306,8,False,1.24954719333232e-05,COMPLETE
269,4.6740924517507665e-06,2025-07-04 12:56:26.613945,2025-07-04 12:56:38.806325,0 days 00:00:12.192380,identity,32,116,0.00018465204612676272,8,False,1.5070478903272219e-05,COMPLETE
270,6.1701070990238804e-06,2025-07-04 12:56:38.806659,2025-07-04 12:56:50.506967,0 days 00:00:11.700308,identity,32,104,0.0002933361813462433,8,False,1.1547322422877201e-05,COMPLETE
271,5.3295389079721645e-06,2025-07-04 12:56:50.507300,2025-07-04 12:57:02.935000,0 days 00:00:12.427700,identity,32,111,0.00032040610828212634,9,False,1.002832507672818e-05,COMPLETE
272,6.623926310567185e-06,2025-07-04 12:57:02.935349,2025-07-04 12:57:15.347233,0 days 00:00:12.411884,identity,32,114,0.0003492620586948397,9,False,1.2653808291192137e-05,COMPLETE
273,0.0031306587625294924,2025-07-04 12:57:15.347560,2025-07-04 12:57:27.590900,0 days 00:00:12.243340,identity,32,117,0.0002698875067938503,8,False,0.0009419418153796443,COMPLETE
274,5.059187060396653e-06,2025-07-04 12:57:27.591238,2025-07-04 12:57:40.836425,0 days 00:00:13.245187,identity,32,125,0.00043738484768451663,10,False,3.5464410242230416e-05,COMPLETE
275,4.794134383701021e-06,2025-07-04 12:57:40.836777,2025-07-04 12:57:53.333522,0 days 00:00:12.496745,identity,32,115,0.0002414913958701317,9,False,1.11239309582929e-05,COMPLETE
276,5.4844706028234214e-05,2025-07-04 12:57:53.333863,2025-07-04 12:58:06.268738,0 days 00:00:12.934875,identity,32,125,0.00029017627866764203,9,False,0.0001104226636968243,COMPLETE
277,4.477504717215197e-06,2025-07-04 12:58:06.269059,2025-07-04 12:58:18.404329,0 days 00:00:12.135270,identity,32,128,0.0003294836588988999,8,False,1.1943922985790135e-05,COMPLETE
278,0.00011953974171774462,2025-07-04 12:58:18.404620,2025-07-04 12:58:30.990835,0 days 00:00:12.586215,identity,32,111,0.009470640424386136,10,False,1.0812536106609219e-05,COMPLETE
279,6.697054232063238e-06,2025-07-04 13:04:04.738862,2025-07-04 13:04:17.232555,0 days 00:00:12.493693,identity,32,118,0.00019744061606059583,9,False,1.386694428171896e-05,COMPLETE
280,5.135567789693596e-06,2025-07-04 13:04:17.232912,2025-07-04 13:04:29.601843,0 days 00:00:12.368931,identity,32,123,0.00022509791330726237,8,False,1.2560364512911554e-05,COMPLETE
281,0.0003596956667024642,2025-07-04 13:04:29.602177,2025-07-04 13:04:42.240378,0 days 00:00:12.638201,identity,32,120,0.0002620486577779209,9,True,0.00016916652369163286,COMPLETE
282,8.596051884524059e-06,2025-07-04 13:04:42.240714,2025-07-04 13:04:55.133143,0 days 00:00:12.892429,identity,32,126,0.00038070819308255944,9,False,1.59368515933977e-05,COMPLETE
283,0.00038583087734878063,2025-07-04 13:05:57.664201,2025-07-04 13:06:04.274362,0 days 00:00:06.610161,identity,128,123,0.0003021116210717626,9,False,1.1362855969222008e-05,COMPLETE
284,3.5232740628998727e-05,2025-07-04 13:06:04.274721,2025-07-04 13:06:16.336152,0 days 00:00:12.061431,identity,32,113,0.00024383724893510268,8,False,8.846100704562827e-05,COMPLETE
285,4.403103503136663e-06,2025-07-04 13:06:16.336495,2025-07-04 13:06:28.904626,0 days 00:00:12.568131,identity,32,117,0.0002772869800782342,9,False,1.369550643022584e-05,COMPLETE
286,8.284946488856804e-06,2025-07-04 13:06:28.904964,2025-07-04 13:06:41.354871,0 days 00:00:12.449907,identity,32,116,0.0002724685134293053,9,False,1.4430398666289314e-05,COMPLETE
287,5.417678039520979e-06,2025-07-04 13:07:16.108148,2025-07-04 13:07:28.642518,0 days 00:00:12.534370,identity,32,117,0.00021323066034001695,9,False,1.0081309236531612e-05,COMPLETE
288,7.111078502930468e-06,2025-07-04 13:07:28.642858,2025-07-04 13:07:41.062992,0 days 00:00:12.420134,identity,32,110,0.0002851788628629031,9,False,1.3505979613736934e-05,COMPLETE
289,4.613054625224322e-05,2025-07-04 13:07:41.063331,2025-07-04 13:07:53.490180,0 days 00:00:12.426849,identity,32,114,0.007608756194336687,9,False,1.0742952407063654e-05,COMPLETE
290,0.030452080070972443,2025-07-04 13:07:53.490516,2025-07-04 13:08:06.513735,0 days 00:00:13.023219,sigmoid,32,120,0.0002581433877367418,10,False,1.1378762291485414e-05,COMPLETE
291,3.897106216754764e-05,2025-07-04 13:08:06.514076,2025-07-04 13:08:15.387291,0 days 00:00:08.873215,identity,32,17,0.00031541042341533493,9,False,1.2048816594614906e-05,COMPLETE
292,1.4732706404174678e-05,2025-07-04 13:08:15.387604,2025-07-04 13:08:28.317363,0 days 00:00:12.929759,identity,32,121,0.0003361863560148992,10,False,5.575269762017033e-05,COMPLETE
293,4.555328814603854e-06,2025-07-04 13:11:57.649099,2025-07-04 13:12:09.645057,0 days 00:00:11.995958,identity,32,108,0.0002338253638583451,9,False,1.0038058121502685e-05,COMPLETE
294,9.111767212743871e-06,2025-07-04 13:34:26.279678,2025-07-04 13:34:38.757949,0 days 00:00:12.478271,identity,32,117,0.0002869266748695767,9,False,1.5628032852364465e-05,COMPLETE
295,6.258593202801421e-06,2025-07-04 13:34:38.758292,2025-07-04 13:34:50.795733,0 days 00:00:12.037441,identity,32,112,0.0002526692838386538,9,False,1.3368337247947474e-05,COMPLETE
296,4.529596935753943e-06,2025-07-04 13:34:50.796080,2025-07-04 13:35:03.336466,0 days 00:00:12.540386,identity,32,128,0.0003070108220000157,9,False,1.0995262043003724e-05,COMPLETE
297,4.487828391575022e-06,2025-07-04 13:35:28.012646,2025-07-04 13:35:40.987461,0 days 00:00:12.974815,identity,32,118,0.00027111126821912675,10,False,1.2042202783831159e-05,COMPLETE
298,5.112704911880428e-06,2025-07-04 13:35:40.987800,2025-07-04 13:35:53.655046,0 days 00:00:12.667246,identity,32,122,0.00021564563369121312,9,False,1.4535414833430418e-05,COMPLETE
299,6.382357241818681e-06,2025-07-04 13:35:53.655403,2025-07-04 13:36:06.337985,0 days 00:00:12.682582,identity,32,119,0.0003310754244057963,9,False,1.082999106606318e-05,COMPLETE
300,4.5711994971497916e-06,2025-07-04 13:36:07.333958,2025-07-04 13:36:19.800389,0 days 00:00:12.466431,identity,32,115,0.0002485518138859706,9,True,1.0021213910245062e-05,COMPLETE
301,5.27684733242495e-06,2025-07-04 13:36:19.800753,2025-07-04 13:36:32.673811,0 days 00:00:12.873058,identity,32,126,0.0002962385439279148,9,False,1.2895227028371974e-05,COMPLETE
302,6.502731139335083e-06,2025-07-04 13:36:32.674158,2025-07-04 13:36:45.044778,0 days 00:00:12.370620,identity,32,124,0.0003599365542452083,8,False,1.167258080574181e-05,COMPLETE
303,3.938298959837994e-06,2025-07-04 13:36:45.045121,2025-07-04 13:36:57.714091,0 days 00:00:12.668970,identity,32,121,0.0002708496207793325,9,False,1.3406588233325697e-05,COMPLETE
304,6.651487638009712e-06,2025-07-04 13:36:57.714422,2025-07-04 13:37:10.416127,0 days 00:00:12.701705,identity,32,121,0.0002011583085055261,9,False,1.6830570648315137e-05,COMPLETE
305,4.3693075895134825e-06,2025-07-04 13:37:10.416465,2025-07-04 13:37:23.460077,0 days 00:00:13.043612,identity,32,124,0.00023274991744146232,10,False,1.3921529101915021e-05,COMPLETE
306,4.562754384096479e-06,2025-07-04 13:37:23.460435,2025-07-04 13:37:36.500271,0 days 00:00:13.039836,identity,32,128,0.00022166627015039904,10,False,1.562881153134458e-05,COMPLETE
307,0.0003670726146083325,2025-07-04 13:37:36.500623,2025-07-04 13:37:42.880090,0 days 00:00:06.379467,identity,128,125,0.00023363226361026472,8,False,1.3898379429546759e-05,COMPLETE
308,5.739255357184447e-06,2025-07-04 13:37:42.880457,2025-07-04 13:37:56.016569,0 days 00:00:13.136112,identity,32,122,0.00031257013691611026,10,False,1.4533334944187877e-05,COMPLETE
309,4.007849838671973e-06,2025-07-04 13:37:56.016934,2025-07-04 13:38:08.455299,0 days 00:00:12.438365,identity,32,124,0.00028464259341455007,8,False,1.3305295157183464e-05,COMPLETE
310,8.859610716172028e-06,2025-07-04 13:38:08.455640,2025-07-04 13:38:20.876849,0 days 00:00:12.421209,identity,32,123,0.00024372385816069642,8,False,1.6864579540117827e-05,COMPLETE
311,0.03129548951983452,2025-07-04 13:38:20.877194,2025-07-04 13:38:33.356295,0 days 00:00:12.479101,sigmoid,32,121,0.00019126998438434966,8,False,1.3726127992986571e-05,COMPLETE
312,4.0397421798843425e-06,2025-07-04 13:39:46.335987,2025-07-04 13:39:58.677122,0 days 00:00:12.341135,identity,32,124,0.0002720593503636761,8,False,1.2894349250497863e-05,COMPLETE
313,6.995741841819836e-06,2025-07-04 13:39:58.677478,2025-07-04 13:40:11.154159,0 days 00:00:12.476681,identity,32,125,0.0003474836503962968,8,False,1.5286461364242446e-05,COMPLETE
314,4.320594143791823e-06,2025-07-04 13:40:11.154505,2025-07-04 13:40:23.519131,0 days 00:00:12.364626,identity,32,123,0.00040988178866613486,8,False,1.2492296848708808e-05,COMPLETE
315,6.134102477517445e-06,2025-07-04 13:41:14.637433,2025-07-04 13:41:26.988762,0 days 00:00:12.351329,identity,32,124,0.0003970681980753463,8,False,1.2699413166177611e-05,COMPLETE
316,4.648189133149572e-06,2025-07-04 13:41:26.989109,2025-07-04 13:41:39.567822,0 days 00:00:12.578713,identity,32,126,0.00040667822191287664,8,False,1.2984522368697392e-05,COMPLETE
317,5.693306320608826e-06,2025-07-04 13:41:39.568169,2025-07-04 13:41:51.977622,0 days 00:00:12.409453,identity,32,123,0.00033904965790604704,8,False,4.5942251605885684e-05,COMPLETE
318,8.506573067279533e-06,2025-07-04 13:45:20.312106,2025-07-04 13:45:35.642677,0 days 00:00:15.330571,identity,32,121,0.00044688870831928527,19,False,1.4911758929081395e-05,COMPLETE
319,4.183645614830311e-06,2025-07-04 13:45:35.643041,2025-07-04 13:45:48.213375,0 days 00:00:12.570334,identity,32,126,0.000352753987468775,8,True,1.1995899975047761e-05,COMPLETE
320,4.318094397604e-06,2025-07-04 13:45:48.213720,2025-07-04 13:46:00.758796,0 days 00:00:12.545076,identity,32,126,0.00043177850421297737,8,True,1.1987085181370704e-05,COMPLETE
321,4.349763912614435e-06,2025-07-04 13:48:23.957211,2025-07-04 13:48:36.441001,0 days 00:00:12.483790,identity,32,126,0.00042609391061198117,8,True,1.219625927016309e-05,COMPLETE
322,4.67792642666609e-06,2025-07-04 13:50:39.460460,2025-07-04 13:50:51.818990,0 days 00:00:12.358530,identity,32,123,0.00038201961839267684,8,True,1.1881188288162307e-05,COMPLETE
323,4.36068785347743e-06,2025-07-04 13:50:51.819340,2025-07-04 13:51:04.015766,0 days 00:00:12.196426,identity,32,128,0.00043457714185814373,8,True,1.290064892439065e-05,COMPLETE
324,5.478339062392479e-06,2025-07-04 13:51:04.016117,2025-07-04 13:51:16.206308,0 days 00:00:12.190191,identity,32,120,0.0003622726429316988,8,True,2.8418221872293034e-05,COMPLETE
325,4.717905085271923e-06,2025-07-04 13:51:16.206644,2025-07-04 13:51:28.717631,0 days 00:00:12.510987,identity,32,125,0.000395328614157873,8,True,1.1899867140584244e-05,COMPLETE
326,8.398255886277184e-06,2025-07-04 13:52:14.828379,2025-07-04 13:52:27.217817,0 days 00:00:12.389438,identity,32,122,0.003073277894819446,8,True,1.3084425933256117e-05,COMPLETE
327,4.631769570551114e-06,2025-07-04 13:52:27.218168,2025-07-04 13:52:39.432244,0 days 00:00:12.214076,identity,32,120,0.00036295003854162786,8,True,1.1830569906913889e-05,COMPLETE
328,4.484207238419913e-06,2025-07-04 13:52:39.432594,2025-07-04 13:52:51.301859,0 days 00:00:11.869265,identity,32,106,0.0003315233046176916,8,True,1.4222998784267215e-05,COMPLETE
329,0.00025825464399531484,2025-07-04 13:53:02.570357,2025-07-04 13:53:08.934045,0 days 00:00:06.363688,identity,128,126,0.0004928191653053442,8,True,0.00013734991153579627,COMPLETE
330,5.418971795734251e-06,2025-07-04 13:53:08.934417,2025-07-04 13:53:21.486753,0 days 00:00:12.552336,identity,32,123,0.0003643275601868341,8,True,1.1260608384217627e-05,COMPLETE
331,4.301394437788986e-05,2025-07-04 13:53:21.487099,2025-07-04 13:53:33.745322,0 days 00:00:12.258223,identity,32,128,0.00041627272874794076,8,True,6.634644301322111e-05,COMPLETE
332,5.095503183838446e-06,2025-07-04 13:53:50.231010,2025-07-04 13:54:02.698129,0 days 00:00:12.467119,identity,32,124,0.0003134505627858538,8,True,1.289061952661099e-05,COMPLETE
333,0.03298918530344963,2025-07-04 13:54:02.698475,2025-07-04 13:54:15.234976,0 days 00:00:12.536501,sigmoid,32,119,0.0002882738509664782,8,True,1.588018119526262e-05,COMPLETE
334,4.010284101241268e-06,2025-07-04 13:54:15.235325,2025-07-04 13:54:27.585787,0 days 00:00:12.350462,identity,32,121,0.00033423737530631633,8,False,1.1861259440019487e-05,COMPLETE
335,5.1617580538732e-06,2025-07-04 13:54:34.002776,2025-07-04 13:54:46.199348,0 days 00:00:12.196572,identity,32,120,0.00032541619592633443,8,False,1.1473639166209118e-05,COMPLETE
336,4.76153354611597e-06,2025-07-04 13:54:46.199700,2025-07-04 13:54:58.754353,0 days 00:00:12.554653,identity,32,126,0.0002650974650113489,8,True,1.1253322774662743e-05,COMPLETE
337,6.837684395577526e-06,2025-07-04 13:54:58.754705,2025-07-04 13:55:11.280847,0 days 00:00:12.526142,identity,32,121,0.00029062030487219694,8,False,1.4136377466909439e-05,COMPLETE
338,5.8843302213063e-06,2025-07-04 13:55:16.687264,2025-07-04 13:55:28.950633,0 days 00:00:12.263369,identity,32,119,0.0003527269809911736,8,False,1.201810749633887e-05,COMPLETE
339,5.44766817256459e-06,2025-07-04 13:55:28.950982,2025-07-04 13:55:41.325014,0 days 00:00:12.374032,identity,32,122,0.00031040097835040786,8,False,1.1067781364903592e-05,COMPLETE
340,0.000425168895162642,2025-07-04 13:55:41.325363,2025-07-04 13:55:50.794200,0 days 00:00:09.468837,identity,32,36,0.00025632068433335386,8,False,0.0002614226069281728,COMPLETE
341,4.963542323821457e-06,2025-07-04 13:56:28.845899,2025-07-04 13:56:41.400737,0 days 00:00:12.554838,identity,32,126,0.0003423573955490203,8,False,1.3333595893936975e-05,COMPLETE
342,5.401684120442951e-06,2025-07-04 13:56:41.401085,2025-07-04 13:56:53.947212,0 days 00:00:12.546127,identity,32,114,0.00029353001967885627,9,False,1.0778335114826086e-05,COMPLETE
343,4.179965344519587e-06,2025-07-04 13:56:53.947574,2025-07-04 13:57:06.386192,0 days 00:00:12.438618,identity,32,124,0.0002640191282691247,8,False,1.5018708038688409e-05,COMPLETE
344,4.916965281154262e-06,2025-07-04 13:57:06.386552,2025-07-04 13:57:19.021428,0 days 00:00:12.634876,identity,32,118,0.00021123764547194968,9,False,1.701264877667369e-05,COMPLETE
345,5.226752818998648e-06,2025-07-04 13:57:19.021793,2025-07-04 13:57:31.538579,0 days 00:00:12.516786,identity,32,123,0.0002485576625644812,8,False,1.5089930052212091e-05,COMPLETE
346,4.809177880815696e-06,2025-07-04 14:11:38.156871,2025-07-04 14:11:50.835412,0 days 00:00:12.678541,identity,32,121,0.0002750475020066766,9,False,1.844713493443155e-05,COMPLETE
347,4.564516075333813e-06,2025-07-04 14:11:50.835763,2025-07-04 14:12:03.482795,0 days 00:00:12.647032,identity,32,119,0.00022311290109892212,9,False,1.44751262280567e-05,COMPLETE
348,4.339231054473203e-06,2025-07-04 14:12:03.483138,2025-07-04 14:12:15.892500,0 days 00:00:12.409362,identity,32,124,0.00025744579969656735,8,False,1.3346331599502574e-05,COMPLETE
349,6.6889756453747395e-06,2025-07-04 14:12:15.892860,2025-07-04 14:12:28.347180,0 days 00:00:12.454320,identity,32,115,0.00027847872721610794,9,False,1.6404534760364145e-05,COMPLETE
350,5.8814953263208736e-06,2025-07-04 14:12:28.347533,2025-07-04 14:12:40.114430,0 days 00:00:11.766897,identity,32,112,0.00016636653756980108,8,False,1.2581827991239506e-05,COMPLETE
351,8.259775313490536e-06,2025-07-04 14:12:40.114785,2025-07-04 14:12:52.891854,0 days 00:00:12.777069,identity,32,121,0.0003111626999874287,9,False,1.1260357187027774e-05,COMPLETE
352,4.870591055805562e-06,2025-07-04 14:12:52.892210,2025-07-04 14:13:05.686208,0 days 00:00:12.793998,identity,32,124,0.00022852358234954625,9,False,1.5248437643398625e-05,COMPLETE
353,0.0005347554106265306,2025-07-04 14:13:05.686560,2025-07-04 14:13:11.941654,0 days 00:00:06.255094,identity,128,128,0.00024759107240820483,8,False,1.3489330372379977e-05,COMPLETE
354,0.030353784561157227,2025-07-04 14:13:11.942028,2025-07-04 14:13:24.520302,0 days 00:00:12.578274,sigmoid,32,109,0.0002921754646814442,9,False,1.0739736431072958e-05,COMPLETE
355,4.569124030240346e-06,2025-07-04 14:13:24.520656,2025-07-04 14:13:36.729015,0 days 00:00:12.208359,identity,32,118,0.0002682850439588104,8,False,1.2544377980507657e-05,COMPLETE
356,5.093233994557522e-06,2025-07-04 14:13:36.729370,2025-07-04 14:13:49.562616,0 days 00:00:12.833246,identity,32,121,0.0001985029581953125,9,False,1.1677323947489576e-05,COMPLETE
357,7.059918061713688e-06,2025-07-04 14:13:49.562974,2025-07-04 14:14:04.354777,0 days 00:00:14.791803,identity,32,116,0.0003295409575423041,18,False,1.4099853756575775e-05,COMPLETE
358,5.611911547021009e-06,2025-07-04 14:14:04.355133,2025-07-04 14:14:17.320469,0 days 00:00:12.965336,identity,32,124,0.00024234496824828995,9,False,1.0763141099791499e-05,COMPLETE
359,5.894589321542298e-06,2025-07-04 14:14:17.320846,2025-07-04 14:14:29.943877,0 days 00:00:12.623031,identity,32,126,0.00030348850096009836,8,False,1.224610259488733e-05,COMPLETE
360,5.15922374688671e-06,2025-07-04 14:14:29.944237,2025-07-04 14:14:42.744283,0 days 00:00:12.800046,identity,32,122,0.0002676186157282435,9,False,1.0700803321645806e-05,COMPLETE
361,3.886817921738839e-06,2025-07-04 14:14:42.744640,2025-07-04 14:14:55.111031,0 days 00:00:12.366391,identity,32,119,0.00033659823763009135,8,False,1.3464788016649904e-05,COMPLETE
362,6.440996912715491e-06,2025-07-04 14:14:55.111393,2025-07-04 14:15:07.998077,0 days 00:00:12.886684,identity,32,119,0.0003695326646315428,9,False,1.4489556821742875e-05,COMPLETE
363,4.241913302394096e-06,2025-07-04 14:15:07.998440,2025-07-04 14:15:19.850691,0 days 00:00:11.852251,identity,32,102,0.0003336887611184079,8,False,1.598020055282302e-05,COMPLETE
364,3.888432274834486e-06,2025-07-04 14:15:19.851044,2025-07-04 14:15:32.277728,0 days 00:00:12.426684,identity,32,122,0.00035094600690584665,8,False,1.52948872479445e-05,COMPLETE
365,8.66366463014856e-06,2025-07-04 14:15:32.278095,2025-07-04 14:15:44.791207,0 days 00:00:12.513112,identity,32,124,0.0003425207324945585,8,False,1.7236648740798683e-05,COMPLETE
366,4.8687788876122795e-06,2025-07-04 14:15:44.791565,2025-07-04 14:15:57.238539,0 days 00:00:12.446974,identity,32,122,0.0003803819054791505,8,False,1.6041141246464202e-05,COMPLETE
367,7.394241038127802e-06,2025-07-04 14:17:15.054784,2025-07-04 14:17:27.255025,0 days 00:00:12.200241,identity,32,128,0.00033466141730887234,8,False,1.8825583859340002e-05,COMPLETE
368,5.617671831714688e-06,2025-07-04 14:17:27.255390,2025-07-04 14:17:39.812926,0 days 00:00:12.557536,identity,32,125,0.000364295162265245,8,False,1.6315518808027387e-05,COMPLETE
369,4.333582637627842e-06,2025-07-04 14:17:39.813290,2025-07-04 14:17:52.301159,0 days 00:00:12.487869,identity,32,120,0.000324091808662695,8,False,1.5749059257833647e-05,COMPLETE
370,9.189318916469347e-06,2025-07-04 14:21:14.344119,2025-07-04 14:21:22.651089,0 days 00:00:08.306970,identity,64,122,0.0003854365712794521,8,False,1.4694901128982039e-05,COMPLETE
371,4.0285549403051846e-06,2025-07-04 14:21:22.651466,2025-07-04 14:21:35.325528,0 days 00:00:12.674062,identity,32,126,0.00031475646665366744,8,False,1.3596060063675431e-05,COMPLETE
372,6.805259090469917e-06,2025-07-04 14:21:35.325897,2025-07-04 14:21:44.992839,0 days 00:00:09.666942,identity,32,52,0.00033991838734413087,8,False,1.762962487632356e-05,COMPLETE
373,6.99402562531759e-06,2025-07-04 14:21:44.993190,2025-07-04 14:21:57.625478,0 days 00:00:12.632288,identity,32,123,0.0003171182508802295,8,False,1.5123860916356485e-05,COMPLETE
374,4.416784122440731e-06,2025-07-04 14:21:57.625835,2025-07-04 14:22:10.137749,0 days 00:00:12.511914,identity,32,128,0.00035293472657132086,8,False,1.3858716214108698e-05,COMPLETE
375,5.445214810606558e-06,2025-07-04 14:22:10.138117,2025-07-04 14:22:22.723700,0 days 00:00:12.585583,identity,32,119,0.0003883168611980929,8,False,1.5875970754618752e-05,COMPLETE
376,2.9667264243471436e-05,2025-07-04 14:22:34.516066,2025-07-04 14:22:40.879013,0 days 00:00:06.362947,identity,128,124,0.00030915741562410356,8,False,1.3899565459501715e-05,COMPLETE
377,0.03123026341199875,2025-07-04 14:22:40.879392,2025-07-04 14:22:53.307106,0 days 00:00:12.427714,sigmoid,32,121,0.0003470091073079855,8,False,1.4832517911667562e-05,COMPLETE
378,4.485254521569004e-06,2025-07-04 14:22:53.307467,2025-07-04 14:23:05.748288,0 days 00:00:12.440821,identity,32,126,0.000292835537454626,8,False,1.782936461937844e-05,COMPLETE
379,6.234678039618302e-06,2025-07-04 14:23:05.748649,2025-07-04 14:23:20.453128,0 days 00:00:14.704479,identity,32,119,0.00032616351699495377,17,False,1.336415755065326e-05,COMPLETE
380,5.549577053898247e-06,2025-07-04 14:23:20.453504,2025-07-04 14:23:32.859338,0 days 00:00:12.405834,identity,32,124,0.0003873528478272674,8,False,2.1195918556711487e-05,COMPLETE
381,0.0007156523643061519,2025-07-04 14:23:32.859695,2025-07-04 14:23:45.180384,0 days 00:00:12.320689,identity,32,122,0.00030593821150552496,8,False,0.0004262089651354121,COMPLETE
382,5.7154024943884e-06,2025-07-04 14:23:45.180755,2025-07-04 14:23:56.834070,0 days 00:00:11.653315,identity,32,101,0.0003523266667364441,8,False,1.3698863723911969e-05,COMPLETE
383,4.044462457386544e-06,2025-07-04 14:23:56.834430,2025-07-04 14:24:09.296212,0 days 00:00:12.461782,identity,32,126,0.00046540490552262806,8,False,1.5271448056488138e-05,COMPLETE
384,7.317693871300435e-06,2025-07-04 14:24:09.296576,2025-07-04 14:24:21.437185,0 days 00:00:12.140609,identity,32,128,0.0004242412548187303,8,False,1.3105380323373935e-05,COMPLETE
385,6.31734019407304e-06,2025-07-04 14:24:21.437565,2025-07-04 14:24:33.895867,0 days 00:00:12.458302,identity,32,126,0.00047181756640577073,8,False,1.931250159436856e-05,COMPLETE
386,4.294457994546974e-06,2025-07-04 14:24:33.896219,2025-07-04 14:24:46.372450,0 days 00:00:12.476231,identity,32,125,0.000459702711900938,8,False,1.4616287356596753e-05,COMPLETE
387,6.171003406052478e-06,2025-07-04 14:25:38.543076,2025-07-04 14:25:50.850505,0 days 00:00:12.307429,identity,32,122,0.00039617977927166106,8,False,1.2872188668504244e-05,COMPLETE
388,4.4265516407904215e-06,2025-07-04 14:25:50.850857,2025-07-04 14:26:03.315768,0 days 00:00:12.464911,identity,32,126,0.00028669613107065235,8,False,1.2730037916067269e-05,COMPLETE
389,6.999449851718964e-06,2025-07-04 14:26:03.316130,2025-07-04 14:26:15.451068,0 days 00:00:12.134938,identity,32,128,0.00036902233226526477,8,False,1.4593869248687755e-05,COMPLETE
390,1.0409696187707596e-05,2025-07-04 14:26:15.451427,2025-07-04 14:26:27.924879,0 days 00:00:12.473452,identity,32,124,0.0005406326761214816,8,False,1.6195859163499043e-05,COMPLETE
391,3.057541107409634e-05,2025-07-04 14:26:27.925240,2025-07-04 14:26:40.120928,0 days 00:00:12.195688,identity,32,120,0.00028511546202461796,8,False,8.135075839322069e-05,COMPLETE
392,5.924197921558516e-06,2025-07-04 14:26:40.121277,2025-07-04 14:26:52.385464,0 days 00:00:12.264187,identity,32,118,0.0003143388173724562,8,False,1.2428343442212627e-05,COMPLETE
393,1.426207472832175e-05,2025-07-04 14:26:52.385807,2025-07-04 14:27:01.226738,0 days 00:00:08.840931,identity,64,123,0.00041220307761302775,10,False,1.3240064660514207e-05,COMPLETE
394,5.548763510887511e-06,2025-07-04 14:27:01.227113,2025-07-04 14:27:13.951404,0 days 00:00:12.724291,identity,32,121,0.00027046179794318825,9,False,1.5127973682915087e-05,COMPLETE
395,4.142009402130498e-06,2025-07-04 14:27:13.951769,2025-07-04 14:27:26.831129,0 days 00:00:12.879360,identity,32,126,0.0003606839134013211,9,False,1.7261981345004708e-05,COMPLETE
396,7.244043899845565e-06,2025-07-04 14:27:26.831485,2025-07-04 14:27:39.077677,0 days 00:00:12.246192,identity,32,128,0.0003759286712088873,8,False,3.4392831889150195e-05,COMPLETE
397,4.761043328471715e-06,2025-07-04 14:27:39.078050,2025-07-04 14:27:51.976571,0 days 00:00:12.898521,identity,32,126,0.00035495385566168184,9,False,1.6395137012102166e-05,COMPLETE
398,7.959132744872477e-06,2025-07-04 14:27:51.976942,2025-07-04 14:28:04.493964,0 days 00:00:12.517022,identity,32,125,0.00043152441084964567,8,False,1.4407043440683653e-05,COMPLETE
399,0.031239189207553864,2025-07-04 14:28:04.494327,2025-07-04 14:28:17.505910,0 days 00:00:13.011583,sigmoid,32,124,0.0003247801763997885,9,False,1.7646025107713506e-05,COMPLETE
400,0.00016606529243290424,2025-07-04 14:30:06.129185,2025-07-04 14:30:10.012433,0 days 00:00:03.883248,identity,128,46,0.00036232767604412304,8,False,1.7578907174476815e-05,COMPLETE
401,7.776875463605393e-06,2025-07-04 14:30:10.012804,2025-07-04 14:30:22.624837,0 days 00:00:12.612033,identity,32,128,0.0003070215713423236,9,False,4.133974237596417e-05,COMPLETE
402,4.0179293137043715e-06,2025-07-04 14:30:22.625195,2025-07-04 14:30:35.030014,0 days 00:00:12.404819,identity,32,126,0.00040401071022533704,8,False,1.3935157886612074e-05,COMPLETE
403,7.997508873813786e-06,2025-07-04 14:30:35.030374,2025-07-04 14:30:47.444281,0 days 00:00:12.413907,identity,32,126,0.0005048815249313629,8,False,1.5599335323613346e-05,COMPLETE
404,3.9904248296807054e-06,2025-07-04 14:30:47.444647,2025-07-04 14:30:59.860719,0 days 00:00:12.416072,identity,32,126,0.0004212823315991286,8,False,1.9713377938925153e-05,COMPLETE
405,7.2835623541323e-06,2025-07-04 14:30:59.861089,2025-07-04 14:31:11.971301,0 days 00:00:12.110212,identity,32,128,0.00046067999806462934,8,False,3.07025622642045e-05,COMPLETE
406,1.324809818470385e-05,2025-07-04 14:31:11.971669,2025-07-04 14:31:21.045871,0 days 00:00:09.074202,identity,32,25,0.00040302845319282197,8,False,1.878601631442621e-05,COMPLETE
407,4.012427780253347e-06,2025-07-04 14:31:21.046221,2025-07-04 14:31:33.473703,0 days 00:00:12.427482,identity,32,126,0.000445071516105864,8,False,2.3490887994489237e-05,COMPLETE
408,1.4641150301031303e-05,2025-07-04 14:31:33.474064,2025-07-04 14:31:45.945215,0 days 00:00:12.471151,identity,32,125,0.000467887611557807,8,False,2.4168167576431037e-05,COMPLETE
409,1.1927228115382604e-05,2025-07-04 14:31:45.945590,2025-07-04 14:31:58.332317,0 days 00:00:12.386727,identity,32,124,0.0004416544806498705,8,False,1.8501360271480442e-05,COMPLETE
410,3.9638653106521815e-06,2025-07-04 14:31:58.332691,2025-07-04 14:32:10.777030,0 days 00:00:12.444339,identity,32,126,0.0005239932541629883,8,False,2.013787624638586e-05,COMPLETE
411,1.0957565791613888e-05,2025-07-04 14:32:10.777409,2025-07-04 14:32:23.234254,0 days 00:00:12.456845,identity,32,125,0.00047701963200120785,8,False,1.9867632571092714e-05,COMPLETE
412,1.3210627912485506e-05,2025-07-04 14:32:23.234626,2025-07-04 14:32:35.673747,0 days 00:00:12.439121,identity,32,126,0.0005448063542461329,8,False,2.1527566503814e-05,COMPLETE
413,3.9296478462347295e-06,2025-07-04 14:32:35.674109,2025-07-04 14:32:47.816041,0 days 00:00:12.141932,identity,32,128,0.00052670725035107,8,False,2.2715465939363744e-05,COMPLETE
414,1.025735582516063e-05,2025-07-04 14:32:47.816411,2025-07-04 14:32:59.952906,0 days 00:00:12.136495,identity,32,128,0.0005798370223848384,8,False,2.0023023872176474e-05,COMPLETE
415,6.196810772962635e-06,2025-07-04 14:32:59.953269,2025-07-04 14:33:12.097989,0 days 00:00:12.144720,identity,32,128,0.0005378182943699339,8,False,2.237630450537772e-05,COMPLETE
416,3.987318905274151e-06,2025-07-04 14:33:12.098358,2025-07-04 14:33:24.475860,0 days 00:00:12.377502,identity,32,123,0.0005214526375149813,8,False,2.6010862903124226e-05,COMPLETE
417,4.966124834027141e-06,2025-07-04 14:33:24.476223,2025-07-04 14:33:36.838951,0 days 00:00:12.362728,identity,32,123,0.0006155540943683884,8,False,2.5149610302609396e-05,COMPLETE
418,4.361364517535549e-06,2025-07-04 14:33:36.839315,2025-07-04 14:33:45.054239,0 days 00:00:08.214924,identity,64,126,0.0005137785274476466,8,False,2.322402184694923e-05,COMPLETE
419,1.1415690096328035e-05,2025-07-04 14:33:45.054613,2025-07-04 14:33:57.467236,0 days 00:00:12.412623,identity,32,123,0.0005769851117421343,8,False,2.6735966279612664e-05,COMPLETE
420,4.15663089370355e-06,2025-07-04 14:33:57.467603,2025-07-04 14:34:09.806500,0 days 00:00:12.338897,identity,32,122,0.00048210160161114884,8,False,2.4429039072378592e-05,COMPLETE
421,4.798120244231541e-06,2025-07-04 14:34:09.806859,2025-07-04 14:34:22.302021,0 days 00:00:12.495162,identity,32,126,0.0005014139231783745,8,False,2.1458300422526442e-05,COMPLETE
422,5.977944510959787e-06,2025-07-04 14:34:22.302396,2025-07-04 14:34:34.555974,0 days 00:00:12.253578,identity,32,128,0.0005145907163853911,8,False,1.935873842558323e-05,COMPLETE
423,0.03164474666118622,2025-07-04 14:34:34.556339,2025-07-04 14:34:47.075564,0 days 00:00:12.519225,sigmoid,32,123,0.0006129892142906836,8,False,2.2509021001548313e-05,COMPLETE
424,1.3176188986108173e-05,2025-07-04 14:34:47.075937,2025-07-04 14:34:59.576927,0 days 00:00:12.500990,identity,32,126,0.0004636437913533741,8,False,2.5691380210735097e-05,COMPLETE
425,4.961427293892484e-06,2025-07-04 14:34:59.577301,2025-07-04 14:35:11.919441,0 days 00:00:12.342140,identity,32,121,0.0004264828361074539,8,False,2.0183122672242647e-05,COMPLETE
426,5.855970812262967e-06,2025-07-04 14:35:11.919807,2025-07-04 14:35:24.770416,0 days 00:00:12.850609,identity,32,124,0.0005511910258864424,9,False,2.226680448054532e-05,COMPLETE
427,2.3568833057652228e-05,2025-07-04 14:35:24.770793,2025-07-04 14:35:31.092086,0 days 00:00:06.321293,identity,128,122,0.00044465383921262467,8,False,2.8866768112165535e-05,COMPLETE
428,5.5243352107936516e-05,2025-07-04 14:35:31.092491,2025-07-04 14:35:47.225822,0 days 00:00:16.133331,identity,32,126,0.0006626866817883132,20,False,2.1159922837308478e-05,COMPLETE
429,1.1279418686171994e-05,2025-07-04 14:35:47.226213,2025-07-04 14:35:59.444638,0 days 00:00:12.218425,identity,32,128,0.00041543531012408355,8,False,1.783779453738738e-05,COMPLETE
430,5.195551693759626e-06,2025-07-04 14:35:59.445024,2025-07-04 14:36:12.302245,0 days 00:00:12.857221,identity,32,124,0.000516486043598509,9,False,2.693623835268507e-05,COMPLETE
431,4.003791673312662e-06,2025-07-04 14:36:12.302611,2025-07-04 14:36:24.546341,0 days 00:00:12.243730,identity,32,120,0.00045646176642399953,8,False,2.015657755137558e-05,COMPLETE
432,1.0482108336873353e-05,2025-07-04 14:36:24.546713,2025-07-04 14:36:36.778511,0 days 00:00:12.231798,identity,32,120,0.0004710317199256261,8,False,2.544956527897876e-05,COMPLETE
433,6.517420843010768e-06,2025-07-04 14:36:36.778879,2025-07-04 14:36:48.997465,0 days 00:00:12.218586,identity,32,120,0.0005520066857886801,8,False,2.3373169610528802e-05,COMPLETE
434,6.221730018296512e-06,2025-07-04 14:36:48.997839,2025-07-04 14:37:01.371847,0 days 00:00:12.374008,identity,32,119,0.000483671124798437,8,False,2.0846589409979408e-05,COMPLETE
435,1.1458057088020723e-05,2025-07-04 14:37:01.372212,2025-07-04 14:37:13.741207,0 days 00:00:12.368995,identity,32,122,0.0004321928908579007,8,False,1.9126478218978915e-05,COMPLETE
436,1.2597825843840837e-05,2025-07-04 14:37:13.741576,2025-07-04 14:37:26.099813,0 days 00:00:12.358237,identity,32,122,0.0005976509747616735,8,False,2.3835936791644204e-05,COMPLETE
437,1.3848986782249995e-05,2025-07-04 14:37:26.100203,2025-07-04 14:37:38.363837,0 days 00:00:12.263634,identity,32,118,0.00044947701044035864,8,False,2.0420495866141226e-05,COMPLETE
438,6.098039648350095e-06,2025-07-04 14:37:38.364207,2025-07-04 14:37:50.705420,0 days 00:00:12.341213,identity,32,124,0.0004039651048745802,8,False,3.051455083644455e-05,COMPLETE
439,1.236653497471707e-05,2025-07-04 14:37:50.705802,2025-07-04 14:38:03.062870,0 days 00:00:12.357068,identity,32,121,0.0004864300888233949,8,False,1.7333569518333245e-05,COMPLETE
440,6.168363142933231e-06,2025-07-04 14:38:03.063240,2025-07-04 14:38:15.382817,0 days 00:00:12.319577,identity,32,124,0.0004017001005967691,8,False,2.3602755608572506e-05,COMPLETE
441,4.633205662685214e-06,2025-07-04 14:38:15.383195,2025-07-04 14:38:27.638676,0 days 00:00:12.255481,identity,32,118,0.0004417592320749097,8,False,2.0004323853790482e-05,COMPLETE
442,2.7443005819804966e-05,2025-07-04 14:38:27.639046,2025-07-04 14:38:35.824424,0 days 00:00:08.185378,identity,64,121,0.0005230938507502304,8,False,7.394574056378737e-05,COMPLETE
443,4.878906565863872e-06,2025-07-04 14:38:35.824802,2025-07-04 14:38:48.319601,0 days 00:00:12.494799,identity,32,126,0.0005240709465052326,8,False,1.645287568521094e-05,COMPLETE
444,0.0341237336397171,2025-07-04 14:38:48.319975,2025-07-04 14:39:00.758966,0 days 00:00:12.438991,sigmoid,32,128,0.000674653840408584,8,False,9.124576805538737e-05,COMPLETE
445,9.34164290811168e-06,2025-07-04 14:39:00.759357,2025-07-04 14:39:13.728771,0 days 00:00:12.969414,identity,32,123,0.00046370712032490303,9,False,2.71535880762825e-05,COMPLETE
446,5.4129973250383046e-06,2025-07-04 14:39:13.729137,2025-07-04 14:39:26.035664,0 days 00:00:12.306527,identity,32,120,0.0003864142764717426,8,False,2.2124662482777143e-05,COMPLETE
447,5.783502729173051e-06,2025-07-04 14:39:26.036041,2025-07-04 14:39:38.597044,0 days 00:00:12.561003,identity,32,125,0.00040436666411080294,8,False,1.67650686996182e-05,COMPLETE
448,7.353474757110234e-06,2025-07-04 14:39:38.597419,2025-07-04 14:39:52.015911,0 days 00:00:13.418492,identity,32,117,0.00041375636903577084,11,False,1.4139224824726642e-05,COMPLETE
449,4.29731335316319e-06,2025-07-04 14:39:52.016287,2025-07-04 14:40:04.992891,0 days 00:00:12.976604,identity,32,123,0.0003404409521333704,9,False,1.528578168221422e-05,COMPLETE
450,2.4998073058668524e-05,2025-07-04 14:40:04.993290,2025-07-04 14:40:11.347636,0 days 00:00:06.354346,identity,128,126,0.000372390553009483,8,False,1.8939411870229985e-05,COMPLETE
451,9.719604349811561e-06,2025-07-04 14:40:11.348034,2025-07-04 14:40:24.033517,0 days 00:00:12.685483,identity,32,120,0.006225183752758427,9,False,2.305867843961179e-05,COMPLETE
452,7.997427019290626e-06,2025-07-04 14:40:24.033896,2025-07-04 14:40:36.322319,0 days 00:00:12.288423,identity,32,128,0.0005764993893083735,8,False,1.8084455095218165e-05,COMPLETE
453,8.338964107679203e-06,2025-07-04 14:40:36.322700,2025-07-04 14:40:49.283767,0 days 00:00:12.961067,identity,32,123,0.0003263085055328002,9,False,1.375615961511373e-05,COMPLETE
454,5.777255410066573e-06,2025-07-04 14:40:49.284147,2025-07-04 14:41:01.916801,0 days 00:00:12.632654,identity,32,125,0.00043099170086327565,8,False,2.0555182094527156e-05,COMPLETE
455,8.298281500174198e-06,2025-07-04 14:41:01.917188,2025-07-04 14:41:14.558798,0 days 00:00:12.641610,identity,32,118,0.0003832313697964519,9,False,4.8831750767403684e-05,COMPLETE
456,4.974910552846268e-06,2025-07-04 14:41:14.559173,2025-07-04 14:41:26.982850,0 days 00:00:12.423677,identity,32,121,0.0004894907818706544,8,False,3.775132951908129e-05,COMPLETE
457,6.003048383718124e-06,2025-07-04 14:41:26.983236,2025-07-04 14:41:39.540520,0 days 00:00:12.557284,identity,32,124,0.0003033036160652884,8,False,1.583686780327095e-05,COMPLETE
458,4.500599516177317e-06,2025-07-04 14:41:39.540913,2025-07-04 14:41:52.667055,0 days 00:00:13.126142,identity,32,128,0.00032644339237951575,10,False,1.3471230684667356e-05,COMPLETE
459,7.933345477795228e-05,2025-07-04 14:41:52.667433,2025-07-04 14:42:05.440319,0 days 00:00:12.772886,identity,32,122,0.0002946911651135377,9,False,0.00014282771283535782,COMPLETE
460,5.069929557066644e-06,2025-07-04 14:42:05.440695,2025-07-04 14:42:18.001690,0 days 00:00:12.560995,identity,32,125,0.0003533247989246759,8,False,2.4988910758709147e-05,COMPLETE
461,1.0428316272736993e-05,2025-07-04 14:42:18.002075,2025-07-04 14:42:30.648438,0 days 00:00:12.646363,identity,32,120,0.00043408822137399076,9,False,1.4375212994175777e-05,COMPLETE
462,4.484803866944276e-06,2025-07-04 14:42:30.648833,2025-07-04 14:42:42.858171,0 days 00:00:12.209338,identity,32,118,0.0003905237943184163,8,False,1.7042588227336212e-05,COMPLETE
463,4.604929472407093e-06,2025-07-04 14:42:42.858547,2025-07-04 14:42:55.346313,0 days 00:00:12.487766,identity,32,126,0.0003299870434723227,8,False,1.3170546803719851e-05,COMPLETE
464,0.030819643288850784,2025-07-04 14:42:55.346711,2025-07-04 14:43:08.309746,0 days 00:00:12.963035,sigmoid,32,123,0.0005364019330432331,9,False,1.5400360299443677e-05,COMPLETE
465,1.2083243746019434e-05,2025-07-04 14:43:08.310129,2025-07-04 14:43:16.471072,0 days 00:00:08.160943,identity,64,121,0.00029774904389408686,8,False,5.4690062089588895e-05,COMPLETE
466,8.104371772788e-06,2025-07-04 14:43:16.471458,2025-07-04 14:43:26.467494,0 days 00:00:09.996036,identity,32,60,0.0003677253082562114,8,False,1.8531999290261036e-05,COMPLETE
467,9.898317330225836e-06,2025-07-04 14:43:26.467866,2025-07-04 14:43:39.114195,0 days 00:00:12.646329,identity,32,128,0.0004598942469810819,9,False,2.8412149761461782e-05,COMPLETE
468,3.5626464523375034e-05,2025-07-04 14:43:39.114584,2025-07-04 14:43:51.235548,0 days 00:00:12.120964,identity,32,116,0.00032596739546757474,8,False,0.00010559512029991019,COMPLETE
469,6.091404429753311e-06,2025-07-04 14:43:51.235929,2025-07-04 14:44:11.636321,0 days 00:00:20.400392,identity,16,124,0.0004058668352125854,9,False,2.1280403535661303e-05,COMPLETE
470,6.213794222276192e-06,2025-07-04 14:44:11.636706,2025-07-04 14:44:24.925815,0 days 00:00:13.289109,identity,32,126,0.0002846565452193129,10,False,1.2767545595877718e-05,COMPLETE
471,6.040697371645365e-06,2025-07-04 14:44:24.926202,2025-07-04 14:44:37.189462,0 days 00:00:12.263260,identity,32,119,0.00034911968176750443,8,False,1.4447540281902519e-05,COMPLETE
472,6.138778189779259e-06,2025-07-04 14:44:37.189847,2025-07-04 14:44:50.027033,0 days 00:00:12.837186,identity,32,122,0.000492059891781097,9,False,1.2312938775232012e-05,COMPLETE
473,6.397061042662244e-06,2025-07-04 14:44:50.027424,2025-07-04 14:45:02.428061,0 days 00:00:12.400637,identity,32,124,0.00030765478827184025,8,False,1.6500236972424327e-05,COMPLETE
474,0.02702670730650425,2025-07-04 14:45:02.428447,2025-07-04 14:45:05.754093,0 days 00:00:03.325646,identity,128,11,0.00038273745001342173,8,False,1.3487968370275377e-05,COMPLETE
475,5.127656550030224e-06,2025-07-04 14:45:05.754447,2025-07-04 14:45:18.648016,0 days 00:00:12.893569,identity,32,126,0.00044811285288161925,9,False,3.3063540571790766e-05,COMPLETE
476,6.963181931496365e-06,2025-07-04 14:45:18.648388,2025-07-04 14:45:30.977820,0 days 00:00:12.329432,identity,32,121,0.0006345328158848323,8,False,1.530509558795074e-05,COMPLETE
477,5.354033419280313e-06,2025-07-04 14:45:30.978206,2025-07-04 14:45:43.560750,0 days 00:00:12.582544,identity,32,117,0.0005692634557889386,9,False,1.913897930416975e-05,COMPLETE
478,4.698675638792338e-06,2025-07-04 14:45:43.561132,2025-07-04 14:45:55.801903,0 days 00:00:12.240771,identity,32,128,0.0002833285719027699,8,False,1.2319730489751975e-05,COMPLETE
479,9.041658813657705e-06,2025-07-04 14:45:55.802291,2025-07-04 14:46:08.295534,0 days 00:00:12.493243,identity,32,123,0.0003329225541859866,8,False,6.055982811114462e-05,COMPLETE
480,7.524956345150713e-06,2025-07-04 14:46:08.295919,2025-07-04 14:46:21.013506,0 days 00:00:12.717587,identity,32,119,0.0007156862692346595,9,False,1.3861708347893142e-05,COMPLETE
481,5.3149192353885155e-06,2025-07-04 14:46:21.013891,2025-07-04 14:46:34.322439,0 days 00:00:13.308548,identity,32,125,0.0003652965327147794,10,False,2.551185147097092e-05,COMPLETE
482,4.621419066097587e-06,2025-07-04 14:46:34.322825,2025-07-04 14:46:46.667154,0 days 00:00:12.344329,identity,32,122,0.0004188407842436528,8,False,1.245207435585841e-05,COMPLETE
483,1.1704431017278694e-05,2025-07-04 14:46:46.667539,2025-07-04 14:46:59.636640,0 days 00:00:12.969101,identity,32,125,0.0005098200138951771,9,False,1.5022256345047819e-05,COMPLETE
484,5.702626822312595e-06,2025-07-04 14:46:59.637038,2025-07-04 14:47:11.869278,0 days 00:00:12.232240,identity,32,120,0.00027205871801181357,8,False,4.4683973478100524e-05,COMPLETE
485,0.03157290071249008,2025-07-04 14:47:11.869672,2025-07-04 14:47:24.211177,0 days 00:00:12.341505,sigmoid,32,128,0.00031797314578550047,8,False,2.0407046288699364e-05,COMPLETE
486,4.99407678944408e-06,2025-07-04 14:47:24.211572,2025-07-04 14:47:37.181617,0 days 00:00:12.970045,identity,32,123,0.0002970318952257686,9,False,2.3238614335855685e-05,COMPLETE
487,4.185385023447452e-06,2025-07-04 14:47:37.182023,2025-07-04 14:47:49.718784,0 days 00:00:12.536761,identity,32,126,0.0002529884680657022,8,False,1.711949863835903e-05,COMPLETE
488,4.655290922528366e-06,2025-07-04 14:47:49.719172,2025-07-04 14:48:02.689115,0 days 00:00:12.969943,identity,32,117,0.00039968430741179223,10,False,1.3602566859173255e-05,COMPLETE
489,1.3146940545993857e-05,2025-07-04 14:48:02.689511,2025-07-04 14:48:11.170763,0 days 00:00:08.481252,identity,64,121,0.0003498715870180381,9,False,1.1911773744801023e-05,COMPLETE
490,3.876186383422464e-06,2025-07-04 14:48:11.171172,2025-07-04 14:48:23.600644,0 days 00:00:12.429472,identity,32,124,0.0004687517997121446,8,False,1.546051207574434e-05,COMPLETE
491,6.276301519392291e-06,2025-07-04 14:48:23.601035,2025-07-04 14:48:36.163249,0 days 00:00:12.562214,identity,32,126,0.000486939327672961,8,False,1.5420592503458492e-05,COMPLETE
492,1.1490983524709009e-05,2025-07-04 14:48:36.163647,2025-07-04 14:48:48.437213,0 days 00:00:12.273566,identity,32,128,0.00045040579599204774,8,False,1.7622684080869477e-05,COMPLETE
493,1.0463196304044686e-05,2025-07-04 14:48:48.437605,2025-07-04 14:49:00.969024,0 days 00:00:12.531419,identity,32,123,0.0020354509120959763,8,False,1.610191047978765e-05,COMPLETE
494,5.442257588583743e-06,2025-07-04 14:49:00.969416,2025-07-04 14:49:21.111354,0 days 00:00:20.141938,identity,16,124,0.000543126603142313,8,False,1.424092981151843e-05,COMPLETE
495,5.450145181384869e-06,2025-07-04 14:49:21.111747,2025-07-04 14:49:33.644823,0 days 00:00:12.533076,identity,32,126,0.00045929332009671736,8,False,1.876498299733779e-05,COMPLETE
496,4.995737072022166e-06,2025-07-04 14:49:33.645216,2025-07-04 14:49:45.979410,0 days 00:00:12.334194,identity,32,119,0.0005087488084342353,8,False,1.6469294325389962e-05,COMPLETE
497,4.4253060877963435e-06,2025-07-04 14:49:45.979798,2025-07-04 14:49:58.130710,0 days 00:00:12.150912,identity,32,114,0.0004169017805919502,8,False,1.4724458435332163e-05,COMPLETE
498,4.846442152484087e-06,2025-07-04 14:49:58.131098,2025-07-04 14:50:10.616070,0 days 00:00:12.484972,identity,32,124,0.0003775609226512938,8,False,2.1855816085244514e-05,COMPLETE
499,3.5249067877884954e-05,2025-07-04 14:50:10.616466,2025-07-04 14:50:16.202915,0 days 00:00:05.586449,identity,128,98,0.0005789095152253045,8,False,1.3052340911558482e-05,COMPLETE
