number,value,datetime_start,datetime_complete,duration,params_activation,params_batch_size,params_lr,params_num_layers,params_shuffle,params_size_layers,params_weight_decay,state
0,7.3675009844009764e-06,2025-07-01 21:09:31.010589,2025-07-01 21:09:35.716320,0 days 00:00:04.705731,relu,32,0.0066775132862813774,1,True,63,3.149027863624704e-05,COMPLETE
1,8.875619641912635e-06,2025-07-01 21:09:35.716908,2025-07-01 21:09:41.449141,0 days 00:00:05.732233,identity,32,0.0018867938346372852,2,True,105,8.185541353069843e-05,COMPLETE
2,0.0003700019733514637,2025-07-01 21:09:41.449462,2025-07-01 21:09:43.845356,0 days 00:00:02.395894,relu,64,0.0007411913328443019,1,False,65,0.0008939087573982467,COMPLETE
3,0.0008902845438569784,2025-07-01 21:09:43.845641,2025-07-01 21:09:47.256667,0 days 00:00:03.411026,relu,64,0.00026442185580222936,2,True,15,0.00018246354875453566,COMPLETE
4,0.5672297477722168,2025-07-01 21:09:47.256997,2025-07-01 21:09:51.771899,0 days 00:00:04.514902,relu,64,0.0002885062277282522,4,False,43,0.0003657661288995327,COMPLETE
5,0.04685771465301514,2025-07-01 21:09:51.772212,2025-07-01 21:09:54.060725,0 days 00:00:02.288513,sigmoid,128,0.00409248741652383,2,False,49,9.197885308804737e-05,COMPLETE
6,0.003694000653922558,2025-07-01 21:09:54.061040,2025-07-01 21:09:57.608431,0 days 00:00:03.547391,relu,64,0.0007634856443082573,2,True,70,1.6592438052169763e-05,COMPLETE
7,1.5125641766644549e-05,2025-07-01 21:09:57.608753,2025-07-01 21:10:00.388953,0 days 00:00:02.780200,identity,128,0.0017396681944583858,4,True,52,1.4572857245628197e-05,COMPLETE
8,0.0008416346972808242,2025-07-01 21:10:00.389263,2025-07-01 21:10:10.248814,0 days 00:00:09.859551,relu,16,0.008433484236349546,2,False,42,0.0002893505692151346,COMPLETE
9,5.1936945055786055e-06,2025-07-01 21:10:10.249133,2025-07-01 21:10:12.558581,0 days 00:00:02.309448,identity,64,0.0021852681283949403,1,False,123,4.6999222740457916e-05,COMPLETE
10,8.991482172859833e-05,2025-07-01 21:10:12.558857,2025-07-01 21:10:24.518060,0 days 00:00:11.959203,identity,16,0.0001068229696426708,3,False,128,3.9678232799074236e-05,COMPLETE
11,0.04708673804998398,2025-07-01 21:10:24.518599,2025-07-01 21:10:28.497753,0 days 00:00:03.979154,sigmoid,32,0.008637560056343346,1,True,92,3.679753942516152e-05,COMPLETE
12,6.8774738792853896e-06,2025-07-01 21:10:28.498040,2025-07-01 21:10:32.301229,0 days 00:00:03.803189,identity,32,0.0035286169609790217,1,True,92,3.222933948727297e-05,COMPLETE
13,4.188443563180044e-05,2025-07-01 21:10:32.301521,2025-07-01 21:10:36.104838,0 days 00:00:03.803317,identity,32,0.002628828481217253,1,False,125,5.5771711480243066e-05,COMPLETE
14,4.8625548515701666e-05,2025-07-01 21:10:36.105120,2025-07-01 21:10:40.144864,0 days 00:00:04.039744,identity,64,0.003780040592357012,3,True,99,1.1252761239743596e-05,COMPLETE
15,1.4498775271931663e-05,2025-07-01 21:10:40.145169,2025-07-01 21:10:43.945649,0 days 00:00:03.800480,identity,32,0.0011715651095761084,1,False,112,2.505055176865192e-05,COMPLETE
16,6.0863953876832966e-06,2025-07-01 21:10:43.945923,2025-07-01 21:10:45.519486,0 days 00:00:01.573563,identity,128,0.004351321901175588,1,False,83,0.0001597680543465294,COMPLETE
17,5.973802672087913e-06,2025-07-01 21:10:45.519768,2025-07-01 21:10:48.077700,0 days 00:00:02.557932,identity,128,0.001406923472731127,3,False,80,0.00018470847464687262,COMPLETE
18,0.5772202014923096,2025-07-01 21:10:48.078013,2025-07-01 21:10:50.628421,0 days 00:00:02.550408,sigmoid,128,0.00045093473750881184,3,False,22,0.0006620073234443887,COMPLETE
19,5.633791715808911e-06,2025-07-01 21:10:50.628734,2025-07-01 21:10:53.322815,0 days 00:00:02.694081,identity,128,0.001206498092044079,3,False,113,0.0001568277541699668,COMPLETE
20,8.421895472565666e-06,2025-07-01 21:10:53.323125,2025-07-01 21:11:07.437848,0 days 00:00:14.114723,identity,16,0.0005360071777795526,4,False,119,7.021485909104174e-05,COMPLETE
21,5.529418558580801e-06,2025-07-01 21:11:07.438167,2025-07-01 21:11:10.132230,0 days 00:00:02.694063,identity,128,0.0013313000820627501,3,False,110,0.0001493037901457108,COMPLETE
22,5.703125225409167e-06,2025-07-01 21:11:10.132772,2025-07-01 21:11:12.810257,0 days 00:00:02.677485,identity,128,0.0023231480044501747,3,False,110,0.0001303689918835477,COMPLETE
23,6.53517099635792e-06,2025-07-01 21:11:12.810576,2025-07-01 21:11:15.520092,0 days 00:00:02.709516,identity,128,0.0009791202321954597,3,False,117,0.00031963903881873147,COMPLETE
24,5.196214260649867e-06,2025-07-01 21:11:15.520402,2025-07-01 21:11:18.529640,0 days 00:00:03.009238,identity,128,0.001135141505216187,4,False,104,5.5061992016090394e-05,COMPLETE
25,0.5625057220458984,2025-07-01 21:11:18.529951,2025-07-01 21:11:23.370395,0 days 00:00:04.840444,sigmoid,64,0.002733254021873274,4,False,100,5.223749941361527e-05,COMPLETE
26,5.387030341807986e-06,2025-07-01 21:11:23.370715,2025-07-01 21:11:26.447321,0 days 00:00:03.076606,identity,128,0.0008365487582612344,4,False,128,0.00010471815509299824,COMPLETE
27,5.1614756557682995e-06,2025-07-01 21:11:26.447639,2025-07-01 21:11:29.594721,0 days 00:00:03.147082,identity,128,0.000558311000202548,4,False,123,5.9492110460739045e-05,COMPLETE
28,4.781143616128247e-06,2025-07-01 21:11:29.595036,2025-07-01 21:11:34.316657,0 days 00:00:04.721621,identity,64,0.00045848347522255026,4,False,121,2.4329413760912377e-05,COMPLETE
29,0.06472413241863251,2025-07-01 21:11:34.316992,2025-07-01 21:11:39.285836,0 days 00:00:04.968844,sigmoid,64,0.0002594554234724782,4,False,120,2.0981808493680043e-05,COMPLETE
30,5.252445589576382e-06,2025-07-01 21:11:39.286153,2025-07-01 21:11:43.798179,0 days 00:00:04.512026,identity,64,0.0001454322930580337,4,False,92,2.6664723727291913e-05,COMPLETE
31,5.499385224538855e-06,2025-07-01 21:11:43.798489,2025-07-01 21:11:48.519400,0 days 00:00:04.720911,identity,64,0.0005042873355427797,4,False,121,5.156118605058247e-05,COMPLETE
32,5.560394583881134e-06,2025-07-01 21:11:48.519709,2025-07-01 21:11:53.229332,0 days 00:00:04.709623,identity,64,0.0004075192147170507,4,False,103,4.336500816765545e-05,COMPLETE
33,5.591855369857512e-06,2025-07-01 21:11:53.229646,2025-07-01 21:11:57.977263,0 days 00:00:04.747617,identity,64,0.000664580857430991,4,False,105,6.788921461920317e-05,COMPLETE
34,7.896342140156776e-06,2025-07-01 21:11:57.977580,2025-07-01 21:12:11.878542,0 days 00:00:13.900962,identity,16,0.00037411880960947955,4,False,117,1.9996769000629782e-05,COMPLETE
35,0.008047627285122871,2025-07-01 21:12:11.878860,2025-07-01 21:12:16.586886,0 days 00:00:04.708026,relu,64,0.0001759484300291222,4,False,83,6.177173435156808e-05,COMPLETE
36,5.219909144216217e-05,2025-07-01 21:12:16.587204,2025-07-01 21:12:18.916165,0 days 00:00:02.328961,identity,128,0.0018352207782990914,2,False,108,2.9194436198709638e-05,COMPLETE
37,5.777576461696299e-06,2025-07-01 21:12:18.916484,2025-07-01 21:12:23.714790,0 days 00:00:04.798306,identity,64,0.0005752178664824192,4,False,123,8.594187527839136e-05,COMPLETE
38,0.00025041395565494895,2025-07-01 21:12:23.715110,2025-07-01 21:12:26.166118,0 days 00:00:02.451008,relu,128,0.005624983369616408,2,True,73,1.029935191175985e-05,COMPLETE
39,5.9816843531734776e-06,2025-07-01 21:12:26.166444,2025-07-01 21:12:30.147357,0 days 00:00:03.980913,identity,64,0.0008699854667225378,3,False,97,0.00010653378570004874,COMPLETE
40,0.00012734762276522815,2025-07-01 21:12:30.147678,2025-07-01 21:12:33.382366,0 days 00:00:03.234688,relu,128,0.00032825658026746003,4,True,113,1.4950860826020364e-05,COMPLETE
41,4.260214154783171e-06,2025-07-01 21:12:33.382674,2025-07-01 21:12:37.947705,0 days 00:00:04.565031,identity,64,0.00011521155289013501,4,False,91,2.4921110592207966e-05,COMPLETE
42,5.414288807514822e-06,2025-07-01 21:12:37.948018,2025-07-01 21:12:42.702866,0 days 00:00:04.754848,identity,64,0.0002170289283202519,4,False,105,4.324135715976401e-05,COMPLETE
43,1.7301565094385296e-05,2025-07-01 21:12:42.703187,2025-07-01 21:12:47.122428,0 days 00:00:04.419241,identity,64,0.00011524725876049226,4,False,59,2.2213037825878106e-05,COMPLETE
44,5.480522759171436e-06,2025-07-01 21:12:47.122752,2025-07-01 21:12:51.830098,0 days 00:00:04.707346,identity,64,0.0006466319221641768,4,False,128,3.365169042897276e-05,COMPLETE
45,0.06162760406732559,2025-07-01 21:12:51.830415,2025-07-01 21:13:06.221745,0 days 00:00:14.391330,sigmoid,16,0.00020741609514290704,4,False,95,4.719405396600379e-05,COMPLETE
46,7.725471732555889e-06,2025-07-01 21:13:06.222064,2025-07-01 21:13:11.817532,0 days 00:00:05.595468,identity,32,0.001706255463179028,2,False,89,1.772583314084416e-05,COMPLETE
47,0.0005187102942727506,2025-07-01 21:13:11.817848,2025-07-01 21:13:16.524318,0 days 00:00:04.706470,identity,64,0.002287483231138512,4,True,116,3.626190484236163e-05,COMPLETE
48,5.48247453480144e-06,2025-07-01 21:13:16.524629,2025-07-01 21:13:20.680814,0 days 00:00:04.156185,identity,64,0.0015070855772573734,3,False,123,1.3167919166611103e-05,COMPLETE
49,0.0006745505379512906,2025-07-01 21:13:20.681133,2025-07-01 21:13:22.315486,0 days 00:00:01.634353,relu,128,0.0010540607300689963,1,False,87,7.639963004944824e-05,COMPLETE
50,5.2821796998614445e-06,2025-07-01 21:13:22.315786,2025-07-01 21:13:26.473556,0 days 00:00:04.157770,identity,64,0.0003109330721076906,4,False,31,2.524447461834238e-05,COMPLETE
51,5.261611931928201e-06,2025-07-01 21:13:26.473880,2025-07-01 21:13:30.970304,0 days 00:00:04.496424,identity,64,0.00014686123056385507,4,False,73,2.8170260127540713e-05,COMPLETE
52,5.3297148951969575e-06,2025-07-01 21:13:30.970639,2025-07-01 21:13:35.679347,0 days 00:00:04.708708,identity,64,0.00013575158868361347,4,False,103,3.542243408134435e-05,COMPLETE
53,5.354530458134832e-06,2025-07-01 21:13:35.679671,2025-07-01 21:13:40.252301,0 days 00:00:04.572630,identity,64,0.0001007858443132642,4,False,94,2.5494935330215382e-05,COMPLETE
54,2.111640242219437e-05,2025-07-01 21:13:40.252619,2025-07-01 21:13:47.107461,0 days 00:00:06.854842,identity,32,0.00015821151678222127,4,False,8,6.191756603576001e-05,COMPLETE
55,4.312373675929848e-06,2025-07-01 21:13:47.107790,2025-07-01 21:13:51.043084,0 days 00:00:03.935294,identity,64,0.00012078723256727461,3,True,77,1.7139923060627045e-05,COMPLETE
56,6.3402126215805765e-06,2025-07-01 21:13:51.043417,2025-07-01 21:14:02.517916,0 days 00:00:11.474499,identity,16,0.00024408034036088318,3,True,75,1.87058134277115e-05,COMPLETE
57,0.0619465596973896,2025-07-01 21:14:02.518234,2025-07-01 21:14:05.253739,0 days 00:00:02.735505,sigmoid,128,0.00012627381666002434,3,True,57,1.3217362642753694e-05,COMPLETE
58,4.997520136384992e-06,2025-07-01 21:14:05.254056,2025-07-01 21:14:07.610378,0 days 00:00:02.356322,identity,64,0.00020210291092352168,1,True,79,1.527877453418225e-05,COMPLETE
59,4.328519025875721e-06,2025-07-01 21:14:07.610675,2025-07-01 21:14:09.969068,0 days 00:00:02.358393,identity,64,0.00018533749965138756,1,True,79,1.5868719352076727e-05,COMPLETE
60,5.443981990538305e-06,2025-07-01 21:14:09.969378,2025-07-01 21:14:12.326419,0 days 00:00:02.357041,identity,64,0.000186284046853517,1,True,66,1.5780356449913722e-05,COMPLETE
61,4.8743499974079896e-06,2025-07-01 21:14:12.326722,2025-07-01 21:14:14.677636,0 days 00:00:02.350914,identity,64,0.00011516276528842256,1,True,78,1.1658695439224685e-05,COMPLETE
62,5.110998245072551e-06,2025-07-01 21:14:14.677930,2025-07-01 21:14:17.034037,0 days 00:00:02.356107,identity,64,0.00011669300080211502,1,True,79,1.1971585783469616e-05,COMPLETE
63,4.939540303894319e-06,2025-07-01 21:14:17.034339,2025-07-01 21:14:19.392472,0 days 00:00:02.358133,identity,64,0.00011545990718484017,1,True,79,1.1902045006941864e-05,COMPLETE
64,5.102144314150792e-06,2025-07-01 21:14:19.392770,2025-07-01 21:14:21.744107,0 days 00:00:02.351337,identity,64,0.0001662281155054787,1,True,70,1.2310117857741984e-05,COMPLETE
65,5.002653324481798e-06,2025-07-01 21:14:21.744412,2025-07-01 21:14:24.096595,0 days 00:00:02.352183,identity,64,0.00020280440928825377,1,True,77,1.0249664583622781e-05,COMPLETE
66,5.120229616295546e-06,2025-07-01 21:14:24.096893,2025-07-01 21:14:26.451558,0 days 00:00:02.354665,identity,64,0.00010319228530893828,1,True,84,1.5971740724978536e-05,COMPLETE
67,4.896210612059804e-06,2025-07-01 21:14:26.451848,2025-07-01 21:14:28.795111,0 days 00:00:02.343263,identity,64,0.0001319807936446922,1,True,62,1.3986775209944237e-05,COMPLETE
68,0.04521184787154198,2025-07-01 21:14:28.795404,2025-07-01 21:14:31.246568,0 days 00:00:02.451164,sigmoid,64,0.00013122249476821553,1,True,61,1.8332703901057484e-05,COMPLETE
69,4.231658294884255e-06,2025-07-01 21:14:31.246867,2025-07-01 21:14:34.559221,0 days 00:00:03.312354,identity,64,0.00012179703645821289,2,True,48,2.140536083203384e-05,COMPLETE
70,6.468028004746884e-06,2025-07-01 21:14:34.559549,2025-07-01 21:14:37.881849,0 days 00:00:03.322300,identity,64,0.00023300162510526065,2,True,50,2.228932639322543e-05,COMPLETE
71,4.9849691095005255e-06,2025-07-01 21:14:37.882177,2025-07-01 21:14:40.225718,0 days 00:00:02.343541,identity,64,0.00011929729384744932,1,True,54,1.4548308281165509e-05,COMPLETE
72,5.115589374327101e-06,2025-07-01 21:14:40.226013,2025-07-01 21:14:42.569583,0 days 00:00:02.343570,identity,64,0.00015571689179790839,1,True,45,1.1290297970072299e-05,COMPLETE
73,5.350965238903882e-06,2025-07-01 21:14:42.569881,2025-07-01 21:14:45.885300,0 days 00:00:03.315419,identity,64,0.00013681191543006262,2,True,36,1.729565904928163e-05,COMPLETE
74,5.1481579248502385e-06,2025-07-01 21:14:45.885620,2025-07-01 21:14:48.227288,0 days 00:00:02.341668,identity,64,0.00010041808310684619,1,True,62,2.0252893566864225e-05,COMPLETE
75,0.0014743300853297114,2025-07-01 21:14:48.227593,2025-07-01 21:14:51.766415,0 days 00:00:03.538822,relu,64,0.00016923994688848422,2,True,68,1.3235471753178298e-05,COMPLETE
76,1.6427720765932463e-05,2025-07-01 21:14:51.766735,2025-07-01 21:14:54.115009,0 days 00:00:02.348274,identity,64,0.0002774496512693701,1,True,65,0.000523612984781426,COMPLETE
77,4.548346623778343e-06,2025-07-01 21:14:54.115312,2025-07-01 21:14:59.762600,0 days 00:00:05.647288,identity,32,0.00011508989306074184,2,True,87,2.2151045859858244e-05,COMPLETE
78,1.0242360076517798e-05,2025-07-01 21:14:59.762933,2025-07-01 21:15:05.379210,0 days 00:00:05.616277,identity,32,0.00013585768326623363,2,True,84,2.2422256404771638e-05,COMPLETE
79,5.20725507158204e-06,2025-07-01 21:15:05.379540,2025-07-01 21:15:11.020753,0 days 00:00:05.641213,identity,32,0.00011164083810392058,2,True,89,3.1327254083082096e-05,COMPLETE
80,9.800250154512469e-06,2025-07-01 21:15:11.021084,2025-07-01 21:15:16.611904,0 days 00:00:05.590820,identity,32,0.00018037020123230348,2,True,71,0.0002228617689457109,COMPLETE
81,1.0014133295044303e-05,2025-07-01 21:15:16.612235,2025-07-01 21:15:20.429089,0 days 00:00:03.816854,identity,32,0.0001220638919602288,1,True,88,1.0068057690617243e-05,COMPLETE
82,5.18088245371473e-06,2025-07-01 21:15:20.429393,2025-07-01 21:15:22.781545,0 days 00:00:02.352152,identity,64,0.00014785290142496147,1,True,81,1.3495501681423663e-05,COMPLETE
83,4.974025614501443e-06,2025-07-01 21:15:22.781843,2025-07-01 21:15:25.134493,0 days 00:00:02.352650,identity,64,0.00011225648787799953,1,True,77,2.3267842157892148e-05,COMPLETE
84,4.223275482218014e-06,2025-07-01 21:15:25.134787,2025-07-01 21:15:34.448703,0 days 00:00:09.313916,identity,16,0.00012655851469735595,2,True,38,1.9323922610659984e-05,COMPLETE
85,5.108650839247275e-06,2025-07-01 21:15:34.449033,2025-07-01 21:15:43.732292,0 days 00:00:09.283259,identity,16,0.00018675159859999282,2,True,38,1.8466722009181885e-05,COMPLETE
86,4.543696832115529e-06,2025-07-01 21:15:43.732622,2025-07-01 21:15:53.109167,0 days 00:00:09.376545,identity,16,0.00015494131889394586,2,True,45,2.8249045422941724e-05,COMPLETE
87,0.05332770198583603,2025-07-01 21:15:53.109495,2025-07-01 21:16:02.934617,0 days 00:00:09.825122,sigmoid,16,0.0001545347182394733,2,True,29,2.9285110695938132e-05,COMPLETE
88,0.0037429810035973787,2025-07-01 21:16:02.934950,2025-07-01 21:16:12.791936,0 days 00:00:09.856986,relu,16,0.0003492830308575862,2,True,38,3.997026556725042e-05,COMPLETE
89,4.153786903771106e-06,2025-07-01 21:16:12.792264,2025-07-01 21:16:22.162046,0 days 00:00:09.369782,identity,16,0.00022862962306800149,2,True,43,2.027226440502072e-05,COMPLETE
90,1.6862091797520407e-05,2025-07-01 21:16:22.162370,2025-07-01 21:16:31.507936,0 days 00:00:09.345566,identity,16,0.0004440535736427244,2,True,44,2.637310653850368e-05,COMPLETE
91,7.921317774162162e-06,2025-07-01 21:16:31.508279,2025-07-01 21:16:40.846078,0 days 00:00:09.337799,identity,16,0.0002349276570847934,2,True,41,2.378491193153313e-05,COMPLETE
92,2.7767295250669122e-05,2025-07-01 21:16:40.846411,2025-07-01 21:16:50.267032,0 days 00:00:09.420621,identity,16,0.0001645420226020372,2,True,47,1.664717945415682e-05,COMPLETE
93,1.2696464182226919e-05,2025-07-01 21:16:50.267376,2025-07-01 21:16:59.542696,0 days 00:00:09.275320,identity,16,0.00013975709075687978,2,True,33,1.99376035519025e-05,COMPLETE
94,8.179293217835948e-06,2025-07-01 21:16:59.543024,2025-07-01 21:17:08.830096,0 days 00:00:09.287072,identity,16,0.00019082793973449605,2,True,23,3.106577547672885e-05,COMPLETE
95,1.3668974133906886e-05,2025-07-01 21:17:08.830426,2025-07-01 21:17:19.978305,0 days 00:00:11.147879,identity,16,0.00021867879758694038,3,True,52,1.9957591307838528e-05,COMPLETE
96,9.798374776437413e-06,2025-07-01 21:17:19.978643,2025-07-01 21:17:29.451851,0 days 00:00:09.473208,identity,16,0.00012219188219792483,2,True,56,2.693413861892194e-05,COMPLETE
97,7.712213118793443e-06,2025-07-01 21:17:29.452181,2025-07-01 21:17:38.874624,0 days 00:00:09.422443,identity,16,0.0002624143864286773,2,True,47,1.6840179314882754e-05,COMPLETE
98,1.0158209079236258e-05,2025-07-01 21:17:38.874951,2025-07-01 21:17:49.855390,0 days 00:00:10.980439,identity,16,0.000303002607222834,3,True,40,0.0009683414031055248,COMPLETE
99,7.017789357632864e-06,2025-07-01 21:17:49.855725,2025-07-01 21:17:55.545644,0 days 00:00:05.689919,identity,32,0.00010723792225757722,2,True,99,2.1531910409440877e-05,COMPLETE
100,1.3490606761479285e-05,2025-07-01 21:17:55.545973,2025-07-01 21:18:07.114513,0 days 00:00:11.568540,identity,16,0.00016885601695275455,3,True,86,2.433046662758235e-05,COMPLETE
101,5.982024504191941e-06,2025-07-01 21:18:07.114850,2025-07-01 21:18:10.537133,0 days 00:00:03.422283,identity,64,0.00013025488870675397,2,True,74,1.4137490483196166e-05,COMPLETE
102,5.230045644566417e-06,2025-07-01 21:18:10.537462,2025-07-01 21:18:13.821592,0 days 00:00:03.284130,identity,64,0.00014336452115879978,2,True,28,1.5443148140570643e-05,COMPLETE
103,1.454953417123761e-05,2025-07-01 21:18:13.821928,2025-07-01 21:18:19.491903,0 days 00:00:05.669975,identity,32,0.00012411600354703462,2,True,91,1.884178444632142e-05,COMPLETE
104,4.678553978010314e-06,2025-07-01 21:18:19.492237,2025-07-01 21:18:22.829792,0 days 00:00:03.337555,identity,64,0.0001530464028448765,2,True,50,1.655952128210774e-05,COMPLETE
105,4.15971408074256e-06,2025-07-01 21:18:22.830126,2025-07-01 21:18:26.166027,0 days 00:00:03.335901,identity,64,0.00010016451528366805,2,True,50,1.7151941394526527e-05,COMPLETE
106,0.048573222011327744,2025-07-01 21:18:26.166366,2025-07-01 21:18:29.662036,0 days 00:00:03.495670,sigmoid,64,0.0001031311075037582,2,True,51,2.106433637346634e-05,COMPLETE
107,4.306697974243434e-06,2025-07-01 21:18:29.662370,2025-07-01 21:18:39.082007,0 days 00:00:09.419637,identity,16,0.0001578374590162838,2,True,47,1.731181050158779e-05,COMPLETE
108,7.057733000692679e-06,2025-07-01 21:18:39.082347,2025-07-01 21:18:48.485964,0 days 00:00:09.403617,identity,16,0.00015159259283372388,2,True,48,1.7265042738713557e-05,COMPLETE
109,0.0012612649006769061,2025-07-01 21:18:48.486303,2025-07-01 21:18:58.400773,0 days 00:00:09.914470,relu,16,0.00019548889125443113,2,True,43,1.93733286706436e-05,COMPLETE
110,4.307712060835911e-06,2025-07-01 21:18:58.401122,2025-07-01 21:19:07.864221,0 days 00:00:09.463099,identity,16,0.00017717690628417065,2,True,54,1.5585590986998363e-05,COMPLETE
111,4.692953098128783e-06,2025-07-01 21:19:07.864559,2025-07-01 21:19:17.338985,0 days 00:00:09.474426,identity,16,0.00017680833787272053,2,True,54,1.5174182783931954e-05,COMPLETE
112,6.080852017475991e-06,2025-07-01 21:19:17.339328,2025-07-01 21:19:26.662904,0 days 00:00:09.323576,identity,16,0.00014913669141004753,2,True,35,1.7598395945313242e-05,COMPLETE
113,1.4652574463980272e-05,2025-07-01 21:19:26.663244,2025-07-01 21:19:36.069491,0 days 00:00:09.406247,identity,16,0.00022053060264636774,2,True,46,1.6234134114280514e-05,COMPLETE
114,4.375109256216092e-06,2025-07-01 21:19:36.069828,2025-07-01 21:19:45.566739,0 days 00:00:09.496911,identity,16,0.00015947101305494813,2,True,58,2.9496203562612998e-05,COMPLETE
115,4.317392267694231e-06,2025-07-01 21:19:45.567077,2025-07-01 21:19:55.047506,0 days 00:00:09.480429,identity,16,0.00012630234993252253,2,True,58,2.863026844263612e-05,COMPLETE
116,4.319272647990147e-06,2025-07-01 21:19:55.047841,2025-07-01 21:20:04.534198,0 days 00:00:09.486357,identity,16,0.00012599279890129024,2,True,58,2.9316674911427003e-05,COMPLETE
117,4.148577772866702e-06,2025-07-01 21:20:04.534540,2025-07-01 21:20:14.012310,0 days 00:00:09.477770,identity,16,0.00010006465080864516,2,True,57,3.260949434140285e-05,COMPLETE
118,5.045350008003879e-06,2025-07-01 21:20:14.012642,2025-07-01 21:20:23.471971,0 days 00:00:09.459329,identity,16,0.00010045829824139166,2,True,54,3.848928481723306e-05,COMPLETE
119,5.1387492021603975e-06,2025-07-01 21:20:23.472312,2025-07-01 21:20:32.921263,0 days 00:00:09.448951,identity,16,0.0001244204090279305,2,True,60,2.509736601278315e-05,COMPLETE
120,4.433449703356018e-06,2025-07-01 21:20:32.921598,2025-07-01 21:20:42.367004,0 days 00:00:09.445406,identity,16,0.0001100884800520793,2,True,54,3.181449875555241e-05,COMPLETE
121,4.175936737738084e-06,2025-07-01 21:20:42.367344,2025-07-01 21:20:51.851244,0 days 00:00:09.483900,identity,16,0.0001357746920788505,2,True,58,3.504856648399095e-05,COMPLETE
122,4.143819296587026e-06,2025-07-01 21:20:51.851582,2025-07-01 21:21:01.347169,0 days 00:00:09.495587,identity,16,0.00013193974061317132,2,True,57,3.330029749367224e-05,COMPLETE
123,5.192189291847171e-06,2025-07-01 21:21:01.347509,2025-07-01 21:21:10.771440,0 days 00:00:09.423931,identity,16,0.000135731036917664,2,True,56,3.483246261128407e-05,COMPLETE
124,5.102763225295348e-06,2025-07-01 21:21:10.771776,2025-07-01 21:21:20.285594,0 days 00:00:09.513818,identity,16,0.00012711536930938417,2,True,63,3.730783138287329e-05,COMPLETE
125,4.4172711568535306e-06,2025-07-01 21:21:20.285917,2025-07-01 21:21:29.726057,0 days 00:00:09.440140,identity,16,0.00011492268420528211,2,True,64,4.579936374207308e-05,COMPLETE
126,4.391818947624415e-06,2025-07-01 21:21:29.726394,2025-07-01 21:21:39.241627,0 days 00:00:09.515233,identity,16,0.00010068258614771647,2,True,68,3.406930464544782e-05,COMPLETE
127,8.470336069876794e-06,2025-07-01 21:21:39.241959,2025-07-01 21:21:48.757827,0 days 00:00:09.515868,identity,16,0.009680512151350212,2,True,59,2.7506108467033092e-05,COMPLETE
128,7.545334938185988e-06,2025-07-01 21:21:48.758162,2025-07-01 21:21:58.181051,0 days 00:00:09.422889,identity,16,0.0001364873349487452,2,True,50,4.165771172933488e-05,COMPLETE
129,0.05230019986629486,2025-07-01 21:21:58.181395,2025-07-01 21:22:08.010721,0 days 00:00:09.829326,sigmoid,16,0.00010923714474974643,2,True,42,2.3282586621654388e-05,COMPLETE
130,6.114731149864383e-06,2025-07-01 21:22:08.011067,2025-07-01 21:22:17.480159,0 days 00:00:09.469092,identity,16,0.00012431782521116316,2,True,57,3.1124642383823525e-05,COMPLETE
131,4.16165312344674e-06,2025-07-01 21:22:17.480499,2025-07-01 21:22:26.897011,0 days 00:00:09.416512,identity,16,0.0001750575333402532,2,True,52,2.140259068571483e-05,COMPLETE
132,1.3058906006335746e-05,2025-07-01 21:22:26.897357,2025-07-01 21:22:36.314595,0 days 00:00:09.417238,identity,16,0.00016793704141298372,2,True,52,2.106288752989767e-05,COMPLETE
133,4.942754458170384e-06,2025-07-01 21:22:36.314942,2025-07-01 21:22:45.759685,0 days 00:00:09.444743,identity,16,0.00014520093333045552,2,True,55,2.6611072928076924e-05,COMPLETE
134,5.394094841904007e-06,2025-07-01 21:22:45.760025,2025-07-01 21:22:55.262801,0 days 00:00:09.502776,identity,16,0.00013434217207616145,2,True,59,2.4531919635661395e-05,COMPLETE
135,5.3204184951027855e-06,2025-07-01 21:22:55.263143,2025-07-01 21:23:04.643924,0 days 00:00:09.380781,identity,16,0.00011142370043992009,2,True,48,4.9164591369246546e-05,COMPLETE
136,5.044799308961956e-06,2025-07-01 21:23:04.644271,2025-07-01 21:23:14.092179,0 days 00:00:09.447908,identity,16,0.00011776391965221299,2,True,53,1.8739301329440883e-05,COMPLETE
137,0.0005038417875766754,2025-07-01 21:23:14.092524,2025-07-01 21:23:24.105170,0 days 00:00:10.012646,relu,16,0.0001814416358422576,2,True,61,2.0658420186427923e-05,COMPLETE
138,9.761666660779156e-06,2025-07-01 21:23:24.105510,2025-07-01 21:23:33.509854,0 days 00:00:09.404344,identity,16,0.00020488041781354947,2,True,49,2.3582563201261848e-05,COMPLETE
139,7.43211376175168e-06,2025-07-01 21:23:33.510208,2025-07-01 21:23:42.821224,0 days 00:00:09.311016,identity,16,0.00014053638191778293,2,True,40,2.96750128855636e-05,COMPLETE
140,8.05416038929252e-06,2025-07-01 21:23:42.821580,2025-07-01 21:23:52.234001,0 days 00:00:09.412421,identity,16,0.00012767859361394957,2,True,52,3.3004357528448204e-05,COMPLETE
141,1.7283764464082196e-05,2025-07-01 21:23:52.234351,2025-07-01 21:24:03.575378,0 days 00:00:11.341027,identity,16,0.00010920400366373706,3,True,67,1.4589296284064432e-05,COMPLETE
142,4.582885139825521e-06,2025-07-01 21:24:03.575725,2025-07-01 21:24:13.048249,0 days 00:00:09.472524,identity,16,0.00017400749997961536,2,True,57,1.2682224488822271e-05,COMPLETE
143,4.977605385647621e-06,2025-07-01 21:24:13.048603,2025-07-01 21:24:22.414082,0 days 00:00:09.365479,identity,16,0.00016263155421450528,2,True,45,1.7921240642828923e-05,COMPLETE
144,4.140290457144147e-06,2025-07-01 21:24:22.414436,2025-07-01 21:24:31.967964,0 days 00:00:09.553528,identity,16,0.00014432311016773279,2,True,71,1.943859656645468e-05,COMPLETE
145,1.8451888536219485e-05,2025-07-01 21:24:31.968308,2025-07-01 21:24:41.495629,0 days 00:00:09.527321,identity,16,0.00012204946923499482,2,True,70,2.195332710283786e-05,COMPLETE
146,5.855497420270694e-06,2025-07-01 21:24:41.495981,2025-07-01 21:24:50.997595,0 days 00:00:09.501614,identity,16,0.00014393168970309328,2,True,65,1.9559743373944473e-05,COMPLETE
147,1.2192895155749284e-05,2025-07-01 21:24:50.997938,2025-07-01 21:25:00.406194,0 days 00:00:09.408256,identity,16,0.00010632577258842784,2,True,49,2.7444931853057605e-05,COMPLETE
148,4.473106400837423e-06,2025-07-01 21:25:00.406542,2025-07-01 21:25:09.892422,0 days 00:00:09.485880,identity,16,0.006516721458533677,2,True,62,2.250285886465131e-05,COMPLETE
149,2.0477085854508914e-05,2025-07-01 21:25:09.892793,2025-07-01 21:25:19.207496,0 days 00:00:09.314703,identity,16,0.0030564368158326896,2,True,39,2.5623073676107853e-05,COMPLETE
150,5.803582098451443e-06,2025-07-01 21:25:19.207847,2025-07-01 21:25:28.556910,0 days 00:00:09.349063,identity,16,0.00015953998894325052,2,True,43,0.00012206207389802885,COMPLETE
151,5.586566203419352e-06,2025-07-01 21:25:28.557254,2025-07-01 21:25:31.968713,0 days 00:00:03.411459,identity,64,0.0001813904525564342,2,True,74,1.578350163742123e-05,COMPLETE
152,1.7481355826021172e-05,2025-07-01 21:25:31.969058,2025-07-01 21:25:35.911599,0 days 00:00:03.942541,identity,64,0.00013275488691446143,3,True,81,1.851040063286301e-05,COMPLETE
153,5.556857104238588e-06,2025-07-01 21:25:35.911946,2025-07-01 21:25:45.459796,0 days 00:00:09.547850,identity,16,0.00019407868326628747,2,True,72,1.4039906234165247e-05,COMPLETE
154,5.814052201458253e-06,2025-07-01 21:25:45.460152,2025-07-01 21:25:48.859136,0 days 00:00:03.398984,identity,64,0.00011929054380736006,2,True,76,2.0244944188496195e-05,COMPLETE
155,4.909548351861304e-06,2025-07-01 21:25:48.859494,2025-07-01 21:25:51.407867,0 days 00:00:02.548373,identity,128,0.00010018066322985943,3,True,56,1.716467597149379e-05,COMPLETE
156,4.6970189941930585e-06,2025-07-01 21:25:51.408216,2025-07-01 21:26:00.820592,0 days 00:00:09.412376,identity,16,0.00014959562593390874,2,True,47,3.6385567335607534e-05,COMPLETE
157,0.05317634344100952,2025-07-01 21:26:00.820957,2025-07-01 21:26:10.623083,0 days 00:00:09.802126,sigmoid,16,0.00025147074457759587,2,True,36,1.4869974405523334e-05,COMPLETE
158,4.813944997295039e-06,2025-07-01 21:26:10.623430,2025-07-01 21:26:13.969008,0 days 00:00:03.345578,identity,64,0.0002216777790810497,2,True,51,2.3685312919041784e-05,COMPLETE
159,3.762360574910417e-05,2025-07-01 21:26:13.969361,2025-07-01 21:26:24.003944,0 days 00:00:10.034583,relu,16,0.00013135030557828215,2,True,60,0.0007575813246352811,COMPLETE
160,4.20545211454737e-06,2025-07-01 21:26:24.004297,2025-07-01 21:26:27.321479,0 days 00:00:03.317182,identity,64,0.00014307774327897594,2,True,45,1.6293973495151002e-05,COMPLETE
161,4.513211933954153e-06,2025-07-01 21:26:27.321836,2025-07-01 21:26:30.688566,0 days 00:00:03.366730,identity,64,0.0001389773800992093,2,True,53,1.8398754612805117e-05,COMPLETE
162,1.0416531040391419e-05,2025-07-01 21:26:30.688934,2025-07-01 21:26:34.017420,0 days 00:00:03.328486,identity,64,0.00016248352618667547,2,True,42,1.703725450239955e-05,COMPLETE
163,5.037127721152501e-06,2025-07-01 21:26:34.017767,2025-07-01 21:26:37.346892,0 days 00:00:03.329125,identity,64,0.00011774189017578169,2,True,45,1.3093436176958123e-05,COMPLETE
164,4.230817012285115e-06,2025-07-01 21:26:37.347247,2025-07-01 21:26:40.730976,0 days 00:00:03.383729,identity,64,0.00014528770263945535,2,True,58,2.072286785475447e-05,COMPLETE
165,4.233963409205899e-06,2025-07-01 21:26:40.731325,2025-07-01 21:26:44.114835,0 days 00:00:03.383510,identity,64,0.00014587975346370513,2,True,58,2.082990072605195e-05,COMPLETE
166,4.8075135055114515e-06,2025-07-01 21:26:44.115193,2025-07-01 21:26:47.466750,0 days 00:00:03.351557,identity,64,0.00014739596884268341,2,True,64,2.0851884122199284e-05,COMPLETE
167,4.8336041800212115e-06,2025-07-01 21:26:47.467099,2025-07-01 21:26:50.819066,0 days 00:00:03.351967,identity,64,0.0001715646155073234,2,True,50,2.0441389134491993e-05,COMPLETE
168,5.117370619700523e-06,2025-07-01 21:26:50.819419,2025-07-01 21:26:54.187302,0 days 00:00:03.367883,identity,64,0.00011453493951111575,2,True,55,2.235288237176967e-05,COMPLETE
169,5.145779596205102e-06,2025-07-01 21:26:54.187658,2025-07-01 21:26:57.483732,0 days 00:00:03.296074,identity,64,0.00014330447781681695,2,False,47,2.541952060480745e-05,COMPLETE
170,4.883847850578604e-06,2025-07-01 21:26:57.484077,2025-07-01 21:27:00.822582,0 days 00:00:03.338505,identity,64,0.00015536573249270197,2,True,52,1.620571220903533e-05,COMPLETE
171,4.469150098884711e-06,2025-07-01 21:27:00.822934,2025-07-01 21:27:10.312930,0 days 00:00:09.489996,identity,16,0.00013161673701755938,2,True,59,2.8481551970962332e-05,COMPLETE
172,4.607405116985319e-06,2025-07-01 21:27:10.313282,2025-07-01 21:27:13.681220,0 days 00:00:03.367938,identity,64,0.0001237442900519425,2,True,58,1.909949678008887e-05,COMPLETE
173,6.602922894671792e-06,2025-07-01 21:27:13.681576,2025-07-01 21:27:23.114656,0 days 00:00:09.433080,identity,16,0.00011073496332034212,2,True,56,2.2461546500200217e-05,COMPLETE
174,4.198784608888673e-06,2025-07-01 21:27:23.115013,2025-07-01 21:27:26.473068,0 days 00:00:03.358055,identity,64,0.00013124380431460945,2,True,54,3.251214641931843e-05,COMPLETE
175,5.054286248196149e-06,2025-07-01 21:27:26.473482,2025-07-01 21:27:29.832771,0 days 00:00:03.359289,identity,64,0.00013550845877962034,2,True,54,3.3800240718934974e-05,COMPLETE
176,4.624484063242562e-06,2025-07-01 21:27:29.833128,2025-07-01 21:27:33.158005,0 days 00:00:03.324877,identity,64,0.00010042856274957262,2,True,49,1.7900094790125444e-05,COMPLETE
177,4.753744633489987e-06,2025-07-01 21:27:33.158360,2025-07-01 21:27:36.521012,0 days 00:00:03.362652,identity,64,0.00015494974612486926,2,True,62,3.9243032114124684e-05,COMPLETE
178,5.870712811884005e-06,2025-07-01 21:27:36.521371,2025-07-01 21:27:39.833362,0 days 00:00:03.311991,identity,64,0.00012021365484701163,2,True,45,2.45605660977311e-05,COMPLETE
179,5.519492333405651e-06,2025-07-01 21:27:39.833718,2025-07-01 21:27:43.221313,0 days 00:00:03.387595,identity,64,0.00017549480647215937,2,True,67,1.934243196152557e-05,COMPLETE
180,4.459345745999599e-06,2025-07-01 21:27:43.221673,2025-07-01 21:27:46.553749,0 days 00:00:03.332076,identity,64,0.00014290522639523242,2,True,52,1.5354932291001156e-05,COMPLETE
181,4.922341304336442e-06,2025-07-01 21:27:46.554114,2025-07-01 21:27:56.025672,0 days 00:00:09.471558,identity,16,0.00012932977610222827,2,True,58,3.118845120603689e-05,COMPLETE
182,1.7327132809441537e-05,2025-07-01 21:27:56.026034,2025-07-01 21:28:05.488236,0 days 00:00:09.462202,identity,16,0.0001224157979950383,2,True,60,0.0004092233730970442,COMPLETE
183,6.598011623282218e-06,2025-07-01 21:28:05.488600,2025-07-01 21:28:14.959974,0 days 00:00:09.471374,identity,16,0.00010945872492044048,2,True,57,2.7398509693474727e-05,COMPLETE
184,4.9654622671369e-06,2025-07-01 21:28:14.960340,2025-07-01 21:28:24.408199,0 days 00:00:09.447859,identity,16,0.00012798271561555876,2,True,55,2.9776819134735262e-05,COMPLETE
185,5.132656951900572e-06,2025-07-01 21:28:24.408554,2025-07-01 21:28:26.665847,0 days 00:00:02.257293,identity,128,0.00014582739570931418,2,True,50,2.143171231678516e-05,COMPLETE
186,5.1191991587984376e-06,2025-07-01 21:28:26.666204,2025-07-01 21:28:29.965795,0 days 00:00:03.299591,identity,64,0.00016270652200800367,2,False,64,2.5807133910460275e-05,COMPLETE
187,5.582171070273034e-06,2025-07-01 21:28:29.966147,2025-07-01 21:28:39.332892,0 days 00:00:09.366745,identity,16,0.00010998220569984608,2,True,42,3.2464882006479754e-05,COMPLETE
188,2.3229775251820683e-05,2025-07-01 21:28:39.333241,2025-07-01 21:28:48.745654,0 days 00:00:09.412413,identity,16,0.004508951063461254,2,True,47,1.767821662030204e-05,COMPLETE
189,0.04960418865084648,2025-07-01 21:28:48.746015,2025-07-01 21:28:52.256397,0 days 00:00:03.510382,sigmoid,64,0.00019858120841911782,2,True,54,4.245495404615136e-05,COMPLETE
190,4.398348664835794e-06,2025-07-01 21:28:52.256769,2025-07-01 21:29:01.742636,0 days 00:00:09.485867,identity,16,0.000134618215566792,2,True,61,2.4041817101473335e-05,COMPLETE
191,1.8665319657884538e-05,2025-07-01 21:29:01.742993,2025-07-01 21:29:05.160787,0 days 00:00:03.417794,identity,64,0.00017439424476660366,2,True,71,1.4683154364423314e-05,COMPLETE
192,4.961108515999513e-06,2025-07-01 21:29:05.161147,2025-07-01 21:29:09.075849,0 days 00:00:03.914702,identity,64,0.00018744594668893097,3,True,57,1.6680926299540916e-05,COMPLETE
193,5.621680884360103e-06,2025-07-01 21:29:09.076191,2025-07-01 21:29:12.519351,0 days 00:00:03.443160,identity,64,0.00015217230371583442,2,True,96,2.025956931203323e-05,COMPLETE
194,4.1409884943277575e-06,2025-07-01 21:29:12.519718,2025-07-01 21:29:15.861664,0 days 00:00:03.341946,identity,64,0.00012024755273695595,2,True,52,1.577752584951223e-05,COMPLETE
195,4.897166036244016e-06,2025-07-01 21:29:15.862018,2025-07-01 21:29:19.208770,0 days 00:00:03.346752,identity,64,0.0001187738487391975,2,True,50,1.9227542920659003e-05,COMPLETE
196,0.0017651986563578248,2025-07-01 21:29:19.209134,2025-07-01 21:29:22.741612,0 days 00:00:03.532478,relu,64,0.00010700403481335797,2,True,53,1.3927197872477754e-05,COMPLETE
197,8.232485015469138e-06,2025-07-01 21:29:22.741974,2025-07-01 21:29:32.083646,0 days 00:00:09.341672,identity,16,0.00012731773164928684,2,True,44,1.5700352667725723e-05,COMPLETE
198,8.035058272071183e-06,2025-07-01 21:29:32.084004,2025-07-01 21:29:41.499182,0 days 00:00:09.415178,identity,16,0.00011751161518134412,2,True,48,3.687960648449491e-05,COMPLETE
199,4.6460631892841775e-06,2025-07-01 21:29:41.499536,2025-07-01 21:29:44.900044,0 days 00:00:03.400508,identity,64,0.0001359740276705596,2,True,59,2.1836718156107823e-05,COMPLETE
200,7.790746167302132e-06,2025-07-01 21:29:44.900406,2025-07-01 21:29:54.358677,0 days 00:00:09.458271,identity,16,0.0001420797630644956,2,False,55,2.8443324287209003e-05,COMPLETE
201,5.274227078189142e-06,2025-07-01 21:29:54.359040,2025-07-01 21:29:57.681446,0 days 00:00:03.322406,identity,64,0.00016221545298149363,2,True,37,1.715261558344173e-05,COMPLETE
202,4.880751930613769e-06,2025-07-01 21:29:57.681807,2025-07-01 21:30:01.042919,0 days 00:00:03.361112,identity,64,0.00010051954116650328,2,True,51,1.2166705379129957e-05,COMPLETE
203,4.166116468695691e-06,2025-07-01 21:30:01.043278,2025-07-01 21:30:04.472553,0 days 00:00:03.429275,identity,64,0.00012752816080819078,2,True,82,1.7883641191377318e-05,COMPLETE
204,4.790567800228018e-06,2025-07-01 21:30:04.472933,2025-07-01 21:30:07.788299,0 days 00:00:03.315366,identity,64,0.00012347547430814873,2,True,40,1.878369557713848e-05,COMPLETE
205,5.096415861771675e-06,2025-07-01 21:30:07.788660,2025-07-01 21:30:11.246517,0 days 00:00:03.457857,identity,64,0.00011254352879738786,2,True,91,2.0952772363679377e-05,COMPLETE
206,4.232907940604491e-06,2025-07-01 21:30:11.246879,2025-07-01 21:30:14.684646,0 days 00:00:03.437767,identity,64,0.00014260248672073511,2,True,85,1.6692892858915927e-05,COMPLETE
207,4.8080769374792e-06,2025-07-01 21:30:14.685019,2025-07-01 21:30:18.135748,0 days 00:00:03.450729,identity,64,0.00014926434941467916,2,True,85,1.6259626854515555e-05,COMPLETE
208,5.396043889049906e-06,2025-07-01 21:30:18.136105,2025-07-01 21:30:21.597945,0 days 00:00:03.461840,identity,64,0.0001370102408656319,2,True,93,1.7596326738005456e-05,COMPLETE
209,4.798454028787091e-06,2025-07-01 21:30:21.598311,2025-07-01 21:30:25.016370,0 days 00:00:03.418059,identity,64,0.0001561935736316717,2,True,81,1.516237872810711e-05,COMPLETE
210,7.977763743838295e-06,2025-07-01 21:30:25.016741,2025-07-01 21:30:28.461751,0 days 00:00:03.445010,identity,64,0.00011310849276697057,2,True,90,1.9764025379616773e-05,COMPLETE
211,5.792671800008975e-06,2025-07-01 21:30:28.462096,2025-07-01 21:30:31.904607,0 days 00:00:03.442511,identity,64,0.0001262711574324104,2,True,87,1.855210571439245e-05,COMPLETE
212,9.697439054434653e-06,2025-07-01 21:30:31.904982,2025-07-01 21:30:41.552996,0 days 00:00:09.648014,identity,16,0.00013945796802853884,2,True,84,2.3524235412921043e-05,COMPLETE
213,6.1240980357979424e-06,2025-07-01 21:30:41.553357,2025-07-01 21:30:44.909011,0 days 00:00:03.355654,identity,64,0.000130920085534344,2,True,56,1.6705725605505673e-05,COMPLETE
214,5.79420839130762e-06,2025-07-01 21:30:44.909379,2025-07-01 21:30:54.357325,0 days 00:00:09.447946,identity,16,0.0001191833142890436,2,True,52,0.00020637257554178363,COMPLETE
215,7.93146864452865e-06,2025-07-01 21:30:54.357684,2025-07-01 21:30:59.968483,0 days 00:00:05.610799,identity,32,0.00014651733847430352,2,True,79,1.3936830902146788e-05,COMPLETE
216,8.537670510122553e-06,2025-07-01 21:30:59.968871,2025-07-01 21:31:03.305643,0 days 00:00:03.336772,identity,64,0.0007251110019854051,2,True,46,2.1991588954404e-05,COMPLETE
217,4.229103524266975e-06,2025-07-01 21:31:03.306008,2025-07-01 21:31:12.615230,0 days 00:00:09.309222,identity,16,0.00010745232228896095,2,True,34,3.360721487362937e-05,COMPLETE
218,4.573484602587996e-06,2025-07-01 21:31:12.615608,2025-07-01 21:31:21.934864,0 days 00:00:09.319256,identity,16,0.00010352238475576975,2,True,35,3.3444330229660085e-05,COMPLETE
219,4.914839337288868e-06,2025-07-01 21:31:21.935235,2025-07-01 21:31:25.222828,0 days 00:00:03.287593,identity,64,0.0001129958780404778,2,True,33,1.7923978859474146e-05,COMPLETE
220,5.086264536657836e-06,2025-07-01 21:31:25.223191,2025-07-01 21:31:27.399192,0 days 00:00:02.176001,identity,128,0.00010847306685552519,2,False,32,1.9950384825591837e-05,COMPLETE
221,4.2693750401667785e-06,2025-07-01 21:31:27.399561,2025-07-01 21:31:36.698005,0 days 00:00:09.298444,identity,16,0.000127988277198324,2,True,29,2.9920930438016247e-05,COMPLETE
222,5.301658802636666e-06,2025-07-01 21:31:36.698377,2025-07-01 21:31:46.006367,0 days 00:00:09.307990,identity,16,0.0001275605330260631,2,True,27,3.164381098842418e-05,COMPLETE
223,5.851882178831147e-06,2025-07-01 21:31:46.006733,2025-07-01 21:31:55.319641,0 days 00:00:09.312908,identity,16,0.00011913432049040453,2,True,30,3.476896547719656e-05,COMPLETE
224,4.432061814441113e-06,2025-07-01 21:31:55.320009,2025-07-01 21:32:04.597868,0 days 00:00:09.277859,identity,16,0.00013744592023212405,2,True,21,2.6353411511348174e-05,COMPLETE
225,6.540257800224936e-06,2025-07-01 21:32:04.598236,2025-07-01 21:32:13.881591,0 days 00:00:09.283355,identity,16,0.00010033530165754514,2,True,28,3.759262976099172e-05,COMPLETE
226,5.1654210437845904e-06,2025-07-01 21:32:13.881962,2025-07-01 21:32:23.296831,0 days 00:00:09.414869,identity,16,0.00016428237877295402,2,True,48,1.552726475045199e-05,COMPLETE
227,4.487108981265919e-06,2025-07-01 21:32:23.297208,2025-07-01 21:32:26.729553,0 days 00:00:03.432345,identity,64,0.00014595200932204395,2,True,83,2.914468450457367e-05,COMPLETE
228,5.641466486849822e-06,2025-07-01 21:32:26.729914,2025-07-01 21:32:36.101540,0 days 00:00:09.371626,identity,16,0.00012801238165425612,2,True,42,1.807597784891225e-05,COMPLETE
229,0.05529492720961571,2025-07-01 21:32:36.101911,2025-07-01 21:32:39.541636,0 days 00:00:03.439725,sigmoid,64,0.00011400667288512326,2,True,34,2.2921668895832396e-05,COMPLETE
230,7.111657396308146e-06,2025-07-01 21:32:39.542004,2025-07-01 21:32:49.141592,0 days 00:00:09.599588,identity,16,0.00015321352248816439,2,True,76,2.0249624131208672e-05,COMPLETE
231,4.5478045649360865e-06,2025-07-01 21:32:49.141968,2025-07-01 21:32:58.665326,0 days 00:00:09.523358,identity,16,0.00013344001071133945,2,True,59,3.055483536537613e-05,COMPLETE
232,5.1701231313927565e-06,2025-07-01 21:32:58.665698,2025-07-01 21:33:08.142963,0 days 00:00:09.477265,identity,16,0.00012286823888577473,2,True,54,2.6116746626844716e-05,COMPLETE
233,5.904621957597556e-06,2025-07-01 21:33:08.143328,2025-07-01 21:33:17.434793,0 days 00:00:09.291465,identity,16,0.00012036808441606342,2,True,24,2.895619263923651e-05,COMPLETE
234,8.00745328888297e-06,2025-07-01 21:33:17.435165,2025-07-01 21:33:26.778206,0 days 00:00:09.343041,identity,16,0.00010854527766066287,2,True,38,3.4736639755117535e-05,COMPLETE
235,1.152677032223437e-05,2025-07-01 21:33:26.778573,2025-07-01 21:33:36.281310,0 days 00:00:09.502737,identity,16,0.0001407124758824864,2,True,62,1.6397678929245806e-05,COMPLETE
236,0.0009695499902591109,2025-07-01 21:33:36.281684,2025-07-01 21:33:39.833777,0 days 00:00:03.552093,relu,64,0.0001678960828556253,2,True,57,2.497977710823536e-05,COMPLETE
237,5.454330221255077e-06,2025-07-01 21:33:39.834141,2025-07-01 21:33:49.291011,0 days 00:00:09.456870,identity,16,0.00012809532704594433,2,True,51,2.1510046118702836e-05,COMPLETE
238,1.096822688850807e-05,2025-07-01 21:33:49.291384,2025-07-01 21:33:58.770040,0 days 00:00:09.478656,identity,16,0.00015094581831971978,2,True,53,4.0336071470347274e-05,COMPLETE
239,4.394815277919406e-06,2025-07-01 21:33:58.770417,2025-07-01 21:34:02.198709,0 days 00:00:03.428292,identity,64,0.00010902570510445774,2,True,82,3.2415622077111517e-05,COMPLETE
240,4.253608494764194e-06,2025-07-01 21:34:02.199071,2025-07-01 21:34:11.699336,0 days 00:00:09.500265,identity,16,0.00010000615727168105,2,True,55,9.459327666482364e-05,COMPLETE
241,1.2299187801545486e-05,2025-07-01 21:34:11.699713,2025-07-01 21:34:21.235297,0 days 00:00:09.535584,identity,16,0.00010047432322940077,2,True,58,0.00014360024299827392,COMPLETE
242,7.098108653735835e-06,2025-07-01 21:34:21.235671,2025-07-01 21:34:30.746384,0 days 00:00:09.510713,identity,16,0.0001149223713032073,2,True,55,1.8701922723051245e-05,COMPLETE
243,4.344832632341422e-06,2025-07-01 21:34:30.746759,2025-07-01 21:34:40.273257,0 days 00:00:09.526498,identity,16,0.00012737802156970903,2,True,60,1.6651086086103575e-05,COMPLETE
244,8.528178113920148e-06,2025-07-01 21:34:40.273640,2025-07-01 21:34:49.762450,0 days 00:00:09.488810,identity,16,0.00011747910343968414,2,True,56,6.857944119188101e-05,COMPLETE
245,4.5338902054936625e-06,2025-07-01 21:34:49.762816,2025-07-01 21:34:59.212345,0 days 00:00:09.449529,identity,16,0.00014119677371034596,2,True,49,2.796835278949677e-05,COMPLETE
246,5.1732795327552594e-06,2025-07-01 21:34:59.212728,2025-07-01 21:35:02.540372,0 days 00:00:03.327644,identity,64,0.00013130627102653054,2,False,53,1.4291493788832505e-05,COMPLETE
247,7.589628239657031e-06,2025-07-01 21:35:02.540771,2025-07-01 21:35:11.981467,0 days 00:00:09.440696,identity,16,0.0001035623318117285,2,True,46,1.961395109057442e-05,COMPLETE
248,4.1713410610100254e-06,2025-07-01 21:35:11.981835,2025-07-01 21:35:15.357954,0 days 00:00:03.376119,identity,64,0.00012012637547692433,2,True,58,3.0563716022731034e-05,COMPLETE
249,5.304075330059277e-06,2025-07-01 21:35:15.358323,2025-07-01 21:35:18.695381,0 days 00:00:03.337058,identity,64,0.00010915668963095024,2,True,50,3.564881039642077e-05,COMPLETE
250,5.825874268339248e-06,2025-07-01 21:35:18.695757,2025-07-01 21:35:22.005438,0 days 00:00:03.309681,identity,64,0.00011914761562434542,2,True,44,8.235231008601406e-05,COMPLETE
251,4.794169399247039e-06,2025-07-01 21:35:22.005816,2025-07-01 21:35:25.371796,0 days 00:00:03.365980,identity,64,0.00010069050160153491,2,True,53,4.4825840965178075e-05,COMPLETE
252,5.6323569879168645e-06,2025-07-01 21:35:25.372163,2025-07-01 21:35:28.735795,0 days 00:00:03.363632,identity,64,0.00013606433031934894,2,True,61,0.0001047819704298253,COMPLETE
253,4.161727247264935e-06,2025-07-01 21:35:28.736167,2025-07-01 21:35:32.139096,0 days 00:00:03.402929,identity,64,0.00015430319027769446,2,True,57,9.337873539570654e-05,COMPLETE
254,5.974348823656328e-06,2025-07-01 21:35:32.139457,2025-07-01 21:35:35.519038,0 days 00:00:03.379581,identity,64,0.00017344811578658272,2,True,56,9.807562820897505e-05,COMPLETE
255,4.25081088906154e-06,2025-07-01 21:35:35.519406,2025-07-01 21:35:38.962884,0 days 00:00:03.443478,identity,64,0.00015846840657797055,2,True,78,1.7186365304334086e-05,COMPLETE
256,7.163940153986914e-06,2025-07-01 21:35:38.963270,2025-07-01 21:35:42.292889,0 days 00:00:03.329619,identity,64,0.00015977226838870967,2,True,40,0.00011708147969982276,COMPLETE
257,4.437421466718661e-06,2025-07-01 21:35:42.293273,2025-07-01 21:35:45.614514,0 days 00:00:03.321241,identity,64,0.00018984631903496172,2,True,31,8.379950355526483e-05,COMPLETE
258,5.6238573051814456e-06,2025-07-01 21:35:45.614910,2025-07-01 21:35:49.032203,0 days 00:00:03.417293,identity,64,0.0009263297285652018,2,False,87,5.340223026692069e-05,COMPLETE
259,7.398589332296979e-06,2025-07-01 21:35:49.032588,2025-07-01 21:35:52.356649,0 days 00:00:03.324061,identity,64,0.00015592115474062304,2,True,25,0.0002465988270356084,COMPLETE
260,7.168921456468524e-06,2025-07-01 21:35:52.357050,2025-07-01 21:35:55.756399,0 days 00:00:03.399349,identity,64,0.00014622699932671887,2,True,55,9.100794138571316e-05,COMPLETE
261,0.05326685681939125,2025-07-01 21:35:55.756784,2025-07-01 21:35:59.297240,0 days 00:00:03.540456,sigmoid,64,0.00016890074455744598,2,True,51,1.7541922972878515e-05,COMPLETE
262,4.398475539346691e-06,2025-07-01 21:35:59.297621,2025-07-01 21:36:02.657304,0 days 00:00:03.359683,identity,64,0.00017777843985982314,2,True,49,2.05905476771916e-05,COMPLETE
263,5.254124971543206e-06,2025-07-01 21:36:02.657687,2025-07-01 21:36:06.057125,0 days 00:00:03.399438,identity,64,0.00014963128659341475,2,True,63,1.8770816242098968e-05,COMPLETE
264,0.0010393719421699643,2025-07-01 21:36:06.057492,2025-07-01 21:36:11.963983,0 days 00:00:05.906491,relu,32,0.00013462245621569604,2,True,59,6.155071988561805e-05,COMPLETE
265,1.001165401248727e-05,2025-07-01 21:36:11.964364,2025-07-01 21:36:14.250798,0 days 00:00:02.286434,identity,128,0.0019934928472072917,2,True,47,1.5095274942565389e-05,COMPLETE
266,4.230705599184148e-06,2025-07-01 21:36:14.251186,2025-07-01 21:36:17.645726,0 days 00:00:03.394540,identity,64,0.00015973686758356275,2,True,53,1.3267080515869883e-05,COMPLETE
267,8.587935553805437e-06,2025-07-01 21:36:17.646116,2025-07-01 21:36:21.022129,0 days 00:00:03.376013,identity,64,0.00015907045361863114,2,True,52,1.2085493873340573e-05,COMPLETE
268,4.13675252275425e-06,2025-07-01 21:36:21.022505,2025-07-01 21:36:24.359627,0 days 00:00:03.337122,identity,64,0.00014322052770450257,2,True,44,2.366509834772768e-05,COMPLETE
269,4.7607795750082005e-06,2025-07-01 21:36:24.359995,2025-07-01 21:36:27.704596,0 days 00:00:03.344601,identity,64,0.00014167321606108177,2,True,37,2.4592549212984178e-05,COMPLETE
270,5.619142484647455e-06,2025-07-01 21:36:27.704984,2025-07-01 21:36:30.954979,0 days 00:00:03.249995,identity,64,0.00011275974555077098,2,False,20,9.554354537167958e-05,COMPLETE
271,5.009329015592812e-06,2025-07-01 21:36:30.955375,2025-07-01 21:36:34.299801,0 days 00:00:03.344426,identity,64,0.00012183634164016687,2,True,44,2.3142544569735646e-05,COMPLETE
272,5.69008670936455e-06,2025-07-01 21:36:34.300180,2025-07-01 21:36:37.681789,0 days 00:00:03.381609,identity,64,0.0001385206228913627,2,True,56,1.2897843414552025e-05,COMPLETE
273,4.159618129051523e-06,2025-07-01 21:36:37.682169,2025-07-01 21:36:41.033236,0 days 00:00:03.351067,identity,64,0.00011100452813881892,2,True,42,2.1831227854806598e-05,COMPLETE
274,5.378608875616919e-06,2025-07-01 21:36:41.033613,2025-07-01 21:36:44.388327,0 days 00:00:03.354714,identity,64,0.00010008525112419246,2,True,41,2.241585281984582e-05,COMPLETE
275,4.165640348219313e-06,2025-07-01 21:36:44.388720,2025-07-01 21:36:47.834053,0 days 00:00:03.445333,identity,64,0.00011048077985664576,2,True,79,2.0387137475525697e-05,COMPLETE
276,8.237938891397789e-05,2025-07-01 21:36:47.834422,2025-07-01 21:36:51.276677,0 days 00:00:03.442255,identity,64,0.001545536166307012,2,True,77,2.112972340894443e-05,COMPLETE
277,5.696031166735338e-06,2025-07-01 21:36:51.277077,2025-07-01 21:36:54.721936,0 days 00:00:03.444859,identity,64,0.00010779523999410051,2,True,79,1.984808780379499e-05,COMPLETE
278,9.359456271340605e-06,2025-07-01 21:36:54.722310,2025-07-01 21:36:58.177278,0 days 00:00:03.454968,identity,64,0.0001158697064840181,2,True,84,1.8764912412104294e-05,COMPLETE
279,4.2839551497309e-06,2025-07-01 21:36:58.177664,2025-07-01 21:37:01.607225,0 days 00:00:03.429561,identity,64,0.00011058960061811249,2,True,80,1.106577110411283e-05,COMPLETE
280,5.2923614930477925e-06,2025-07-01 21:37:01.607598,2025-07-01 21:37:04.973959,0 days 00:00:03.366361,identity,64,0.0001243617934450408,2,True,43,2.1457279893897716e-05,COMPLETE
281,4.4073863136873115e-06,2025-07-01 21:37:04.974332,2025-07-01 21:37:08.451188,0 days 00:00:03.476856,identity,64,0.0001479129174255202,2,True,75,7.600139884076673e-05,COMPLETE
282,4.470292878977489e-06,2025-07-01 21:37:08.451564,2025-07-01 21:37:11.802582,0 days 00:00:03.351018,identity,64,0.00013584204213162372,2,True,39,1.7309858545942205e-05,COMPLETE
283,6.097211553424131e-06,2025-07-01 21:37:11.802956,2025-07-01 21:37:15.138414,0 days 00:00:03.335458,identity,64,0.00010845268525495244,2,True,44,0.00011758877620291466,COMPLETE
284,0.05463705211877823,2025-07-01 21:37:15.138803,2025-07-01 21:37:18.639084,0 days 00:00:03.500281,sigmoid,64,0.0002098589136659217,2,True,41,1.998753346926803e-05,COMPLETE
285,6.5681674641382415e-06,2025-07-01 21:37:18.639466,2025-07-01 21:37:22.085216,0 days 00:00:03.445750,identity,64,0.0001003966065929353,2,True,81,2.337922993054495e-05,COMPLETE
286,1.2200041055621114e-05,2025-07-01 21:37:22.085593,2025-07-01 21:37:25.499690,0 days 00:00:03.414097,identity,64,0.00011839125452726886,2,True,66,1.346752902109088e-05,COMPLETE
287,5.205512934480794e-06,2025-07-01 21:37:25.500081,2025-07-01 21:37:28.932992,0 days 00:00:03.432911,identity,64,0.00040752703448742494,2,True,72,3.879723911284247e-05,COMPLETE
288,0.010690920054912567,2025-07-01 21:37:28.933374,2025-07-01 21:37:32.531731,0 days 00:00:03.598357,relu,64,0.0001309913356762399,2,True,69,1.6648090699426587e-05,COMPLETE
289,6.126486823632149e-06,2025-07-01 21:37:32.532115,2025-07-01 21:37:35.934741,0 days 00:00:03.402626,identity,64,0.0001598385769727805,2,True,58,1.868449000466891e-05,COMPLETE
290,4.710339908342576e-06,2025-07-01 21:37:35.935127,2025-07-01 21:37:39.296596,0 days 00:00:03.361469,identity,64,0.00014682101236799006,2,True,54,1.535351275260619e-05,COMPLETE
291,5.064502147433814e-06,2025-07-01 21:37:39.297029,2025-07-01 21:37:42.631840,0 days 00:00:03.334811,identity,64,0.00011688539027740264,2,True,46,2.2403554143988816e-05,COMPLETE
292,4.8040847104857676e-06,2025-07-01 21:37:42.632216,2025-07-01 21:37:45.964335,0 days 00:00:03.332119,identity,64,0.00012747097228262968,2,True,49,1.950660316894876e-05,COMPLETE
293,4.628132955986075e-06,2025-07-01 21:37:45.964727,2025-07-01 21:37:49.321565,0 days 00:00:03.356838,identity,64,0.00016933326680899664,2,True,60,2.1344508423873553e-05,COMPLETE
294,5.2364748626132496e-06,2025-07-01 21:37:49.321940,2025-07-01 21:37:51.634563,0 days 00:00:02.312623,identity,128,0.00014221412183688828,2,True,57,2.5712827021294906e-05,COMPLETE
295,8.50917786010541e-06,2025-07-01 21:37:51.634946,2025-07-01 21:37:57.128754,0 days 00:00:05.493808,identity,32,0.00018689439533332915,2,True,52,1.7806939120052355e-05,COMPLETE
296,7.740682121948339e-06,2025-07-01 21:37:57.129136,2025-07-01 21:38:00.496684,0 days 00:00:03.367548,identity,64,0.00011116411857534162,2,True,62,0.0004534824504193669,COMPLETE
297,5.194083314563613e-06,2025-07-01 21:38:00.497089,2025-07-01 21:38:03.918732,0 days 00:00:03.421643,identity,64,0.0001238550384726567,2,True,83,0.00017270584201733004,COMPLETE
298,4.227914814691758e-06,2025-07-01 21:38:03.919112,2025-07-01 21:38:07.235545,0 days 00:00:03.316433,identity,64,0.00010004996563401358,2,True,39,1.5926286574760155e-05,COMPLETE
299,5.190099273022497e-06,2025-07-01 21:38:07.235931,2025-07-01 21:38:10.555631,0 days 00:00:03.319700,identity,64,0.00015675302099221134,2,True,39,1.4378758987728004e-05,COMPLETE
300,5.226957455306547e-06,2025-07-01 21:38:10.556026,2025-07-01 21:38:13.858772,0 days 00:00:03.302746,identity,64,0.00013316873077853214,2,True,35,1.708777584533334e-05,COMPLETE
301,4.518937203101814e-06,2025-07-01 21:38:13.859149,2025-07-01 21:38:17.169865,0 days 00:00:03.310716,identity,64,0.0001091727936668597,2,True,38,1.60325686747596e-05,COMPLETE
302,8.271029400930274e-06,2025-07-01 21:38:17.170246,2025-07-01 21:38:20.492459,0 days 00:00:03.322213,identity,64,0.000144549446798906,2,True,41,0.0003157125322851259,COMPLETE
303,4.822702976525761e-06,2025-07-01 21:38:20.492867,2025-07-01 21:38:23.819929,0 days 00:00:03.327062,identity,64,0.0001229732209441393,2,True,43,1.3662021635094934e-05,COMPLETE
304,5.4826336963742506e-06,2025-07-01 21:38:23.820300,2025-07-01 21:38:27.126963,0 days 00:00:03.306663,identity,64,0.00013662530824781478,2,True,37,1.5862915191550126e-05,COMPLETE
305,2.2688205717713572e-05,2025-07-01 21:38:27.127380,2025-07-01 21:38:30.451916,0 days 00:00:03.324536,identity,64,0.0010897387637686425,2,True,46,2.036540134609836e-05,COMPLETE
306,9.610355846234597e-06,2025-07-01 21:38:30.452309,2025-07-01 21:38:33.895326,0 days 00:00:03.443017,identity,64,0.00016587108379478613,2,True,86,3.305596690618913e-05,COMPLETE
307,0.049520671367645264,2025-07-01 21:38:33.895706,2025-07-01 21:38:37.370186,0 days 00:00:03.474480,sigmoid,64,0.0012678453899397028,2,True,48,1.851310125670859e-05,COMPLETE
308,5.829808287671767e-06,2025-07-01 21:38:37.370578,2025-07-01 21:38:40.780290,0 days 00:00:03.409712,identity,64,0.00011524181968653673,2,True,78,2.3780309799102258e-05,COMPLETE
309,4.205887762509519e-06,2025-07-01 21:38:40.780676,2025-07-01 21:38:44.091765,0 days 00:00:03.311089,identity,64,0.00014933449559799444,2,True,44,4.139285041673281e-05,COMPLETE
310,5.240452082944103e-06,2025-07-01 21:38:44.092166,2025-07-01 21:38:47.412161,0 days 00:00:03.319995,identity,64,0.00012853236701495415,2,True,45,4.298368894410015e-05,COMPLETE
311,1.1561225652694702,2025-07-01 21:38:47.412541,2025-07-01 21:38:50.897617,0 days 00:00:03.485076,relu,64,0.000145126749144631,2,True,42,3.630682233184844e-05,COMPLETE
312,4.857228759647114e-06,2025-07-01 21:38:50.897996,2025-07-01 21:38:54.210959,0 days 00:00:03.312963,identity,64,0.00010670785021705445,2,True,35,4.063702058223345e-05,COMPLETE
313,4.6705117711098865e-06,2025-07-01 21:38:54.211346,2025-07-01 21:38:57.523540,0 days 00:00:03.312194,identity,64,0.0005404797346167713,2,True,40,3.5328922625222334e-05,COMPLETE
314,4.151942448515911e-06,2025-07-01 21:38:57.523910,2025-07-01 21:39:02.987004,0 days 00:00:05.463094,identity,32,0.00011965002921110064,2,True,43,3.2458052498728516e-05,COMPLETE
315,6.881793069624109e-06,2025-07-01 21:39:02.987390,2025-07-01 21:39:08.429140,0 days 00:00:05.441750,identity,32,0.00012003308384818147,2,True,45,3.321392541824174e-05,COMPLETE
316,4.247053766448516e-06,2025-07-01 21:39:08.429526,2025-07-01 21:39:13.889985,0 days 00:00:05.460459,identity,32,0.00010010698391412943,2,True,43,3.7138258226548735e-05,COMPLETE
317,7.5080151873407885e-06,2025-07-01 21:39:13.890375,2025-07-01 21:39:17.212043,0 days 00:00:03.321668,identity,64,0.00011249755526883603,2,True,48,2.6639671464072126e-05,COMPLETE
318,9.873824637907092e-06,2025-07-01 21:39:17.212439,2025-07-01 21:39:22.650362,0 days 00:00:05.437923,identity,32,0.00012332394099519488,2,True,42,4.9658639280189635e-05,COMPLETE
319,1.0201082659477834e-05,2025-07-01 21:39:22.650745,2025-07-01 21:39:28.067391,0 days 00:00:05.416646,identity,32,0.000131182267305273,2,True,37,3.1346925032361915e-05,COMPLETE
320,4.416514912009006e-06,2025-07-01 21:39:28.067775,2025-07-01 21:39:33.516805,0 days 00:00:05.449030,identity,32,0.00010987297686365156,2,True,39,3.204583787648652e-05,COMPLETE
321,6.420730187528534e-06,2025-07-01 21:39:33.517201,2025-07-01 21:39:38.993956,0 days 00:00:05.476755,identity,32,0.00011745438620505404,2,True,50,3.9238389772994885e-05,COMPLETE
322,4.5932570174045395e-06,2025-07-01 21:39:38.994351,2025-07-01 21:39:42.338458,0 days 00:00:03.344107,identity,64,0.00013178830798320137,2,True,47,2.9751353309421694e-05,COMPLETE
323,5.033817615185399e-06,2025-07-01 21:39:42.338864,2025-07-01 21:39:45.656605,0 days 00:00:03.317741,identity,64,0.00010630635879402077,2,True,45,3.5128203896346164e-05,COMPLETE
324,5.1817387429764494e-06,2025-07-01 21:39:45.657006,2025-07-01 21:39:47.890212,0 days 00:00:02.233206,identity,128,0.00013967232988465063,2,True,33,2.802326080519772e-05,COMPLETE
325,4.4033608901372645e-06,2025-07-01 21:39:47.890602,2025-07-01 21:39:51.220467,0 days 00:00:03.329865,identity,64,0.000119394498640156,2,True,41,3.136533504442699e-05,COMPLETE
326,6.5924277805606835e-06,2025-07-01 21:39:51.220877,2025-07-01 21:39:56.723046,0 days 00:00:05.502169,identity,32,0.00015407000714048858,2,True,51,1.4485305762451319e-05,COMPLETE
327,4.153715963184368e-06,2025-07-01 21:39:56.723436,2025-07-01 21:40:00.067176,0 days 00:00:03.343740,identity,64,0.00013502611299557156,2,True,43,2.422828036426994e-05,COMPLETE
328,9.172201316687278e-06,2025-07-01 21:40:00.067562,2025-07-01 21:40:03.380492,0 days 00:00:03.312930,identity,64,0.0002812325737794236,2,True,44,2.646308739665436e-05,COMPLETE
329,7.188353720266605e-06,2025-07-01 21:40:03.380895,2025-07-01 21:40:06.721399,0 days 00:00:03.340504,identity,64,0.00010029012913489728,2,True,43,2.4709432739748515e-05,COMPLETE
330,6.660685357928742e-06,2025-07-01 21:40:06.721775,2025-07-01 21:40:10.064546,0 days 00:00:03.342771,identity,64,0.000123448168198712,2,True,47,2.261276305050435e-05,COMPLETE
331,0.05224865302443504,2025-07-01 21:40:10.064964,2025-07-01 21:40:19.901409,0 days 00:00:09.836445,sigmoid,16,0.00011029690509561016,2,True,40,2.4718894059762513e-05,COMPLETE
332,4.145534148847219e-06,2025-07-01 21:40:19.901802,2025-07-01 21:40:23.265480,0 days 00:00:03.363678,identity,64,0.00013381404892138726,2,True,53,2.8404685025538377e-05,COMPLETE
333,4.6761629164393526e-06,2025-07-01 21:40:23.265873,2025-07-01 21:40:26.634411,0 days 00:00:03.368538,identity,64,0.00018482382599089702,2,True,53,2.835108604863441e-05,COMPLETE
334,5.063923708803486e-06,2025-07-01 21:40:26.634804,2025-07-01 21:40:29.876985,0 days 00:00:03.242181,identity,64,0.0001345847093487189,2,True,9,3.33390122251152e-05,COMPLETE
335,0.00030635911389254034,2025-07-01 21:40:29.877380,2025-07-01 21:40:39.707905,0 days 00:00:09.830525,relu,16,0.0003354317173772272,2,True,37,2.9168048487897504e-05,COMPLETE
336,7.65473123465199e-06,2025-07-01 21:40:39.708296,2025-07-01 21:40:43.076721,0 days 00:00:03.368425,identity,64,0.00015309082749045616,2,True,54,3.153377162161534e-05,COMPLETE
337,4.3716590880649164e-06,2025-07-01 21:40:43.077112,2025-07-01 21:40:46.427253,0 days 00:00:03.350141,identity,64,0.00017419222709550076,2,True,51,2.6874584617297322e-05,COMPLETE
338,4.3956583795079496e-06,2025-07-01 21:40:46.427650,2025-07-01 21:40:55.741940,0 days 00:00:09.314290,identity,16,0.000132500022735317,2,True,39,3.684526692507489e-05,COMPLETE
339,2.027934715442825e-05,2025-07-01 21:40:55.742323,2025-07-01 21:41:01.238140,0 days 00:00:05.495817,identity,32,0.00011802132132757544,2,True,56,3.0504170845568498e-05,COMPLETE
340,6.729324923071545e-06,2025-07-01 21:41:01.238533,2025-07-01 21:41:04.595498,0 days 00:00:03.356965,identity,64,0.0001513088053105454,2,True,60,2.4064363386897567e-05,COMPLETE
341,5.581167442869628e-06,2025-07-01 21:41:04.595898,2025-07-01 21:41:06.864388,0 days 00:00:02.268490,identity,128,0.00013808138249655886,2,True,64,2.7092641849418633e-05,COMPLETE
342,5.451175638881978e-06,2025-07-01 21:41:06.864779,2025-07-01 21:41:10.190397,0 days 00:00:03.325618,identity,64,0.0001132008921598969,2,True,42,4.4192043954395374e-05,COMPLETE
343,4.141832050663652e-06,2025-07-01 21:41:10.190781,2025-07-01 21:41:19.593994,0 days 00:00:09.403213,identity,16,0.00012614218846500335,2,True,49,3.327134925603592e-05,COMPLETE
344,7.072914741002023e-06,2025-07-01 21:41:19.594384,2025-07-01 21:41:29.013188,0 days 00:00:09.418804,identity,16,0.0001248480134284047,2,True,50,3.1228335009518905e-05,COMPLETE
345,4.737233666674001e-06,2025-07-01 21:41:29.013569,2025-07-01 21:41:38.412954,0 days 00:00:09.399385,identity,16,0.00010805370063618683,2,True,46,3.504643796879534e-05,COMPLETE
346,4.9407262849854305e-06,2025-07-01 21:41:38.413349,2025-07-01 21:41:47.840567,0 days 00:00:09.427218,identity,16,0.00012335901687678455,2,True,49,3.561571334511263e-05,COMPLETE
347,6.396217031578999e-06,2025-07-01 21:41:47.840961,2025-07-01 21:41:57.169799,0 days 00:00:09.328838,identity,16,0.00010118633847685935,2,True,44,4.1138501085352985e-05,COMPLETE
348,5.562722890317673e-06,2025-07-01 21:41:57.170182,2025-07-01 21:42:06.598409,0 days 00:00:09.428227,identity,16,0.00013382375855832416,2,True,53,3.8428225666055536e-05,COMPLETE
349,5.088544639875181e-06,2025-07-01 21:42:06.598803,2025-07-01 21:42:16.010334,0 days 00:00:09.411531,identity,16,0.00011331640777833327,2,True,49,2.928766051474822e-05,COMPLETE
350,5.749650881625712e-06,2025-07-01 21:42:16.010728,2025-07-01 21:42:25.300411,0 days 00:00:09.289683,identity,16,0.0001247732220507975,2,True,35,3.422028809265946e-05,COMPLETE
351,4.494787845032988e-06,2025-07-01 21:42:25.300813,2025-07-01 21:42:34.692804,0 days 00:00:09.391991,identity,16,0.00014636150539507103,2,True,46,3.2625445252413905e-05,COMPLETE
352,5.181305368751055e-06,2025-07-01 21:42:34.693194,2025-07-01 21:42:44.015826,0 days 00:00:09.322632,identity,16,0.00019996965513514062,2,True,41,1.0835767319443338e-05,COMPLETE
353,0.047238413244485855,2025-07-01 21:42:44.016217,2025-07-01 21:42:53.950747,0 days 00:00:09.934530,sigmoid,16,0.00010876618175756003,2,True,52,5.612700381560446e-05,COMPLETE
354,4.745942987938179e-06,2025-07-01 21:42:53.951142,2025-07-01 21:43:03.294147,0 days 00:00:09.343005,identity,16,0.0001178304790514628,2,True,43,2.655662428337753e-05,COMPLETE
355,8.71638985699974e-06,2025-07-01 21:43:03.294529,2025-07-01 21:43:06.618830,0 days 00:00:03.324301,identity,64,0.00016910694399644354,2,True,48,2.2596692123111456e-05,COMPLETE
356,6.432182090065908e-06,2025-07-01 21:43:06.619234,2025-07-01 21:43:09.990516,0 days 00:00:03.371282,identity,64,0.00013346279920872355,2,True,54,2.9881185337859488e-05,COMPLETE
357,8.340727617905941e-06,2025-07-01 21:43:09.990913,2025-07-01 21:43:15.415283,0 days 00:00:05.424370,identity,32,0.00010035524992292782,2,True,38,1.3168847234869199e-05,COMPLETE
358,1.5011058167146984e-05,2025-07-01 21:43:15.415678,2025-07-01 21:43:24.861986,0 days 00:00:09.446308,identity,16,0.0006264199202046628,2,True,51,3.363464351320834e-05,COMPLETE
359,0.008954515680670738,2025-07-01 21:43:24.862366,2025-07-01 21:43:28.351777,0 days 00:00:03.489411,relu,64,0.00015767593958866704,2,True,46,2.5364581619669506e-05,COMPLETE
360,4.004409129265696e-05,2025-07-01 21:43:28.352177,2025-07-01 21:43:31.703646,0 days 00:00:03.351469,identity,64,0.0024828513586624907,2,True,56,3.894674810297868e-05,COMPLETE
361,2.4806919100228697e-05,2025-07-01 21:43:31.704039,2025-07-01 21:43:41.021380,0 days 00:00:09.317341,identity,16,0.0002341557736203573,2,True,40,1.908315101752162e-05,COMPLETE
362,4.758754585054703e-06,2025-07-01 21:43:41.021773,2025-07-01 21:43:44.370959,0 days 00:00:03.349186,identity,64,0.00014044635722755146,2,True,43,1.5138975389106457e-05,COMPLETE
363,2.6281846658093855e-05,2025-07-01 21:43:44.371347,2025-07-01 21:43:53.624126,0 days 00:00:09.252779,identity,16,0.00012331873340110778,2,True,32,0.0005959157370897068,COMPLETE
364,5.003461410524324e-06,2025-07-01 21:43:53.624513,2025-07-01 21:43:55.897249,0 days 00:00:02.272736,identity,128,0.00010974663499620303,2,True,50,2.761822397703417e-05,COMPLETE
365,4.9494219638290815e-06,2025-07-01 21:43:55.897644,2025-07-01 21:43:59.222393,0 days 00:00:03.324749,identity,64,0.00013289077172732542,2,True,45,2.2209748317864424e-05,COMPLETE
366,4.43315320808324e-06,2025-07-01 21:43:59.222806,2025-07-01 21:44:02.602400,0 days 00:00:03.379594,identity,64,0.00011549212743525572,2,True,54,3.21148198479616e-05,COMPLETE
367,3.514489799272269e-05,2025-07-01 21:44:02.602794,2025-07-01 21:44:11.973178,0 days 00:00:09.370384,identity,16,0.00015645931412677314,2,False,48,3.684195515650033e-05,COMPLETE
368,5.234811396803707e-06,2025-07-01 21:44:11.973591,2025-07-01 21:44:15.359862,0 days 00:00:03.386271,identity,64,0.00304435113875823,2,True,58,2.0813328379292988e-05,COMPLETE
369,4.784141310665291e-06,2025-07-01 21:44:15.360274,2025-07-01 21:44:20.801763,0 days 00:00:05.441489,identity,32,0.00012653736134297624,2,True,37,1.2780616503377679e-05,COMPLETE
370,4.353630174591672e-06,2025-07-01 21:44:20.802159,2025-07-01 21:44:24.159287,0 days 00:00:03.357128,identity,64,0.00014460307449116726,2,True,52,1.8683448352082258e-05,COMPLETE
371,2.028076232818421e-05,2025-07-01 21:44:24.159689,2025-07-01 21:44:33.505013,0 days 00:00:09.345324,identity,16,0.00017185525813573712,2,True,41,4.737290547536231e-05,COMPLETE
372,6.228398433449911e-06,2025-07-01 21:44:33.505400,2025-07-01 21:44:36.862642,0 days 00:00:03.357242,identity,64,0.00011640453213739615,2,True,56,0.00014815289378556327,COMPLETE
373,5.7543625189282466e-06,2025-07-01 21:44:36.863048,2025-07-01 21:44:40.301081,0 days 00:00:03.438033,identity,64,0.00010668535199226366,2,True,74,2.427008267056813e-05,COMPLETE
374,4.297332907299278e-06,2025-07-01 21:44:40.301488,2025-07-01 21:44:49.635303,0 days 00:00:09.333815,identity,16,0.00010000543663411315,2,True,44,2.746155831219335e-05,COMPLETE
375,0.00035007635597139597,2025-07-01 21:44:49.635709,2025-07-01 21:44:52.957072,0 days 00:00:03.321363,identity,64,0.008077935931717664,2,True,48,1.5963742869135373e-05,COMPLETE
376,0.053764116019010544,2025-07-01 21:44:52.957462,2025-07-01 21:45:02.759019,0 days 00:00:09.801557,sigmoid,16,0.00013321699458925383,2,True,34,1.7724999027754872e-05,COMPLETE
377,2.044461689365562e-05,2025-07-01 21:45:02.759410,2025-07-01 21:45:06.130836,0 days 00:00:03.371426,identity,64,0.0001470392119850437,2,True,61,2.9923523680402605e-05,COMPLETE
378,4.599711701303022e-06,2025-07-01 21:45:06.131231,2025-07-01 21:45:09.541371,0 days 00:00:03.410140,identity,64,0.00012085694500253197,2,True,69,3.3833641288686656e-05,COMPLETE
379,1.5976695067365654e-05,2025-07-01 21:45:09.541766,2025-07-01 21:45:19.009851,0 days 00:00:09.468085,identity,16,0.00016361111922640005,2,True,51,2.0040149345328433e-05,COMPLETE
380,0.0005019021918997169,2025-07-01 21:45:19.010254,2025-07-01 21:45:22.495725,0 days 00:00:03.485471,relu,64,0.0001302396072996685,2,True,39,1.1783551711399609e-05,COMPLETE
381,4.1996263462351635e-06,2025-07-01 21:45:22.496128,2025-07-01 21:45:31.974122,0 days 00:00:09.477994,identity,16,0.0001422973150460519,2,True,54,4.2302822346232704e-05,COMPLETE
382,1.0501192264200654e-05,2025-07-01 21:45:31.974524,2025-07-01 21:45:41.799738,0 days 00:00:09.825214,identity,16,0.00010898559235485569,2,True,108,4.1295044764621646e-05,COMPLETE
383,9.891361514746677e-06,2025-07-01 21:45:41.800131,2025-07-01 21:45:51.289503,0 days 00:00:09.489372,identity,16,0.0001182342771656607,2,True,57,4.277980753017613e-05,COMPLETE
384,4.633291609934531e-06,2025-07-01 21:45:51.289895,2025-07-01 21:46:00.685510,0 days 00:00:09.395615,identity,16,0.00014215542414659785,2,True,46,4.032848953856412e-05,COMPLETE
385,6.641417257924331e-06,2025-07-01 21:46:00.685907,2025-07-01 21:46:10.004190,0 days 00:00:09.318283,identity,16,0.0001274707488867765,2,False,43,3.812745641835077e-05,COMPLETE
386,6.934857992746402e-06,2025-07-01 21:46:10.004591,2025-07-01 21:46:19.506963,0 days 00:00:09.502372,identity,16,0.00013973387491900875,2,True,55,3.5045595414582826e-05,COMPLETE
387,1.7469887097831815e-05,2025-07-01 21:46:19.507359,2025-07-01 21:46:28.802628,0 days 00:00:09.295269,identity,16,0.00011435924079655352,2,True,36,3.098201664067602e-05,COMPLETE
388,6.305090664682211e-06,2025-07-01 21:46:28.803032,2025-07-01 21:46:38.301563,0 days 00:00:09.498531,identity,16,0.00012520300011201264,2,True,59,4.4793657581437086e-05,COMPLETE
389,4.48922810392105e-06,2025-07-01 21:46:38.301959,2025-07-01 21:46:43.790067,0 days 00:00:05.488108,identity,32,0.00010049944804800347,2,True,49,5.00218862936303e-05,COMPLETE
390,3.8794856664026156e-05,2025-07-01 21:46:43.790472,2025-07-01 21:46:53.308317,0 days 00:00:09.517845,identity,16,0.00013741384796242255,2,True,65,2.3542030038703562e-05,COMPLETE
391,1.0754067261586897e-05,2025-07-01 21:46:53.308719,2025-07-01 21:47:02.666375,0 days 00:00:09.357656,identity,16,0.00011007602207231604,2,True,42,2.1293988457082604e-05,COMPLETE
392,6.0021320678060874e-06,2025-07-01 21:47:02.666765,2025-07-01 21:47:12.146037,0 days 00:00:09.479272,identity,16,0.00014991000500859123,2,True,53,3.727795743846853e-05,COMPLETE
393,5.932609383307863e-06,2025-07-01 21:47:12.146445,2025-07-01 21:47:14.400621,0 days 00:00:02.254176,identity,128,0.0007876998942147871,2,True,45,2.5731628404539608e-05,COMPLETE
394,4.846911451750202e-06,2025-07-01 21:47:14.401049,2025-07-01 21:47:23.871710,0 days 00:00:09.470661,identity,16,0.00011923245644147636,2,True,55,2.8060553132926136e-05,COMPLETE
395,5.209411938267294e-06,2025-07-01 21:47:23.872118,2025-07-01 21:47:33.204685,0 days 00:00:09.332567,identity,16,0.00013093534815552415,2,True,40,7.348637249211417e-05,COMPLETE
396,4.921992513118312e-06,2025-07-01 21:47:33.205098,2025-07-01 21:47:38.713615,0 days 00:00:05.508517,identity,32,0.0001100090223746731,2,True,51,3.322777501211075e-05,COMPLETE
397,4.923739470541477e-05,2025-07-01 21:47:38.714017,2025-07-01 21:47:42.056765,0 days 00:00:03.342748,identity,64,0.0049866662186947045,2,True,47,1.8155706427144085e-05,COMPLETE
398,5.551619778998429e-06,2025-07-01 21:47:42.057178,2025-07-01 21:47:51.515690,0 days 00:00:09.458512,identity,16,0.00017880545636765382,2,True,61,2.2701759497550854e-05,COMPLETE
399,0.05216497555375099,2025-07-01 21:47:51.516075,2025-07-01 21:47:54.978100,0 days 00:00:03.462025,sigmoid,64,0.00015099269322920087,2,True,39,2.9782533141843994e-05,COMPLETE
400,5.080937626189552e-06,2025-07-01 21:47:54.978505,2025-07-01 21:47:58.287635,0 days 00:00:03.309130,identity,64,0.0001239391952625562,2,True,44,1.9187193948924945e-05,COMPLETE
401,4.170512966084061e-06,2025-07-01 21:47:58.288041,2025-07-01 21:48:07.750622,0 days 00:00:09.462581,identity,16,0.0001365609889127391,2,True,55,1.688030531667858e-05,COMPLETE
402,0.00188108638394624,2025-07-01 21:48:07.751023,2025-07-01 21:48:11.260417,0 days 00:00:03.509394,relu,64,0.0001582300225633666,2,True,56,1.789820579944974e-05,COMPLETE
403,7.157887466746615e-06,2025-07-01 21:48:11.260832,2025-07-01 21:48:20.732619,0 days 00:00:09.471787,identity,16,0.0004679789937685701,2,True,58,1.6073093042539165e-05,COMPLETE
404,5.801035058539128e-06,2025-07-01 21:48:20.733030,2025-07-01 21:48:24.096800,0 days 00:00:03.363770,identity,64,0.00013933816540545935,2,True,53,1.6486290973749067e-05,COMPLETE
405,9.34802937990753e-06,2025-07-01 21:48:24.097211,2025-07-01 21:48:33.463580,0 days 00:00:09.366369,identity,16,0.00014442554028439624,2,False,51,1.4551235476053322e-05,COMPLETE
406,7.907877261459362e-06,2025-07-01 21:48:33.463982,2025-07-01 21:48:36.840752,0 days 00:00:03.376770,identity,64,0.00013187169417058428,2,True,63,0.0002659623401138804,COMPLETE
407,5.7837296481011435e-06,2025-07-01 21:48:36.841155,2025-07-01 21:48:46.342192,0 days 00:00:09.501037,identity,16,0.0001903383106896294,2,True,58,1.976261823982392e-05,COMPLETE
408,8.24919970909832e-06,2025-07-01 21:48:46.342594,2025-07-01 21:48:49.669125,0 days 00:00:03.326531,identity,64,0.0001624248015654016,2,True,49,2.041128089839163e-05,COMPLETE
409,7.572680260636844e-06,2025-07-01 21:48:49.669532,2025-07-01 21:48:53.021609,0 days 00:00:03.352077,identity,64,0.00013759619296390332,2,True,54,0.00019360286486886204,COMPLETE
410,5.229999260336626e-06,2025-07-01 21:48:53.022010,2025-07-01 21:49:02.449285,0 days 00:00:09.427275,identity,16,0.00012335379574366205,2,True,56,1.7682317130678896e-05,COMPLETE
411,7.066461421345593e-06,2025-07-01 21:49:02.449690,2025-07-01 21:49:07.948001,0 days 00:00:05.498311,identity,32,0.00015118146514821467,2,True,60,2.1892214430073954e-05,COMPLETE
412,4.5389247134153266e-06,2025-07-01 21:49:07.948403,2025-07-01 21:49:11.261853,0 days 00:00:03.313450,identity,64,0.00017086024555780646,2,True,48,2.4924141550552625e-05,COMPLETE
413,4.4643215915129986e-06,2025-07-01 21:49:11.262269,2025-07-01 21:49:20.667300,0 days 00:00:09.405031,identity,16,0.00013118535552177676,2,True,51,1.532564406365846e-05,COMPLETE
414,4.419828655954916e-06,2025-07-01 21:49:20.667694,2025-07-01 21:49:24.021476,0 days 00:00:03.353782,identity,64,0.00011842491791200552,2,True,54,1.8723812865917135e-05,COMPLETE
415,5.054941084381426e-06,2025-07-01 21:49:24.021872,2025-07-01 21:49:26.266010,0 days 00:00:02.244138,identity,128,0.0001464104321776339,2,True,45,2.160456703517601e-05,COMPLETE
416,4.494875611271709e-06,2025-07-01 21:49:26.266414,2025-07-01 21:49:29.662394,0 days 00:00:03.395980,identity,64,0.00020793680821816355,2,True,67,1.6746860476479453e-05,COMPLETE
417,6.145352017483674e-06,2025-07-01 21:49:29.662797,2025-07-01 21:49:38.996836,0 days 00:00:09.334039,identity,16,0.003792333412651357,2,True,41,2.460833582921632e-05,COMPLETE
418,7.068010745570064e-06,2025-07-01 21:49:38.997239,2025-07-01 21:49:42.336438,0 days 00:00:03.339199,identity,64,0.00011748079620450557,2,True,52,1.9792868995200576e-05,COMPLETE
419,1.3118821698299143e-05,2025-07-01 21:49:42.336876,2025-07-01 21:49:51.720787,0 days 00:00:09.383911,identity,16,0.00010019853122618361,2,True,47,2.7437729589105207e-05,COMPLETE
420,4.23519031755859e-06,2025-07-01 21:49:51.721181,2025-07-01 21:49:55.098724,0 days 00:00:03.377543,identity,64,0.00013213092201417597,2,True,57,1.6867444154996483e-05,COMPLETE
421,0.0516008585691452,2025-07-01 21:49:55.099130,2025-07-01 21:49:58.565481,0 days 00:00:03.466351,sigmoid,64,0.00015799947283830505,2,True,42,2.2924072159202132e-05,COMPLETE
422,4.414324848767137e-06,2025-07-01 21:49:58.565887,2025-07-01 21:50:08.126898,0 days 00:00:09.561011,identity,16,0.00014081527582097692,2,True,71,1.4759860068170638e-05,COMPLETE
423,5.057177986600436e-06,2025-07-01 21:50:08.127308,2025-07-01 21:50:11.503186,0 days 00:00:03.375878,identity,64,0.00010975804901221853,2,True,55,3.1344994225377154e-05,COMPLETE
424,0.0054068719036877155,2025-07-01 21:50:11.503601,2025-07-01 21:50:17.224089,0 days 00:00:05.720488,relu,32,0.00012611155611830403,2,False,50,4.504777031915165e-05,COMPLETE
425,7.94225161371287e-06,2025-07-01 21:50:17.224510,2025-07-01 21:50:26.741542,0 days 00:00:09.517032,identity,16,0.0001786059427550441,2,True,59,1.8159034087626615e-05,COMPLETE
426,4.344440185377607e-06,2025-07-01 21:50:26.741955,2025-07-01 21:50:30.085277,0 days 00:00:03.343322,identity,64,0.0003815358819404468,2,True,47,0.00013160364451628222,COMPLETE
427,1.0232233762508258e-05,2025-07-01 21:50:30.085681,2025-07-01 21:50:39.704993,0 days 00:00:09.619312,identity,16,0.0001157447322389097,2,True,82,3.548292800683286e-05,COMPLETE
428,5.3625585678673815e-06,2025-07-01 21:50:39.705391,2025-07-01 21:50:43.038723,0 days 00:00:03.333332,identity,64,0.0001487449122402387,2,True,43,2.006969204114015e-05,COMPLETE
429,7.262250164785655e-06,2025-07-01 21:50:43.039144,2025-07-01 21:50:46.402355,0 days 00:00:03.363211,identity,64,0.00012777865434310658,2,True,62,2.582820391593297e-05,COMPLETE
430,1.6908512407098897e-05,2025-07-01 21:50:46.402770,2025-07-01 21:50:55.844858,0 days 00:00:09.442088,identity,16,0.0001382735694585747,2,True,53,3.919399419217003e-05,COMPLETE
431,5.290551598591264e-06,2025-07-01 21:50:55.845262,2025-07-01 21:50:59.192293,0 days 00:00:03.347031,identity,64,0.00010882137831801127,2,True,56,1.5600940212027784e-05,COMPLETE
432,6.269705863815034e-06,2025-07-01 21:50:59.192723,2025-07-01 21:51:08.547158,0 days 00:00:09.354435,identity,16,0.00016773580319148198,2,True,45,2.8914461916012846e-05,COMPLETE
433,4.7732519306009635e-06,2025-07-01 21:51:08.547576,2025-07-01 21:51:11.875216,0 days 00:00:03.327640,identity,64,0.00011766893007316415,2,True,49,2.1490995196660126e-05,COMPLETE
434,4.493871983868303e-06,2025-07-01 21:51:11.875623,2025-07-01 21:51:21.365216,0 days 00:00:09.489593,identity,16,0.00010002859843447178,2,True,58,2.383673648756206e-05,COMPLETE
435,4.511419319896959e-06,2025-07-01 21:51:21.365635,2025-07-01 21:51:24.674764,0 days 00:00:03.309129,identity,64,0.00015481285622909454,2,True,38,5.5453636441601175e-05,COMPLETE
436,5.143082034919644e-06,2025-07-01 21:51:24.675173,2025-07-01 21:51:26.938433,0 days 00:00:02.263260,identity,128,0.00012840476296395727,2,True,52,1.7536654130212537e-05,COMPLETE
437,7.18658657206106e-06,2025-07-01 21:51:26.938843,2025-07-01 21:51:32.379392,0 days 00:00:05.440549,identity,32,0.00014248021145458613,2,True,42,3.2050889305205634e-05,COMPLETE
438,5.39740540261846e-06,2025-07-01 21:51:32.379794,2025-07-01 21:51:35.741526,0 days 00:00:03.361732,identity,64,0.00011804616054599447,2,True,54,1.945254933272998e-05,COMPLETE
439,2.4858962206053548e-05,2025-07-01 21:51:35.741949,2025-07-01 21:51:45.293846,0 days 00:00:09.551897,identity,16,0.00013374617849917078,2,True,76,2.6820748948007718e-05,COMPLETE
440,5.9135982155567035e-06,2025-07-01 21:51:45.294256,2025-07-01 21:51:48.625848,0 days 00:00:03.331592,identity,64,0.00010823620593549684,2,True,46,3.622170189380775e-05,COMPLETE
441,7.975270818860736e-06,2025-07-01 21:51:48.626259,2025-07-01 21:51:58.042998,0 days 00:00:09.416739,identity,16,0.00015908728362659454,2,True,50,1.6568350157843037e-05,COMPLETE
442,4.624788289220305e-06,2025-07-01 21:51:58.043407,2025-07-01 21:52:01.351993,0 days 00:00:03.308586,identity,64,0.00012387570759432996,2,True,40,2.2122456047058213e-05,COMPLETE
443,0.051126714795827866,2025-07-01 21:52:01.352411,2025-07-01 21:52:11.251517,0 days 00:00:09.899106,sigmoid,16,0.00013848843956961758,2,False,60,2.9968130931363917e-05,COMPLETE
444,4.938636266160756e-06,2025-07-01 21:52:11.251919,2025-07-01 21:52:14.629990,0 days 00:00:03.378071,identity,64,0.00018586331393634925,2,True,55,1.41976655893802e-05,COMPLETE
445,5.94598668612889e-06,2025-07-01 21:52:14.630416,2025-07-01 21:52:17.943811,0 days 00:00:03.313395,identity,64,0.0002556249994215611,2,True,44,3.981747583910735e-05,COMPLETE
446,4.160471689829137e-06,2025-07-01 21:52:17.944225,2025-07-01 21:52:27.337988,0 days 00:00:09.393763,identity,16,0.00011247592814728072,2,True,49,1.8457925031250488e-05,COMPLETE
447,0.0035985896829515696,2025-07-01 21:52:27.338434,2025-07-01 21:52:37.283240,0 days 00:00:09.944806,relu,16,0.0001467380407629298,2,True,49,2.031596097024687e-05,COMPLETE
448,5.683517883880995e-06,2025-07-01 21:52:37.283666,2025-07-01 21:52:46.694833,0 days 00:00:09.411167,identity,16,0.00012324571306105052,2,True,52,2.363903617976299e-05,COMPLETE
449,8.290321602544282e-06,2025-07-01 21:52:46.695260,2025-07-01 21:52:56.094137,0 days 00:00:09.398877,identity,16,0.00013568880495868526,2,True,48,1.838775798750752e-05,COMPLETE
450,6.628656137763755e-06,2025-07-01 21:52:56.094556,2025-07-01 21:53:05.515533,0 days 00:00:09.420977,identity,16,0.00011523006971966283,2,True,50,2.0989924426993675e-05,COMPLETE
451,4.4486291699286085e-06,2025-07-01 21:53:05.515939,2025-07-01 21:53:16.782527,0 days 00:00:11.266588,identity,16,0.00016576372968937512,3,True,57,3.4291846195686574e-05,COMPLETE
452,7.761222150293179e-06,2025-07-01 21:53:16.782941,2025-07-01 21:53:26.194779,0 days 00:00:09.411838,identity,16,0.00012697782096361297,2,True,47,2.604270302724122e-05,COMPLETE
453,1.078324294212507e-05,2025-07-01 21:53:26.195190,2025-07-01 21:53:35.678929,0 days 00:00:09.483739,identity,16,0.0001478716574610029,2,True,53,0.00036956393906133943,COMPLETE
454,1.924013668030966e-05,2025-07-01 21:53:35.679341,2025-07-01 21:53:45.172095,0 days 00:00:09.492754,identity,16,0.00011456732757282617,2,True,64,1.8969098160351267e-05,COMPLETE
455,4.466531208890956e-06,2025-07-01 21:53:45.172513,2025-07-01 21:53:54.604007,0 days 00:00:09.431494,identity,16,0.00013169447141054712,2,True,46,2.3268326179588186e-05,COMPLETE
456,6.812995707150549e-06,2025-07-01 21:53:54.604436,2025-07-01 21:54:04.078092,0 days 00:00:09.473656,identity,16,0.00015287503673598336,2,True,55,3.239758778436957e-05,COMPLETE
457,4.6346717681444716e-06,2025-07-01 21:54:04.078498,2025-07-01 21:54:09.696906,0 days 00:00:05.618408,identity,32,0.0001228157909755288,2,True,73,2.768267640916708e-05,COMPLETE
458,1.680703462625388e-05,2025-07-01 21:54:09.697315,2025-07-01 21:54:19.154492,0 days 00:00:09.457177,identity,16,0.00010995876928997156,2,True,51,0.0001642779677311413,COMPLETE
459,8.914382306102198e-06,2025-07-01 21:54:19.154920,2025-07-01 21:54:28.676867,0 days 00:00:09.521947,identity,16,0.0001383380571764681,2,True,59,4.7330788157374024e-05,COMPLETE
460,6.6816460275731515e-06,2025-07-01 21:54:28.677290,2025-07-01 21:54:38.278901,0 days 00:00:09.601611,identity,16,0.000168150109575418,2,True,80,6.249448944628189e-05,COMPLETE
461,5.218614660407184e-06,2025-07-01 21:54:38.279330,2025-07-01 21:54:47.751703,0 days 00:00:09.472373,identity,16,0.0001257200164923761,2,True,53,1.7640217953062696e-05,COMPLETE
462,5.095935193821788e-06,2025-07-01 21:54:47.752117,2025-07-01 21:54:50.056679,0 days 00:00:02.304562,identity,128,0.00030184131015534337,2,False,88,4.26325469978279e-05,COMPLETE
463,5.971268819848774e-06,2025-07-01 21:54:50.057114,2025-07-01 21:54:59.478578,0 days 00:00:09.421464,identity,16,0.0001478616084630157,2,True,49,2.212787812341029e-05,COMPLETE
464,4.2150950321229175e-06,2025-07-01 21:54:59.479002,2025-07-01 21:55:02.836213,0 days 00:00:03.357211,identity,64,0.00011238519965498328,2,True,43,2.0473758999374776e-05,COMPLETE
465,4.9495060920889955e-06,2025-07-01 21:55:02.836650,2025-07-01 21:55:06.163395,0 days 00:00:03.326745,identity,64,0.00010844592505639032,2,True,44,2.4810576699200003e-05,COMPLETE
466,0.05387662351131439,2025-07-01 21:55:06.163819,2025-07-01 21:55:09.669506,0 days 00:00:03.505687,sigmoid,64,0.00010807767658974505,2,True,47,3.051527627373246e-05,COMPLETE
467,6.444119662774028e-06,2025-07-01 21:55:09.669915,2025-07-01 21:55:13.003297,0 days 00:00:03.333382,identity,64,0.00012135882136947042,2,True,45,2.0820219948589195e-05,COMPLETE
468,5.835636784468079e-06,2025-07-01 21:55:13.003700,2025-07-01 21:55:16.352621,0 days 00:00:03.348921,identity,64,0.00019567756783668016,2,True,43,3.571294933734051e-05,COMPLETE
469,6.193833996803733e-06,2025-07-01 21:55:16.353052,2025-07-01 21:55:19.753177,0 days 00:00:03.400125,identity,64,0.00011607453085277065,2,True,57,1.9182327658978082e-05,COMPLETE
470,7.186152652138844e-05,2025-07-01 21:55:19.753608,2025-07-01 21:55:23.265331,0 days 00:00:03.511723,relu,64,0.0001359091197448217,2,True,49,2.7666474367835295e-05,COMPLETE
471,5.88616694585653e-06,2025-07-01 21:55:23.265738,2025-07-01 21:55:26.643729,0 days 00:00:03.377991,identity,64,0.00010755898204906453,2,True,61,2.1561917460148308e-05,COMPLETE
472,8.419688128924463e-06,2025-07-01 21:55:26.644151,2025-07-01 21:55:30.007910,0 days 00:00:03.363759,identity,64,0.00011775626921978007,2,True,52,3.707913123033631e-05,COMPLETE
473,4.192248070467031e-06,2025-07-01 21:55:30.008332,2025-07-01 21:55:33.808815,0 days 00:00:03.800483,identity,32,0.00015882796712029024,1,True,46,2.4898189488587464e-05,COMPLETE
474,4.1543221414030995e-06,2025-07-01 21:55:33.809215,2025-07-01 21:55:37.608819,0 days 00:00:03.799604,identity,32,0.00022522574220824616,1,True,47,2.5995538972074844e-05,COMPLETE
475,6.863886937935604e-06,2025-07-01 21:55:37.609219,2025-07-01 21:55:41.403905,0 days 00:00:03.794686,identity,32,0.00018754586704333153,1,True,50,2.5206063494549356e-05,COMPLETE
476,6.847611984994728e-06,2025-07-01 21:55:41.404295,2025-07-01 21:55:45.207118,0 days 00:00:03.802823,identity,32,0.00022458264947260376,1,True,47,2.7867066497753636e-05,COMPLETE
477,4.152923338551773e-06,2025-07-01 21:55:45.207522,2025-07-01 21:55:49.040491,0 days 00:00:03.832969,identity,32,0.0002668360800386665,1,True,102,2.5201709801073554e-05,COMPLETE
478,4.526082193478942e-06,2025-07-01 21:55:49.040895,2025-07-01 21:55:52.869915,0 days 00:00:03.829020,identity,32,0.0002768393785291927,1,True,101,2.4479683470586585e-05,COMPLETE
479,4.904673460259801e-06,2025-07-01 21:55:52.870303,2025-07-01 21:55:56.682693,0 days 00:00:03.812390,identity,32,0.00023360676071375224,1,True,97,2.5659338690799855e-05,COMPLETE
480,7.034354894130956e-06,2025-07-01 21:55:56.683070,2025-07-01 21:56:00.497695,0 days 00:00:03.814625,identity,32,0.00025406321968408615,1,True,94,2.9240873704328244e-05,COMPLETE
481,8.89095554157393e-06,2025-07-01 21:56:00.498082,2025-07-01 21:56:04.315909,0 days 00:00:03.817827,identity,32,0.0002107107395039488,1,True,112,2.6828905811033976e-05,COMPLETE
482,4.198455826553982e-06,2025-07-01 21:56:04.316297,2025-07-01 21:56:08.140369,0 days 00:00:03.824072,identity,32,0.00021828161746673634,1,True,102,2.317796101336744e-05,COMPLETE
483,4.429902674019104e-06,2025-07-01 21:56:08.140786,2025-07-01 21:56:11.967297,0 days 00:00:03.826511,identity,32,0.0002329498035894522,1,True,105,2.436378231153409e-05,COMPLETE
484,4.993701168132247e-06,2025-07-01 21:56:11.967699,2025-07-01 21:56:15.786431,0 days 00:00:03.818732,identity,32,0.00025496556688117184,1,True,113,2.301702628471643e-05,COMPLETE
485,4.601959972205805e-06,2025-07-01 21:56:15.786819,2025-07-01 21:56:19.562421,0 days 00:00:03.775602,identity,32,0.00020615367199525858,1,False,100,2.4053497265495682e-05,COMPLETE
486,4.25183679908514e-06,2025-07-01 21:56:19.562807,2025-07-01 21:56:23.389462,0 days 00:00:03.826655,identity,32,0.00020114739144735727,1,True,101,2.861103376688257e-05,COMPLETE
487,4.279916083760327e-06,2025-07-01 21:56:23.389853,2025-07-01 21:56:27.229395,0 days 00:00:03.839542,identity,32,0.00021993839567994745,1,True,109,2.2877906297089132e-05,COMPLETE
488,4.543884642771445e-06,2025-07-01 21:56:27.229804,2025-07-01 21:56:31.055554,0 days 00:00:03.825750,identity,32,0.0002667055100369437,1,True,119,2.5235937139483048e-05,COMPLETE
489,0.04238569736480713,2025-07-01 21:56:31.055943,2025-07-01 21:56:35.079748,0 days 00:00:04.023805,sigmoid,32,0.00021144324651264947,1,True,103,2.6381959050468338e-05,COMPLETE
490,7.503765118599404e-06,2025-07-01 21:56:35.080168,2025-07-01 21:56:38.920194,0 days 00:00:03.840026,identity,32,0.00020214613309336697,1,True,107,2.2290541311307625e-05,COMPLETE
491,5.217158104642294e-06,2025-07-01 21:56:38.920607,2025-07-01 21:56:42.742172,0 days 00:00:03.821565,identity,32,0.0002435992921132598,1,True,100,2.6620155369033874e-05,COMPLETE
492,7.406511940644123e-06,2025-07-01 21:56:42.742585,2025-07-01 21:56:46.573211,0 days 00:00:03.830626,identity,32,0.00029658217608105646,1,True,105,2.317008079469651e-05,COMPLETE
493,0.0005048150196671486,2025-07-01 21:56:46.573611,2025-07-01 21:56:50.592727,0 days 00:00:04.019116,relu,32,0.00021557356900920953,1,True,124,2.9498995464033783e-05,COMPLETE
494,1.0325448783987667e-05,2025-07-01 21:56:50.593125,2025-07-01 21:56:54.404795,0 days 00:00:03.811670,identity,32,0.00018757392930315037,1,True,93,2.124286991561781e-05,COMPLETE
495,9.239314749720506e-06,2025-07-01 21:56:54.405191,2025-07-01 21:56:58.217544,0 days 00:00:03.812353,identity,32,0.00023561157476311703,1,True,98,3.05555266594807e-05,COMPLETE
496,1.0619366548780818e-05,2025-07-01 21:56:58.217957,2025-07-01 21:57:02.042216,0 days 00:00:03.824259,identity,32,0.0002323068721814402,1,True,103,2.503072861421271e-05,COMPLETE
497,5.409888672147645e-06,2025-07-01 21:57:02.042615,2025-07-01 21:57:05.857628,0 days 00:00:03.815013,identity,32,0.000271000181179195,1,True,71,2.7830536207157312e-05,COMPLETE
498,4.372041985334363e-06,2025-07-01 21:57:05.858022,2025-07-01 21:57:12.420204,0 days 00:00:06.562182,identity,32,0.00032697150967453165,3,True,69,2.2782986724443485e-05,COMPLETE
499,4.145345428696601e-06,2025-07-01 21:57:12.420640,2025-07-01 21:57:16.215878,0 days 00:00:03.795238,identity,32,0.00019238240193205155,1,True,51,1.9924331366661135e-05,COMPLETE
