number,value,datetime_start,datetime_complete,duration,params_and_operator,params_batch_size,params_lr,params_n_sets,params_seq_length,params_shape,state
0,2.091111898422241,2025-07-17 14:50:49.083165,2025-07-17 14:51:19.707921,0 days 00:00:30.624756,prod,128,0.0018172160883196534,6,22,bell,COMPLETE
1,0.26467275619506836,2025-07-17 14:51:19.708852,2025-07-17 14:51:47.910336,0 days 00:00:28.201484,prod,64,0.00022672708836241659,9,20,sigmoid,COMPLETE
2,2.4562950134277344,2025-07-17 14:51:47.911210,2025-07-17 14:52:30.117108,0 days 00:00:42.205898,prod,32,0.002221601328033962,8,20,gaussian,COMPLETE
3,0.5146833062171936,2025-07-17 14:52:30.117890,2025-07-17 14:53:12.158653,0 days 00:00:42.040763,min,32,1.0362654636055286e-05,8,23,sigmoid,COMPLETE
4,0.9680671095848083,2025-07-17 14:53:12.159283,2025-07-17 14:53:34.593546,0 days 00:00:22.434263,prod,128,0.0009556606950236908,5,24,bell,COMPLETE
5,0.007856765761971474,2025-07-17 14:53:34.594019,2025-07-17 14:54:13.516185,0 days 00:00:38.922166,prod,32,0.0015260426898796105,5,15,gaussian,COMPLETE
6,1.6074987649917603,2025-07-17 14:54:13.516782,2025-07-17 14:54:52.126174,0 days 00:00:38.609392,min,32,1.3461116861961672e-05,7,8,sigmoid,COMPLETE
7,0.26448842883110046,2025-07-17 14:54:52.126780,2025-07-17 14:55:38.911012,0 days 00:00:46.784232,prod,32,0.009972055361575034,7,22,gaussian,COMPLETE
8,0.12116486579179764,2025-07-17 14:55:38.911608,2025-07-17 14:56:50.168792,0 days 00:01:11.257184,prod,16,0.0001695101390869622,7,11,sigmoid,COMPLETE
9,1.1199628114700317,2025-07-17 14:56:50.169550,2025-07-17 14:57:17.687778,0 days 00:00:27.518228,min,64,1.3638073043763077e-05,9,18,gaussian,COMPLETE
10,0.0005232954863458872,2025-07-17 14:57:17.688321,2025-07-17 14:58:24.071564,0 days 00:01:06.383243,min,16,0.00686301837616834,5,13,gaussian,COMPLETE
11,0.07591360062360764,2025-07-17 14:58:24.072170,2025-07-17 14:59:31.340281,0 days 00:01:07.268111,min,16,0.006213681018788022,5,14,gaussian,COMPLETE
12,6.414074420928955,2025-07-17 14:59:31.341078,2025-07-17 15:00:38.386769,0 days 00:01:07.045691,min,16,0.0006885584221270333,5,14,gaussian,COMPLETE
13,0.0640868991613388,2025-07-17 15:00:38.387614,2025-07-17 15:01:42.188631,0 days 00:01:03.801017,min,16,0.003776748666971372,6,5,gaussian,COMPLETE
14,5.248674392700195,2025-07-17 15:01:42.189433,2025-07-17 15:02:22.444760,0 days 00:00:40.255327,prod,32,0.0006483072695412139,6,11,gaussian,COMPLETE
15,0.08000268042087555,2025-07-17 15:02:22.445344,2025-07-17 15:03:31.398867,0 days 00:01:08.953523,min,16,0.0028495071724020287,5,16,gaussian,COMPLETE
16,0.0465891994535923,2025-07-17 15:03:31.399671,2025-07-17 15:03:48.212125,0 days 00:00:16.812454,prod,128,6.992321084404192e-05,6,11,bell,COMPLETE
17,2.1135828495025635,2025-07-17 15:03:48.212695,2025-07-17 15:04:13.546030,0 days 00:00:25.333335,min,64,0.0012727428176814216,5,16,gaussian,COMPLETE
18,0.1544867604970932,2025-07-17 15:04:13.546466,2025-07-17 15:05:21.697511,0 days 00:01:08.151045,min,16,0.005233899743919567,6,13,gaussian,COMPLETE
19,0.028191331773996353,2025-07-17 15:05:21.698348,2025-07-17 15:06:01.878905,0 days 00:00:40.180557,prod,32,0.00011259042015752064,5,9,bell,COMPLETE
20,0.002696054754778743,2025-07-17 15:06:01.879509,2025-07-17 15:07:15.904829,0 days 00:01:14.025320,min,16,0.00858928161848738,7,17,gaussian,COMPLETE
21,0.012292824685573578,2025-07-17 15:07:15.905639,2025-07-17 15:08:29.008730,0 days 00:01:13.103091,min,16,0.009017284458866955,8,18,gaussian,COMPLETE
22,0.379122257232666,2025-07-17 15:08:29.009574,2025-07-17 15:09:43.026743,0 days 00:01:14.017169,min,16,0.0004232786740766284,7,17,gaussian,COMPLETE
23,0.0002927251043729484,2025-07-17 15:09:43.027548,2025-07-17 15:10:51.006527,0 days 00:01:07.978979,min,16,0.004401950820963249,6,13,gaussian,COMPLETE
24,0.625966489315033,2025-07-17 15:10:51.007328,2025-07-17 15:11:58.188127,0 days 00:01:07.180799,min,16,0.00445319311942418,6,12,gaussian,COMPLETE
25,0.00048203644109889865,2025-07-17 15:11:58.188990,2025-07-17 15:13:05.890823,0 days 00:01:07.701833,min,16,0.0065993590096583895,7,7,gaussian,COMPLETE
26,0.0004599308595061302,2025-07-17 15:13:05.891682,2025-07-17 15:14:09.581741,0 days 00:01:03.690059,min,16,0.003802541365271673,6,5,gaussian,COMPLETE
27,0.0036566907074302435,2025-07-17 15:14:09.582597,2025-07-17 15:15:16.580141,0 days 00:01:06.997544,min,16,0.0025819838354952025,6,5,bell,COMPLETE
28,0.06345081329345703,2025-07-17 15:15:16.580980,2025-07-17 15:16:22.868044,0 days 00:01:06.287064,min,16,3.474089020729845e-05,7,7,sigmoid,COMPLETE
29,4.412806987762451,2025-07-17 15:16:22.868906,2025-07-17 15:16:36.135055,0 days 00:00:13.266149,min,128,0.0031480985740845843,8,7,gaussian,COMPLETE
30,0.2890452444553375,2025-07-17 15:16:36.135639,2025-07-17 15:17:44.088875,0 days 00:01:07.953236,min,16,0.0016456813867137324,6,6,bell,COMPLETE
31,0.01887967623770237,2025-07-17 15:17:44.089710,2025-07-17 15:18:51.530416,0 days 00:01:07.440706,min,16,0.005442019875899036,6,9,gaussian,COMPLETE
32,0.00035462327650748193,2025-07-17 15:18:51.531320,2025-07-17 15:19:58.887979,0 days 00:01:07.356659,min,16,0.006314677480166555,6,9,gaussian,COMPLETE
33,2.714000701904297,2025-07-17 15:19:58.888861,2025-07-17 15:20:21.615820,0 days 00:00:22.726959,min,64,0.0037837763928351654,6,9,gaussian,COMPLETE
34,0.03072444722056389,2025-07-17 15:20:21.616260,2025-07-17 15:21:29.311318,0 days 00:01:07.695058,min,16,0.0023176521903835634,7,7,gaussian,COMPLETE
35,0.422277569770813,2025-07-17 15:21:29.312161,2025-07-17 15:21:44.230553,0 days 00:00:14.918392,min,128,0.0011381654520510036,6,10,sigmoid,COMPLETE
36,0.005718916188925505,2025-07-17 15:21:44.230965,2025-07-17 15:22:53.440035,0 days 00:01:09.209070,min,16,0.0019678073402194483,9,6,gaussian,COMPLETE
37,1.9912142753601074,2025-07-17 15:22:53.440856,2025-07-17 15:23:13.945287,0 days 00:00:20.504431,min,64,0.0066079898854805395,6,5,gaussian,COMPLETE
38,0.4542291462421417,2025-07-17 15:23:13.945870,2025-07-17 15:24:22.754276,0 days 00:01:08.808406,min,16,0.000862509265913621,8,8,gaussian,COMPLETE
39,0.018360614776611328,2025-07-17 15:24:22.755094,2025-07-17 15:25:30.079681,0 days 00:01:07.324587,min,16,0.00033460872818066243,7,8,sigmoid,COMPLETE
40,0.025630904361605644,2025-07-17 15:25:30.080479,2025-07-17 15:25:45.606628,0 days 00:00:15.526149,min,128,0.004207849281180996,8,10,bell,COMPLETE
41,0.00046236536582000554,2025-07-17 15:25:45.607042,2025-07-17 15:26:52.115938,0 days 00:01:06.508896,min,16,0.007151349517282337,5,13,gaussian,COMPLETE
42,0.005744800437241793,2025-07-17 15:26:52.116747,2025-07-17 15:27:57.800493,0 days 00:01:05.683746,min,16,0.009660409642065233,5,12,gaussian,COMPLETE
43,0.037218596786260605,2025-07-17 15:27:57.801338,2025-07-17 15:29:02.608797,0 days 00:01:04.807459,min,16,0.006495050795089218,6,6,gaussian,COMPLETE
44,0.00022076396271586418,2025-07-17 15:29:02.609619,2025-07-17 15:30:23.555217,0 days 00:01:20.945598,min,16,0.0033787329467669055,7,25,gaussian,COMPLETE
45,0.013934765942394733,2025-07-17 15:30:23.556035,2025-07-17 15:31:40.139987,0 days 00:01:16.583952,prod,16,0.0033516548190037276,5,25,gaussian,COMPLETE
46,1.8675925731658936,2025-07-17 15:31:40.140810,2025-07-17 15:32:53.672287,0 days 00:01:13.531477,min,16,0.0016674779631651714,5,22,gaussian,COMPLETE
47,0.03625185415148735,2025-07-17 15:32:53.673138,2025-07-17 15:33:35.603238,0 days 00:00:41.930100,min,32,0.0022100447921708905,6,20,sigmoid,COMPLETE
48,0.22501903772354126,2025-07-17 15:33:35.603863,2025-07-17 15:34:48.398795,0 days 00:01:12.794932,prod,16,0.004831225270583256,7,14,gaussian,COMPLETE
49,0.07012656331062317,2025-07-17 15:34:48.399613,2025-07-17 15:36:00.192199,0 days 00:01:11.792586,min,16,0.00306993547120265,5,20,gaussian,COMPLETE
50,0.246245875954628,2025-07-17 15:36:00.193021,2025-07-17 15:36:27.446307,0 days 00:00:27.253286,min,64,0.0013166153491720387,7,15,gaussian,COMPLETE
51,0.0004114420444238931,2025-07-17 15:36:27.446933,2025-07-17 15:37:37.382078,0 days 00:01:09.935145,min,16,0.0074661732838287,7,12,gaussian,COMPLETE
52,0.36562061309814453,2025-07-17 15:37:37.382894,2025-07-17 15:38:48.190333,0 days 00:01:10.807439,min,16,0.0077853815925645635,7,13,gaussian,COMPLETE
53,0.029194291681051254,2025-07-17 15:38:48.191184,2025-07-17 15:39:57.918371,0 days 00:01:09.727187,min,16,0.004931285899243851,7,12,gaussian,COMPLETE
54,0.029414288699626923,2025-07-17 15:39:57.919252,2025-07-17 15:41:06.804131,0 days 00:01:08.884879,min,16,0.0038472265486032813,6,11,gaussian,COMPLETE
55,0.002372934017330408,2025-07-17 15:41:06.804974,2025-07-17 15:42:17.035325,0 days 00:01:10.230351,min,16,0.009870077508447598,8,14,gaussian,COMPLETE
56,0.046573035418987274,2025-07-17 15:42:17.036148,2025-07-17 15:42:55.836417,0 days 00:00:38.800269,min,32,0.005373952753566802,5,15,gaussian,COMPLETE
57,2.7809767723083496,2025-07-17 15:42:55.837046,2025-07-17 15:44:05.304469,0 days 00:01:09.467423,prod,16,0.0024890062116220035,6,10,gaussian,COMPLETE
58,0.016385221853852272,2025-07-17 15:44:05.305320,2025-07-17 15:45:16.043210,0 days 00:01:10.737890,min,16,0.007710667961825356,7,13,gaussian,COMPLETE
59,0.00499959709122777,2025-07-17 15:45:16.044025,2025-07-17 15:45:35.493380,0 days 00:00:19.449355,min,128,0.006055485459667754,6,16,bell,COMPLETE
60,0.03724253550171852,2025-07-17 15:45:35.493838,2025-07-17 15:46:45.192461,0 days 00:01:09.698623,min,16,0.0005202206515249693,7,12,gaussian,COMPLETE
61,0.0003364878357388079,2025-07-17 15:46:45.193312,2025-07-17 15:47:56.642200,0 days 00:01:11.448888,min,16,0.007087543244023425,7,11,gaussian,COMPLETE
62,1.9408293962478638,2025-07-17 15:47:56.643048,2025-07-17 15:49:08.025237,0 days 00:01:11.382189,min,16,0.0002019440106086137,7,11,gaussian,COMPLETE
63,0.07803350687026978,2025-07-17 15:49:08.026052,2025-07-17 15:50:19.701143,0 days 00:01:11.675091,min,16,0.007378272062576392,7,14,gaussian,COMPLETE
64,0.006159928161650896,2025-07-17 15:50:19.701980,2025-07-17 15:51:28.482685,0 days 00:01:08.780705,min,16,0.003875289841825002,8,12,gaussian,COMPLETE
65,0.1534491628408432,2025-07-17 15:51:28.483507,2025-07-17 15:52:39.013129,0 days 00:01:10.529622,min,16,0.0028664384364640257,7,13,gaussian,COMPLETE
66,0.14568550884723663,2025-07-17 15:52:39.013959,2025-07-17 15:53:08.412711,0 days 00:00:29.398752,prod,64,0.004597830308749423,6,23,sigmoid,COMPLETE
67,0.0004080109065398574,2025-07-17 15:53:08.413340,2025-07-17 15:54:15.126378,0 days 00:01:06.713038,min,16,0.007618999826907538,5,10,gaussian,COMPLETE
68,0.0544285848736763,2025-07-17 15:54:15.127249,2025-07-17 15:54:54.872346,0 days 00:00:39.745097,min,32,0.005646794466452362,8,10,gaussian,COMPLETE
69,0.012781643308699131,2025-07-17 15:54:54.872804,2025-07-17 15:56:02.339977,0 days 00:01:07.467173,min,16,4.102702477139742e-05,6,9,gaussian,COMPLETE
70,0.0022309778723865747,2025-07-17 15:56:02.340819,2025-07-17 15:57:17.520896,0 days 00:01:15.180077,min,16,0.0083445243633645,7,11,bell,COMPLETE
71,0.0009079520823433995,2025-07-17 15:57:17.521754,2025-07-17 15:58:23.271339,0 days 00:01:05.749585,min,16,0.0072180559316247506,5,12,gaussian,COMPLETE
72,0.0005659019225277007,2025-07-17 15:58:23.272169,2025-07-17 15:59:30.119521,0 days 00:01:06.847352,min,16,0.00995534924021766,5,10,gaussian,COMPLETE
73,0.004821521230041981,2025-07-17 15:59:30.120393,2025-07-17 16:00:37.882333,0 days 00:01:07.761940,min,16,0.005924826418558836,5,11,gaussian,COMPLETE
74,0.0014670720556750894,2025-07-17 16:00:37.883188,2025-07-17 16:01:44.051504,0 days 00:01:06.168316,min,16,0.0035048169557846047,5,9,gaussian,COMPLETE
75,0.0023085298016667366,2025-07-17 16:01:44.052343,2025-07-17 16:02:51.001748,0 days 00:01:06.949405,min,16,0.004736516916817164,5,13,gaussian,COMPLETE
76,0.00042233915883116424,2025-07-17 16:02:51.002606,2025-07-17 16:04:05.775273,0 days 00:01:14.772667,min,16,0.007988702962444989,6,21,gaussian,COMPLETE
77,2.0274600982666016,2025-07-17 16:04:05.776128,2025-07-17 16:04:28.233603,0 days 00:00:22.457475,min,128,0.0018860954031950311,6,25,gaussian,COMPLETE
78,0.03655215725302696,2025-07-17 16:04:28.234241,2025-07-17 16:05:41.514126,0 days 00:01:13.279885,min,16,0.008397881302970275,6,21,sigmoid,COMPLETE
79,0.06592661887407303,2025-07-17 16:05:41.514975,2025-07-17 16:07:00.124850,0 days 00:01:18.609875,prod,16,0.004089041310104208,9,19,gaussian,COMPLETE
80,2.553187847137451,2025-07-17 16:07:00.125690,2025-07-17 16:07:30.651570,0 days 00:00:30.525880,min,64,0.00597382066396227,6,24,gaussian,COMPLETE
81,0.00031873953412286937,2025-07-17 16:07:30.652218,2025-07-17 16:08:46.211549,0 days 00:01:15.559331,min,16,0.007011607889279982,6,22,gaussian,COMPLETE
82,0.0014549329644069076,2025-07-17 16:08:46.212388,2025-07-17 16:10:02.524496,0 days 00:01:16.312108,min,16,0.006703056681094513,6,23,gaussian,COMPLETE
83,0.0008349396521225572,2025-07-17 16:10:02.525356,2025-07-17 16:11:19.518274,0 days 00:01:16.992918,min,16,0.00842085408728052,6,24,gaussian,COMPLETE
84,0.03559805080294609,2025-07-17 16:11:19.519130,2025-07-17 16:12:37.466903,0 days 00:01:17.947773,min,16,0.003273076761736053,7,21,gaussian,COMPLETE
85,0.00036123901372775435,2025-07-17 16:12:37.467765,2025-07-17 16:13:44.203767,0 days 00:01:06.736002,min,16,0.005247844712213238,6,8,gaussian,COMPLETE
86,0.09584632515907288,2025-07-17 16:13:44.204591,2025-07-17 16:14:51.231689,0 days 00:01:07.027098,min,16,0.004945735821446381,6,8,gaussian,COMPLETE
87,0.0013642886187881231,2025-07-17 16:14:51.232512,2025-07-17 16:16:00.319456,0 days 00:01:09.086944,min,16,0.005899654863050239,7,8,gaussian,COMPLETE
88,1.5904351472854614,2025-07-17 16:16:00.320297,2025-07-17 16:16:46.615634,0 days 00:00:46.295337,min,32,9.800423411511417e-05,6,21,bell,COMPLETE
89,0.09533841162919998,2025-07-17 16:16:46.616280,2025-07-17 16:17:59.419211,0 days 00:01:12.802931,min,16,0.0027170859206309393,6,18,gaussian,COMPLETE
90,0.05874158814549446,2025-07-17 16:17:59.420069,2025-07-17 16:19:18.628984,0 days 00:01:19.208915,min,16,0.004286491680646423,7,22,gaussian,COMPLETE
91,0.0005250787944532931,2025-07-17 16:19:18.629832,2025-07-17 16:20:23.487944,0 days 00:01:04.858112,min,16,0.007393255676172946,6,6,gaussian,COMPLETE
92,0.020083129405975342,2025-07-17 16:20:23.488817,2025-07-17 16:21:31.192985,0 days 00:01:07.704168,min,16,0.005051461427084341,6,9,gaussian,COMPLETE
93,0.00177750363945961,2025-07-17 16:21:31.193846,2025-07-17 16:22:39.824195,0 days 00:01:08.630349,min,16,0.0092712395744949,6,10,gaussian,COMPLETE
94,0.018199140205979347,2025-07-17 16:22:39.825043,2025-07-17 16:23:56.705180,0 days 00:01:16.880137,min,16,0.0035592103331877354,6,24,gaussian,COMPLETE
95,0.0027773668989539146,2025-07-17 16:23:56.705998,2025-07-17 16:25:02.963236,0 days 00:01:06.257238,min,16,0.006588842121935104,7,5,gaussian,COMPLETE
96,1.724744439125061,2025-07-17 16:25:02.964056,2025-07-17 16:25:25.640864,0 days 00:00:22.676808,min,128,0.0044206376030249414,6,25,gaussian,COMPLETE
97,0.18368476629257202,2025-07-17 16:25:25.641282,2025-07-17 16:26:33.905190,0 days 00:01:08.263908,prod,16,0.005475096001952128,7,7,sigmoid,COMPLETE
98,0.00043221545638516545,2025-07-17 16:26:33.905828,2025-07-17 16:27:45.672889,0 days 00:01:11.767061,min,16,0.00843724566764564,6,17,gaussian,COMPLETE
99,0.09951665252447128,2025-07-17 16:27:45.673702,2025-07-17 16:28:56.640009,0 days 00:01:10.966307,min,16,0.00994392827097102,6,16,gaussian,COMPLETE
100,0.002585373818874359,2025-07-17 16:28:56.640843,2025-07-17 16:30:08.169381,0 days 00:01:11.528538,min,16,0.008285626689009545,6,17,gaussian,COMPLETE
101,0.052736327052116394,2025-07-17 16:30:08.170225,2025-07-17 16:31:21.299614,0 days 00:01:13.129389,min,16,0.002171298553264928,6,19,gaussian,COMPLETE
102,0.0072242519818246365,2025-07-17 16:31:21.300473,2025-07-17 16:32:30.445130,0 days 00:01:09.144657,min,16,0.006914241558741656,6,11,gaussian,COMPLETE
103,0.00038357259472832084,2025-07-17 16:32:30.446010,2025-07-17 16:33:49.914667,0 days 00:01:19.468657,min,16,0.007905468239984963,7,23,gaussian,COMPLETE
104,0.0004493938758969307,2025-07-17 16:33:49.915535,2025-07-17 16:35:09.313935,0 days 00:01:19.398400,min,16,0.008158534192250213,7,23,gaussian,COMPLETE
105,0.17021526396274567,2025-07-17 16:35:09.314832,2025-07-17 16:35:40.667839,0 days 00:00:31.353007,min,64,0.006203640628982086,7,22,gaussian,COMPLETE
106,0.13838407397270203,2025-07-17 16:35:40.668464,2025-07-17 16:37:00.195761,0 days 00:01:19.527297,min,16,0.007460799182315568,7,23,gaussian,COMPLETE
107,0.000665348197799176,2025-07-17 16:37:00.196622,2025-07-17 16:38:24.943494,0 days 00:01:24.746872,min,16,0.005277374210867022,7,24,bell,COMPLETE
108,0.014879285357892513,2025-07-17 16:38:24.944386,2025-07-17 16:39:06.535676,0 days 00:00:41.591290,min,32,0.00881892201038679,8,20,gaussian,COMPLETE
109,0.0005528577603399754,2025-07-17 16:39:06.536321,2025-07-17 16:40:25.240631,0 days 00:01:18.704310,min,16,0.006762838279465725,7,22,gaussian,COMPLETE
110,0.11205517500638962,2025-07-17 16:40:25.241499,2025-07-17 16:41:35.274488,0 days 00:01:10.032989,min,16,0.004581278543426082,7,9,gaussian,COMPLETE
111,0.09904665499925613,2025-07-17 16:41:35.275324,2025-07-17 16:42:54.171406,0 days 00:01:18.896082,min,16,0.007938253257108233,7,22,gaussian,COMPLETE
112,0.05273064970970154,2025-07-17 16:42:54.172266,2025-07-17 16:44:13.812298,0 days 00:01:19.640032,min,16,0.008554575440776176,7,23,gaussian,COMPLETE
113,1.9513390064239502,2025-07-17 16:44:13.813165,2025-07-17 16:45:33.338178,0 days 00:01:19.525013,min,16,1.6320894278220486e-05,7,23,gaussian,COMPLETE
114,0.0016013699350878596,2025-07-17 16:45:33.339020,2025-07-17 16:46:54.452077,0 days 00:01:21.113057,min,16,0.005636483436056032,7,25,gaussian,COMPLETE
115,0.005088534206151962,2025-07-17 16:46:54.452897,2025-07-17 16:48:12.282828,0 days 00:01:17.829931,min,16,0.007454376334939019,7,21,gaussian,COMPLETE
116,0.0006661989609710872,2025-07-17 16:48:12.283700,2025-07-17 16:49:29.282390,0 days 00:01:16.998690,min,16,0.006207949561844189,6,24,gaussian,COMPLETE
117,0.10656579583883286,2025-07-17 16:49:29.283263,2025-07-17 16:50:37.774479,0 days 00:01:08.491216,prod,16,0.009044622798910192,6,12,gaussian,COMPLETE
118,0.26314616203308105,2025-07-17 16:50:37.775392,2025-07-17 16:50:55.814759,0 days 00:00:18.039367,min,128,0.003959886771244997,7,14,sigmoid,COMPLETE
119,0.0023875278420746326,2025-07-17 16:50:55.815232,2025-07-17 16:52:15.110080,0 days 00:01:19.294848,min,16,0.0052315134800773,7,23,gaussian,COMPLETE
120,0.7161359786987305,2025-07-17 16:52:15.110952,2025-07-17 16:53:23.665600,0 days 00:01:08.554648,min,16,0.003078284037920609,6,10,gaussian,COMPLETE
121,0.0008094422519207001,2025-07-17 16:53:23.666469,2025-07-17 16:54:32.735036,0 days 00:01:09.068567,min,16,0.006819571456632963,6,11,gaussian,COMPLETE
122,0.0006960260216146708,2025-07-17 16:54:32.735872,2025-07-17 16:55:40.179574,0 days 00:01:07.443702,min,16,0.009816931477097373,6,12,gaussian,COMPLETE
123,0.00725454930216074,2025-07-17 16:55:40.180425,2025-07-17 16:56:55.088546,0 days 00:01:14.908121,min,16,0.0043580076021015185,6,21,gaussian,COMPLETE
124,0.7625206708908081,2025-07-17 16:56:55.089425,2025-07-17 16:58:08.166945,0 days 00:01:13.077520,min,16,0.00026424191663977295,6,19,gaussian,COMPLETE
125,0.17094331979751587,2025-07-17 16:58:08.167819,2025-07-17 16:59:12.562606,0 days 00:01:04.394787,min,16,0.0036364260930888503,5,7,gaussian,COMPLETE
126,0.0926678255200386,2025-07-17 16:59:12.563468,2025-07-17 17:00:23.293934,0 days 00:01:10.730466,min,16,0.0077194628474306385,8,10,gaussian,COMPLETE
127,0.3076842427253723,2025-07-17 17:00:23.294793,2025-07-17 17:00:45.494473,0 days 00:00:22.199680,min,64,0.005895811304586116,6,8,gaussian,COMPLETE
128,0.021252499893307686,2025-07-17 17:00:45.494949,2025-07-17 17:02:10.015630,0 days 00:01:24.520681,min,16,0.004931115484207231,7,24,bell,COMPLETE
129,0.035647645592689514,2025-07-17 17:02:10.016705,2025-07-17 17:03:19.289534,0 days 00:01:09.272829,min,16,0.0008484446961844608,6,11,gaussian,COMPLETE
130,0.05288330093026161,2025-07-17 17:03:19.290368,2025-07-17 17:04:06.349704,0 days 00:00:47.059336,min,32,0.008357670956131654,7,23,gaussian,COMPLETE
131,0.0008904548594728112,2025-07-17 17:04:06.350173,2025-07-17 17:05:12.976939,0 days 00:01:06.626766,min,16,0.006963620605520586,5,13,gaussian,COMPLETE
132,0.003150637960061431,2025-07-17 17:05:12.977808,2025-07-17 17:06:19.671799,0 days 00:01:06.693991,min,16,0.009974077304813436,5,13,gaussian,COMPLETE
133,0.0014555422822013497,2025-07-17 17:06:19.672654,2025-07-17 17:07:27.099041,0 days 00:01:07.426387,min,16,0.0055012883371621125,5,14,gaussian,COMPLETE
134,0.03500768169760704,2025-07-17 17:07:27.099930,2025-07-17 17:08:32.907320,0 days 00:01:05.807390,min,16,0.006261306365751123,5,12,gaussian,COMPLETE
135,0.0008261539041996002,2025-07-17 17:08:32.908191,2025-07-17 17:09:46.721508,0 days 00:01:13.813317,min,16,0.007462789666651759,5,22,gaussian,COMPLETE
136,0.0033675474114716053,2025-07-17 17:09:46.722388,2025-07-17 17:10:52.170196,0 days 00:01:05.447808,prod,16,0.0043523635031536825,6,5,gaussian,COMPLETE
137,0.0008630165830254555,2025-07-17 17:10:52.171091,2025-07-17 17:11:57.188320,0 days 00:01:05.017229,min,16,0.00854597805727122,6,6,gaussian,COMPLETE
138,0.0004139907832723111,2025-07-17 17:11:57.189214,2025-07-17 17:13:10.014324,0 days 00:01:12.825110,min,16,0.006484041692524822,7,15,gaussian,COMPLETE
139,0.0521370992064476,2025-07-17 17:13:10.015221,2025-07-17 17:14:21.338824,0 days 00:01:11.323603,min,16,0.005211245843288152,7,15,sigmoid,COMPLETE
140,0.05921804532408714,2025-07-17 17:14:21.339726,2025-07-17 17:14:41.344552,0 days 00:00:20.004826,min,128,0.006198679226158426,7,17,gaussian,COMPLETE
141,0.00040843835449777544,2025-07-17 17:14:41.345035,2025-07-17 17:15:52.511254,0 days 00:01:11.166219,min,16,0.006930427254314472,7,13,gaussian,COMPLETE
142,0.014698022976517677,2025-07-17 17:15:52.512099,2025-07-17 17:17:06.428722,0 days 00:01:13.916623,min,16,0.0069260281041462505,7,16,gaussian,COMPLETE
143,0.0003589874831959605,2025-07-17 17:17:06.429583,2025-07-17 17:18:16.382788,0 days 00:01:09.953205,min,16,0.008060342283472218,7,9,gaussian,COMPLETE
144,0.0004653257492464036,2025-07-17 17:18:16.383666,2025-07-17 17:19:26.452251,0 days 00:01:10.068585,min,16,0.007793032859541379,7,9,gaussian,COMPLETE
145,0.0009431266225874424,2025-07-17 17:19:26.453122,2025-07-17 17:20:36.484383,0 days 00:01:10.031261,min,16,0.008487357217144404,7,9,gaussian,COMPLETE
146,0.03222227096557617,2025-07-17 17:20:36.485237,2025-07-17 17:21:45.654576,0 days 00:01:09.169339,min,16,0.009962767084866285,7,8,gaussian,COMPLETE
147,0.006110009271651506,2025-07-17 17:21:45.655462,2025-07-17 17:22:58.674307,0 days 00:01:13.018845,min,16,0.006386063491273343,7,15,gaussian,COMPLETE
148,0.001967018935829401,2025-07-17 17:22:58.675404,2025-07-17 17:24:09.869440,0 days 00:01:11.194036,min,16,0.0077509326245172455,7,10,gaussian,COMPLETE
149,0.3852819502353668,2025-07-17 17:24:09.870283,2025-07-17 17:25:22.021054,0 days 00:01:12.150771,min,16,0.005780275293822204,7,14,gaussian,COMPLETE
150,0.000700173492077738,2025-07-17 17:25:22.021939,2025-07-17 17:26:43.441133,0 days 00:01:21.419194,min,16,0.004693227406415841,7,25,gaussian,COMPLETE
151,0.0002652087132446468,2025-07-17 17:26:43.441971,2025-07-17 17:27:53.482066,0 days 00:01:10.040095,min,16,0.003990781045346735,7,12,gaussian,COMPLETE
152,0.1622108370065689,2025-07-17 17:27:53.482935,2025-07-17 17:29:03.680255,0 days 00:01:10.197320,min,16,0.006820906019244917,7,12,gaussian,COMPLETE
153,0.0010512321023270488,2025-07-17 17:29:03.681143,2025-07-17 17:30:14.732776,0 days 00:01:11.051633,min,16,0.005406192512285953,7,13,gaussian,COMPLETE
154,0.01812620647251606,2025-07-17 17:30:14.733665,2025-07-17 17:31:26.576338,0 days 00:01:11.842673,min,16,0.00397437460925371,7,11,gaussian,COMPLETE
155,0.006329636555165052,2025-07-17 17:31:26.577199,2025-07-17 17:32:42.127028,0 days 00:01:15.549829,min,16,0.008501421040541452,7,18,gaussian,COMPLETE
156,0.0006877402192912996,2025-07-17 17:32:42.127888,2025-07-17 17:33:52.185752,0 days 00:01:10.057864,min,16,0.007207803248391258,7,12,gaussian,COMPLETE
157,0.0009076504502445459,2025-07-17 17:33:52.186626,2025-07-17 17:35:04.843251,0 days 00:01:12.656625,min,16,0.006366183332847567,7,8,bell,COMPLETE
158,0.3974094092845917,2025-07-17 17:35:04.844097,2025-07-17 17:35:29.413280,0 days 00:00:24.569183,min,64,0.004748063789523613,7,10,gaussian,COMPLETE
159,0.033487409353256226,2025-07-17 17:35:29.413914,2025-07-17 17:36:40.553250,0 days 00:01:11.139336,prod,16,0.003325419915763224,7,9,gaussian,COMPLETE
160,0.020052898675203323,2025-07-17 17:36:40.554128,2025-07-17 17:37:52.323970,0 days 00:01:11.769842,min,16,0.008982914074088168,7,11,gaussian,COMPLETE
161,0.0013153116451576352,2025-07-17 17:37:52.324869,2025-07-17 17:39:00.724438,0 days 00:01:08.399569,min,16,0.005777680409505323,6,13,gaussian,COMPLETE
162,0.19994717836380005,2025-07-17 17:39:00.725333,2025-07-17 17:40:09.170163,0 days 00:01:08.444830,min,16,0.0026389540605873643,6,13,gaussian,COMPLETE
163,0.0411905013024807,2025-07-17 17:40:09.171049,2025-07-17 17:41:25.545389,0 days 00:01:16.374340,min,16,0.003600229768905952,6,23,gaussian,COMPLETE
164,1.2390936613082886,2025-07-17 17:41:25.546266,2025-07-17 17:42:38.758881,0 days 00:01:13.212615,min,16,0.00013906405198528697,9,10,gaussian,COMPLETE
165,0.13094300031661987,2025-07-17 17:42:38.759784,2025-07-17 17:43:18.514752,0 days 00:00:39.754968,min,32,0.004074561544523488,7,12,gaussian,COMPLETE
166,0.000783911207690835,2025-07-17 17:43:18.515237,2025-07-17 17:44:34.314184,0 days 00:01:15.798947,min,16,0.005101016546647219,6,22,gaussian,COMPLETE
167,0.0010231868363916874,2025-07-17 17:44:34.315055,2025-07-17 17:45:46.270560,0 days 00:01:11.955505,min,16,0.007548928254259994,7,11,gaussian,COMPLETE
168,0.055533330887556076,2025-07-17 17:45:46.271444,2025-07-17 17:47:03.277675,0 days 00:01:17.006231,min,16,0.00040779723431224723,6,24,gaussian,COMPLETE
169,0.14261437952518463,2025-07-17 17:47:03.278547,2025-07-17 17:48:19.004712,0 days 00:01:15.726165,min,16,0.006341582599652234,7,20,sigmoid,COMPLETE
170,0.0002665286010596901,2025-07-17 17:48:19.005576,2025-07-17 17:49:30.732019,0 days 00:01:11.726443,min,16,0.008907041160667433,6,17,gaussian,COMPLETE
171,0.0009119954193010926,2025-07-17 17:49:30.732889,2025-07-17 17:50:42.484658,0 days 00:01:11.751769,min,16,0.008962449734791739,6,17,gaussian,COMPLETE
172,0.006391467526555061,2025-07-17 17:50:42.485534,2025-07-17 17:51:53.467475,0 days 00:01:10.981941,min,16,0.00997176328176949,6,16,gaussian,COMPLETE
173,0.6593014597892761,2025-07-17 17:51:53.468382,2025-07-17 17:53:06.131105,0 days 00:01:12.662723,min,16,0.007452281777115381,6,18,gaussian,COMPLETE
174,0.03188899904489517,2025-07-17 17:53:06.131988,2025-07-17 17:54:19.463855,0 days 00:01:13.331867,min,16,0.008126536052705876,6,19,gaussian,COMPLETE
175,0.001078736037015915,2025-07-17 17:54:19.464706,2025-07-17 17:55:27.473472,0 days 00:01:08.008766,min,16,0.0067815146011707085,6,9,gaussian,COMPLETE
176,0.16325455904006958,2025-07-17 17:55:27.474323,2025-07-17 17:55:45.366094,0 days 00:00:17.891771,min,128,0.005757578346017434,7,13,gaussian,COMPLETE
177,0.0038978320080786943,2025-07-17 17:55:45.366576,2025-07-17 17:56:55.584840,0 days 00:01:10.218264,min,16,0.004691967028455808,6,15,gaussian,COMPLETE
178,0.0003999574400950223,2025-07-17 17:56:55.585740,2025-07-17 17:58:10.880923,0 days 00:01:15.295183,min,16,0.00877953199280541,6,21,gaussian,COMPLETE
179,0.0014414459001272917,2025-07-17 17:58:10.881810,2025-07-17 17:59:22.773759,0 days 00:01:11.891949,min,16,0.008188454311758834,7,14,gaussian,COMPLETE
180,0.00045650554238818586,2025-07-17 17:59:22.774624,2025-07-17 18:00:37.888810,0 days 00:01:15.114186,min,16,0.008785345838239823,6,21,gaussian,COMPLETE
181,0.0009736581705510616,2025-07-17 18:00:37.911076,2025-07-17 18:01:53.163252,0 days 00:01:15.252176,min,16,0.008958837556349615,6,21,gaussian,COMPLETE
182,0.0010928987758234143,2025-07-17 18:01:53.164156,2025-07-17 18:03:08.326217,0 days 00:01:15.162061,min,16,0.007331160101202386,6,21,gaussian,COMPLETE
183,0.005857378244400024,2025-07-17 18:03:08.327114,2025-07-17 18:04:24.101190,0 days 00:01:15.774076,min,16,0.008809580340135494,6,22,gaussian,COMPLETE
184,0.0005739525659009814,2025-07-17 18:04:24.102066,2025-07-17 18:05:38.419615,0 days 00:01:14.317549,min,16,0.009950849407809235,6,20,gaussian,COMPLETE
185,0.04341941326856613,2025-07-17 18:05:38.420522,2025-07-17 18:06:53.691014,0 days 00:01:15.270492,min,16,0.006893668732411943,6,21,gaussian,COMPLETE
186,0.00040866530616767704,2025-07-17 18:06:53.691904,2025-07-17 18:08:11.169499,0 days 00:01:17.477595,min,16,0.00776786107187924,7,20,gaussian,COMPLETE
187,0.004244170617312193,2025-07-17 18:08:11.170366,2025-07-17 18:09:28.711428,0 days 00:01:17.541062,min,16,0.005884374601357802,7,20,gaussian,COMPLETE
188,0.0007503022789023817,2025-07-17 18:09:28.712307,2025-07-17 18:10:52.271405,0 days 00:01:23.559098,min,16,0.007606876795556821,7,22,bell,COMPLETE
189,0.41236308217048645,2025-07-17 18:10:52.272307,2025-07-17 18:12:13.469378,0 days 00:01:21.197071,prod,16,0.0065138950229709615,7,23,gaussian,COMPLETE
190,0.23170550167560577,2025-07-17 18:12:13.470284,2025-07-17 18:12:42.224110,0 days 00:00:28.753826,min,64,0.0052130909338570786,7,17,gaussian,COMPLETE
191,0.0003468252834863961,2025-07-17 18:12:42.224568,2025-07-17 18:13:59.602844,0 days 00:01:17.378276,min,16,0.008386576987477731,7,20,gaussian,COMPLETE
192,0.0008879951201379299,2025-07-17 18:13:59.603685,2025-07-17 18:15:18.226641,0 days 00:01:18.622956,min,16,0.007157698887808655,7,20,gaussian,COMPLETE
193,0.0028179106302559376,2025-07-17 18:15:18.227518,2025-07-17 18:16:34.697865,0 days 00:01:16.470347,min,16,0.008088165687239758,7,19,gaussian,COMPLETE
194,0.28992486000061035,2025-07-17 18:16:34.698754,2025-07-17 18:17:53.719303,0 days 00:01:19.020549,min,16,0.006231326971154313,7,22,gaussian,COMPLETE
195,0.0010995699558407068,2025-07-17 18:17:53.720198,2025-07-17 18:19:11.771270,0 days 00:01:18.051072,min,16,0.007921593649126516,7,21,gaussian,COMPLETE
196,1.0231976509094238,2025-07-17 18:19:11.772157,2025-07-17 18:20:27.804689,0 days 00:01:16.032532,min,16,4.896441308945757e-05,7,19,gaussian,COMPLETE
197,0.0006185199017636478,2025-07-17 18:20:27.805740,2025-07-17 18:21:44.949291,0 days 00:01:17.143551,min,16,0.0099313629541575,7,20,gaussian,COMPLETE
198,0.0023645786568522453,2025-07-17 18:21:44.950180,2025-07-17 18:22:53.993984,0 days 00:01:09.043804,min,16,0.006868796398156383,7,8,gaussian,COMPLETE
199,0.5046982169151306,2025-07-17 18:22:53.994849,2025-07-17 18:23:33.696906,0 days 00:00:39.702057,min,32,0.005605057072767211,7,12,gaussian,COMPLETE
200,0.01929304748773575,2025-07-17 18:23:33.697605,2025-07-17 18:24:51.585874,0 days 00:01:17.888269,min,16,0.008307096471984458,7,21,gaussian,COMPLETE
201,0.00031612461316399276,2025-07-17 18:24:51.586756,2025-07-17 18:26:06.286686,0 days 00:01:14.699930,min,16,0.008931207565055502,6,21,gaussian,COMPLETE
202,0.002958983648568392,2025-07-17 18:26:06.287579,2025-07-17 18:27:17.361286,0 days 00:01:11.073707,min,16,0.009177707302239166,6,16,gaussian,COMPLETE
203,0.00033672942663542926,2025-07-17 18:27:17.362187,2025-07-17 18:28:32.857828,0 days 00:01:15.495641,min,16,0.007277332771937483,6,22,gaussian,COMPLETE
204,0.12919466197490692,2025-07-17 18:28:32.858687,2025-07-17 18:29:48.345716,0 days 00:01:15.487029,min,16,0.00628067217915398,6,22,gaussian,COMPLETE
205,0.0005247323424555361,2025-07-17 18:29:48.346596,2025-07-17 18:31:03.233545,0 days 00:01:14.886949,min,16,0.007458740782931447,6,21,gaussian,COMPLETE
206,0.0006098831654526293,2025-07-17 18:31:03.234415,2025-07-17 18:32:18.812663,0 days 00:01:15.578248,min,16,0.006755109494918178,6,22,gaussian,COMPLETE
207,0.046202100813388824,2025-07-17 18:32:18.813524,2025-07-17 18:33:28.990553,0 days 00:01:10.177029,min,16,0.008693006212784543,6,15,gaussian,COMPLETE
208,0.005850399378687143,2025-07-17 18:33:28.991449,2025-07-17 18:34:41.519557,0 days 00:01:12.528108,min,16,0.005315255057961008,6,20,sigmoid,COMPLETE
209,0.00038735527778044343,2025-07-17 18:34:41.520423,2025-07-17 18:35:55.642731,0 days 00:01:14.122308,min,16,0.007703058235855557,6,20,gaussian,COMPLETE
210,0.011587095446884632,2025-07-17 18:35:55.643638,2025-07-17 18:37:09.801751,0 days 00:01:14.158113,min,16,0.00730399298784597,6,20,gaussian,COMPLETE
211,0.001240936224348843,2025-07-17 18:37:09.802648,2025-07-17 18:38:24.801465,0 days 00:01:14.998817,min,16,0.009991699652769954,6,21,gaussian,COMPLETE
212,0.0007795279962010682,2025-07-17 18:38:24.802384,2025-07-17 18:39:38.799704,0 days 00:01:13.997320,min,16,0.008078459070980483,6,20,gaussian,COMPLETE
213,0.0003721608954947442,2025-07-17 18:39:38.800581,2025-07-17 18:40:52.824605,0 days 00:01:14.024024,min,16,0.006027173819122984,6,20,gaussian,COMPLETE
214,0.0008668681257404387,2025-07-17 18:40:52.825488,2025-07-17 18:42:06.212721,0 days 00:01:13.387233,min,16,0.006244481142531926,6,19,gaussian,COMPLETE
215,0.00158420589286834,2025-07-17 18:42:06.231857,2025-07-17 18:43:20.500588,0 days 00:01:14.268731,min,16,0.005857000132393553,6,20,gaussian,COMPLETE
216,0.1091156154870987,2025-07-17 18:43:20.501459,2025-07-17 18:44:35.614824,0 days 00:01:15.113365,min,16,0.004822270960258589,6,21,gaussian,COMPLETE
217,0.29871100187301636,2025-07-17 18:44:35.615682,2025-07-17 18:45:49.860772,0 days 00:01:14.245090,min,16,0.007103988806870041,6,20,gaussian,COMPLETE
218,2.700913667678833,2025-07-17 18:45:49.861688,2025-07-17 18:46:06.219144,0 days 00:00:16.357456,min,128,0.006410812151230824,6,12,gaussian,COMPLETE
219,0.16130031645298004,2025-07-17 18:46:06.219601,2025-07-17 18:47:21.972916,0 days 00:01:15.753315,min,16,0.004285770804871271,6,22,gaussian,COMPLETE
220,0.0005907564191147685,2025-07-17 18:47:21.973761,2025-07-17 18:48:32.950490,0 days 00:01:10.976729,min,16,0.00768006966578888,8,10,gaussian,COMPLETE
221,0.023307912051677704,2025-07-17 18:48:32.951363,2025-07-17 18:49:46.574810,0 days 00:01:13.623447,min,16,0.009177564475803061,6,19,gaussian,COMPLETE
222,0.0029520250391215086,2025-07-17 18:49:46.575695,2025-07-17 18:51:01.851266,0 days 00:01:15.275571,min,16,0.008153640896789048,6,21,gaussian,COMPLETE
223,0.00034449895611032844,2025-07-17 18:51:01.852177,2025-07-17 18:52:11.325135,0 days 00:01:09.472958,min,16,0.006704772170645549,6,11,gaussian,COMPLETE
224,0.0009324555285274982,2025-07-17 18:52:11.326076,2025-07-17 18:53:20.639098,0 days 00:01:09.313022,min,16,0.005727498985352678,6,11,gaussian,COMPLETE
225,0.00046764922444708645,2025-07-17 18:53:20.639984,2025-07-17 18:54:29.434125,0 days 00:01:08.794141,min,16,0.006711982144350503,6,10,gaussian,COMPLETE
226,0.00038929443689994514,2025-07-17 18:54:29.434983,2025-07-17 18:55:39.977691,0 days 00:01:10.542708,prod,16,0.005307032513971717,6,11,gaussian,COMPLETE
227,0.0005409092991612852,2025-07-17 18:55:39.978629,2025-07-17 18:56:53.283504,0 days 00:01:13.304875,prod,16,0.005217891183401228,7,11,gaussian,COMPLETE
228,0.0004401814076118171,2025-07-17 18:56:53.284385,2025-07-17 18:58:07.609985,0 days 00:01:14.325600,prod,16,0.005662401244409893,6,11,bell,COMPLETE
229,0.0037810199428349733,2025-07-17 18:58:07.610911,2025-07-17 18:59:20.682037,0 days 00:01:13.071126,prod,16,0.0044824361127732745,7,11,gaussian,COMPLETE
230,0.0007649597828276455,2025-07-17 18:59:20.682941,2025-07-17 19:00:29.542428,0 days 00:01:08.859487,prod,16,0.006981601935765513,6,9,gaussian,COMPLETE
231,0.0007429225370287895,2025-07-17 19:00:29.543321,2025-07-17 19:01:39.483557,0 days 00:01:09.940236,prod,16,0.007568779447891271,6,10,gaussian,COMPLETE
232,0.009194796904921532,2025-07-17 19:01:39.484453,2025-07-17 19:02:47.154331,0 days 00:01:07.669878,min,16,0.006264251042163596,6,12,gaussian,COMPLETE
233,0.007999132387340069,2025-07-17 19:02:47.155254,2025-07-17 19:03:56.734441,0 days 00:01:09.579187,min,16,0.008673703536307432,6,11,gaussian,COMPLETE
234,0.7559313774108887,2025-07-17 19:03:56.735341,2025-07-17 19:05:11.703278,0 days 00:01:14.967937,min,16,2.2480641036503266e-05,6,21,gaussian,COMPLETE
235,0.3530418574810028,2025-07-17 19:05:11.704231,2025-07-17 19:06:20.421055,0 days 00:01:08.716824,min,16,0.007391454834274553,6,13,gaussian,COMPLETE
236,0.0005813234020024538,2025-07-17 19:06:20.421967,2025-07-17 19:07:28.760639,0 days 00:01:08.338672,min,16,0.005049632091198586,7,7,gaussian,COMPLETE
237,1.5862555503845215,2025-07-17 19:07:28.761579,2025-07-17 19:07:57.351857,0 days 00:00:28.590278,min,64,0.006448446863578826,6,20,gaussian,COMPLETE
238,0.08530152589082718,2025-07-17 19:07:57.352368,2025-07-17 19:09:09.499499,0 days 00:01:12.147131,min,16,0.008794875763660098,7,14,gaussian,COMPLETE
239,0.00036181227187626064,2025-07-17 19:09:09.500385,2025-07-17 19:10:17.208173,0 days 00:01:07.707788,min,16,0.007660486638891647,6,12,gaussian,COMPLETE
240,0.00039445681613869965,2025-07-17 19:10:17.209082,2025-07-17 19:11:25.900569,0 days 00:01:08.691487,prod,16,0.005496938960419732,6,12,gaussian,COMPLETE
241,0.00044741458259522915,2025-07-17 19:11:25.901474,2025-07-17 19:12:34.576013,0 days 00:01:08.674539,prod,16,0.005764439175993958,6,12,gaussian,COMPLETE
242,0.0003982330672442913,2025-07-17 19:12:34.576933,2025-07-17 19:13:43.111584,0 days 00:01:08.534651,prod,16,0.006818424382051159,6,12,gaussian,COMPLETE
243,0.0004387603548821062,2025-07-17 19:13:43.112491,2025-07-17 19:14:51.560878,0 days 00:01:08.448387,prod,16,0.007356567134243573,6,12,gaussian,COMPLETE
244,0.0006677781348116696,2025-07-17 19:14:51.561788,2025-07-17 19:16:00.064735,0 days 00:01:08.502947,prod,16,0.005093608686255954,6,12,gaussian,COMPLETE
245,0.8479465246200562,2025-07-17 19:16:00.065616,2025-07-17 19:17:08.655871,0 days 00:01:08.590255,prod,16,0.0006934673625570746,6,12,gaussian,COMPLETE
246,0.00046087661758065224,2025-07-17 19:17:08.656738,2025-07-17 19:18:18.918426,0 days 00:01:10.261688,prod,16,0.007912295063050368,6,11,gaussian,COMPLETE
247,0.002311582211405039,2025-07-17 19:18:18.919348,2025-07-17 19:19:27.422586,0 days 00:01:08.503238,prod,16,0.0038942424196642964,6,12,gaussian,COMPLETE
248,0.0012941244058310986,2025-07-17 19:19:27.423404,2025-07-17 19:20:36.766456,0 days 00:01:09.343052,prod,16,0.006718287485389162,6,13,gaussian,COMPLETE
249,0.013724501244723797,2025-07-17 19:20:36.767382,2025-07-17 19:21:44.142119,0 days 00:01:07.374737,prod,16,0.005686583817675699,6,12,sigmoid,COMPLETE
250,0.029500961303710938,2025-07-17 19:21:44.142987,2025-07-17 19:22:54.325423,0 days 00:01:10.182436,prod,16,0.0013670144193622658,6,11,gaussian,COMPLETE
251,0.11561023443937302,2025-07-17 19:22:54.326335,2025-07-17 19:23:33.473135,0 days 00:00:39.146800,prod,32,0.00892573781487694,6,13,gaussian,COMPLETE
252,0.15588544309139252,2025-07-17 19:23:33.473748,2025-07-17 19:24:41.139471,0 days 00:01:07.665723,min,16,0.004572112554672858,6,12,gaussian,COMPLETE
253,0.0012134441640228033,2025-07-17 19:24:41.144513,2025-07-17 19:25:47.910715,0 days 00:01:06.766202,min,16,0.007407390528410269,6,8,gaussian,COMPLETE
254,0.00042574485996738076,2025-07-17 19:25:47.911647,2025-07-17 19:26:55.731294,0 days 00:01:07.819647,min,16,0.00624578714682517,6,9,gaussian,COMPLETE
255,0.11678137630224228,2025-07-17 19:26:55.732227,2025-07-17 19:27:11.555187,0 days 00:00:15.822960,min,128,0.008020369639614994,6,11,gaussian,COMPLETE
256,0.0003893546527251601,2025-07-17 19:27:11.555649,2025-07-17 19:28:21.252727,0 days 00:01:09.697078,prod,16,0.00981432424047099,6,10,gaussian,COMPLETE
257,0.23507751524448395,2025-07-17 19:28:21.262898,2025-07-17 19:29:31.088946,0 days 00:01:09.826048,prod,16,0.00995561608981464,6,10,gaussian,COMPLETE
258,0.0009458263521082699,2025-07-17 19:29:31.089896,2025-07-17 19:30:40.942484,0 days 00:01:09.852588,prod,16,0.009315439354992105,6,10,gaussian,COMPLETE
259,0.00036700686905533075,2025-07-17 19:30:40.943458,2025-07-17 19:31:50.610954,0 days 00:01:09.667496,prod,16,0.008542877559111827,6,10,gaussian,COMPLETE
260,0.004296162631362677,2025-07-17 19:31:50.611887,2025-07-17 19:33:00.410854,0 days 00:01:09.798967,prod,16,0.008732023333023586,6,10,gaussian,COMPLETE
261,0.000778819143306464,2025-07-17 19:33:00.411818,2025-07-17 19:34:12.890291,0 days 00:01:12.478473,prod,16,0.006877784164267919,6,9,bell,COMPLETE
262,0.0038323462940752506,2025-07-17 19:34:12.891225,2025-07-17 19:35:22.553543,0 days 00:01:09.662318,prod,16,0.005294927084931453,6,10,gaussian,COMPLETE
263,0.011507425457239151,2025-07-17 19:35:22.554468,2025-07-17 19:36:32.800956,0 days 00:01:10.246488,prod,16,0.009823315982921917,6,11,gaussian,COMPLETE
264,0.004021934699267149,2025-07-17 19:36:32.834323,2025-07-17 19:37:42.706992,0 days 00:01:09.872669,prod,16,0.00837949403188485,6,10,gaussian,COMPLETE
265,0.01286450307816267,2025-07-17 19:37:42.707978,2025-07-17 19:39:01.485912,0 days 00:01:18.777934,prod,16,0.00619383716343378,6,25,gaussian,COMPLETE
266,2.5553832054138184,2025-07-17 19:39:01.486857,2025-07-17 19:39:24.594974,0 days 00:00:23.108117,prod,64,0.0043325993971603275,6,9,gaussian,COMPLETE
267,0.0003715850762091577,2025-07-17 19:39:24.595662,2025-07-17 19:40:35.017052,0 days 00:01:10.421390,prod,16,0.006932494621697564,6,11,gaussian,COMPLETE
268,0.038617588579654694,2025-07-17 19:40:35.017979,2025-07-17 19:41:45.392042,0 days 00:01:10.374063,prod,16,0.0033396687257469973,6,11,gaussian,COMPLETE
269,0.0005405964329838753,2025-07-17 19:41:45.392968,2025-07-17 19:42:55.470206,0 days 00:01:10.077238,prod,16,0.007978602350216368,6,11,gaussian,COMPLETE
270,0.0004957406199537218,2025-07-17 19:42:55.471157,2025-07-17 19:44:05.491477,0 days 00:01:10.020320,prod,16,0.005655845568806435,6,10,gaussian,COMPLETE
271,0.0050043873488903046,2025-07-17 19:44:05.492340,2025-07-17 19:45:15.845031,0 days 00:01:10.352691,prod,16,0.007017180823572898,6,11,gaussian,COMPLETE
272,0.011523673310875893,2025-07-17 19:45:15.845980,2025-07-17 19:45:54.651596,0 days 00:00:38.805616,prod,32,0.008520189391003725,6,8,gaussian,COMPLETE
273,0.0003066404315177351,2025-07-17 19:45:54.652106,2025-07-17 19:47:11.408304,0 days 00:01:16.756198,prod,16,0.009779860365069842,6,22,gaussian,COMPLETE
274,0.00030967130442149937,2025-07-17 19:47:11.409225,2025-07-17 19:48:26.980911,0 days 00:01:15.571686,prod,16,0.009647282181371675,6,22,sigmoid,COMPLETE
275,0.13863505423069,2025-07-17 19:48:26.981873,2025-07-17 19:49:42.431254,0 days 00:01:15.449381,prod,16,0.009528389054532646,6,22,sigmoid,COMPLETE
276,0.10365055501461029,2025-07-17 19:49:42.432188,2025-07-17 19:50:57.892351,0 days 00:01:15.460163,prod,16,0.004872377184649564,6,22,sigmoid,COMPLETE
277,0.000451026571681723,2025-07-17 19:50:57.893263,2025-07-17 19:52:14.164912,0 days 00:01:16.271649,prod,16,0.008825837436415653,6,23,sigmoid,COMPLETE
278,0.0005074738874100149,2025-07-17 19:52:14.165860,2025-07-17 19:53:30.451349,0 days 00:01:16.285489,prod,16,0.009933183768507778,6,23,sigmoid,COMPLETE
279,0.0003113206767011434,2025-07-17 19:53:30.452306,2025-07-17 19:54:45.923189,0 days 00:01:15.470883,prod,16,0.009979162810014715,6,22,sigmoid,COMPLETE
280,0.366163969039917,2025-07-17 19:54:45.924133,2025-07-17 19:56:01.368412,0 days 00:01:15.444279,prod,16,0.009291636831314835,6,22,sigmoid,COMPLETE
281,0.02793710306286812,2025-07-17 19:56:01.369356,2025-07-17 19:57:16.761332,0 days 00:01:15.391976,prod,16,0.0010127857639158357,6,22,sigmoid,COMPLETE
282,0.055771056562662125,2025-07-17 19:57:16.762270,2025-07-17 19:57:37.825488,0 days 00:00:21.063218,prod,128,0.007785113538653691,6,23,gaussian,COMPLETE
283,0.00023036028142087162,2025-07-17 19:57:37.826158,2025-07-17 19:58:53.183677,0 days 00:01:15.357519,prod,16,0.008174847657263245,6,22,sigmoid,COMPLETE
284,0.0004901807405985892,2025-07-17 19:58:53.184581,2025-07-17 20:00:08.602580,0 days 00:01:15.417999,prod,16,0.009550822576928523,6,22,sigmoid,COMPLETE
285,0.013413090258836746,2025-07-17 20:00:08.603496,2025-07-17 20:01:23.954032,0 days 00:01:15.350536,prod,16,0.007969940334090677,6,22,sigmoid,COMPLETE
286,0.000408183695981279,2025-07-17 20:01:23.954972,2025-07-17 20:02:40.123182,0 days 00:01:16.168210,prod,16,0.00973311834748502,6,23,sigmoid,COMPLETE
287,0.0013585749547928572,2025-07-17 20:02:40.124152,2025-07-17 20:03:55.528174,0 days 00:01:15.404022,prod,16,0.00807305122424447,6,22,sigmoid,COMPLETE
288,0.0477588064968586,2025-07-17 20:03:55.529093,2025-07-17 20:05:12.393684,0 days 00:01:16.864591,prod,16,0.009813023038991734,6,24,sigmoid,COMPLETE
289,0.0673595666885376,2025-07-17 20:05:12.394618,2025-07-17 20:06:28.514939,0 days 00:01:16.120321,prod,16,0.007300858388951379,6,23,sigmoid,COMPLETE
290,0.2573865056037903,2025-07-17 20:06:28.515893,2025-07-17 20:07:49.463123,0 days 00:01:20.947230,prod,16,0.009938842361633159,6,22,bell,COMPLETE
291,0.11418171226978302,2025-07-17 20:07:49.464113,2025-07-17 20:09:04.085896,0 days 00:01:14.621783,prod,16,0.008429773690569993,6,21,sigmoid,COMPLETE
292,0.0026699441950768232,2025-07-17 20:09:04.086866,2025-07-17 20:10:19.505603,0 days 00:01:15.418737,prod,16,0.006570449137579028,6,22,sigmoid,COMPLETE
293,0.07524475455284119,2025-07-17 20:10:19.506542,2025-07-17 20:11:33.196138,0 days 00:01:13.689596,min,16,0.008202236829345738,6,21,sigmoid,COMPLETE
294,0.04994907230138779,2025-07-17 20:11:33.197050,2025-07-17 20:11:54.625124,0 days 00:00:21.428074,min,64,0.00720303743370908,6,7,sigmoid,COMPLETE
295,0.04986313730478287,2025-07-17 20:11:54.625852,2025-07-17 20:13:14.555555,0 days 00:01:19.929703,prod,16,0.006194280239998428,9,22,sigmoid,COMPLETE
296,0.002377622528001666,2025-07-17 20:13:14.556522,2025-07-17 20:14:31.004907,0 days 00:01:16.448385,min,16,0.009989330350399643,6,23,gaussian,COMPLETE
297,0.010498207062482834,2025-07-17 20:14:31.005670,2025-07-17 20:15:46.054666,0 days 00:01:15.048996,min,16,0.00298708619308358,6,21,gaussian,COMPLETE
298,0.02464333176612854,2025-07-17 20:15:46.055687,2025-07-17 20:16:31.547549,0 days 00:00:45.491862,prod,32,8.806637166056918e-05,6,24,gaussian,COMPLETE
299,0.0003886640479322523,2025-07-17 20:16:31.548082,2025-07-17 20:17:39.443989,0 days 00:01:07.895907,min,16,0.003943283077215904,6,9,gaussian,COMPLETE
300,0.011646712198853493,2025-07-17 20:17:39.444998,2025-07-17 20:18:45.034860,0 days 00:01:05.589862,min,16,0.003527203168231553,6,8,sigmoid,COMPLETE
301,0.10998295992612839,2025-07-17 20:18:45.035845,2025-07-17 20:19:53.075150,0 days 00:01:08.039305,min,16,0.004228940225213311,6,9,gaussian,COMPLETE
302,0.0005237062578089535,2025-07-17 20:19:53.076100,2025-07-17 20:21:00.986925,0 days 00:01:07.910825,min,16,0.004850129860228207,6,9,gaussian,COMPLETE
303,0.00042945085442624986,2025-07-17 20:21:00.987887,2025-07-17 20:22:08.843088,0 days 00:01:07.855201,min,16,0.0036177770670872936,6,9,gaussian,COMPLETE
304,0.02796003594994545,2025-07-17 20:22:08.844026,2025-07-17 20:23:24.571697,0 days 00:01:15.727671,min,16,0.0039937600716062165,6,22,gaussian,COMPLETE
305,0.0009990514954552054,2025-07-17 20:23:24.572653,2025-07-17 20:24:42.589580,0 days 00:01:18.016927,min,16,0.00596099691749078,6,25,gaussian,COMPLETE
306,0.057467419654130936,2025-07-17 20:24:42.590551,2025-07-17 20:25:59.108932,0 days 00:01:16.518381,min,16,0.007136002803880686,6,23,gaussian,COMPLETE
307,0.06409760564565659,2025-07-17 20:25:59.109891,2025-07-17 20:26:19.375776,0 days 00:00:20.265885,min,128,0.005027235016016445,8,22,bell,COMPLETE
308,1.568163514137268,2025-07-17 20:26:19.376297,2025-07-17 20:27:34.304541,0 days 00:01:14.928244,min,16,0.0001651886555197805,6,21,gaussian,COMPLETE
309,0.0003534094721544534,2025-07-17 20:27:34.305476,2025-07-17 20:28:47.593012,0 days 00:01:13.287536,min,16,0.007560430107885462,6,19,gaussian,COMPLETE
310,0.0010598133085295558,2025-07-17 20:28:47.593921,2025-07-17 20:30:01.699343,0 days 00:01:14.105422,min,16,0.007763209179726077,6,20,gaussian,COMPLETE
311,0.019577810540795326,2025-07-17 20:30:01.700289,2025-07-17 20:31:13.589027,0 days 00:01:11.888738,min,16,0.006505244353291824,6,19,sigmoid,COMPLETE
312,0.00030449722544290125,2025-07-17 20:31:13.589781,2025-07-17 20:32:26.873713,0 days 00:01:13.283932,min,16,0.00822001059592654,6,19,gaussian,COMPLETE
313,0.0014438306679949164,2025-07-17 20:32:26.874784,2025-07-17 20:33:40.350314,0 days 00:01:13.475530,min,16,0.008428892251526644,6,19,gaussian,COMPLETE
314,0.105329729616642,2025-07-17 20:33:40.351279,2025-07-17 20:34:53.241842,0 days 00:01:12.890563,min,16,0.008330060890728793,6,18,gaussian,COMPLETE
315,0.0007447057287208736,2025-07-17 20:34:53.242785,2025-07-17 20:36:06.711842,0 days 00:01:13.469057,min,16,0.007292758382257584,6,19,gaussian,COMPLETE
316,0.4895840585231781,2025-07-17 20:36:06.712747,2025-07-17 20:37:19.275665,0 days 00:01:12.562918,min,16,0.008507615239420856,6,18,gaussian,COMPLETE
317,0.011532317847013474,2025-07-17 20:37:19.276610,2025-07-17 20:37:47.367385,0 days 00:00:28.090775,min,64,0.00665156588563277,6,19,gaussian,COMPLETE
318,0.0004987544962204993,2025-07-17 20:37:47.367913,2025-07-17 20:38:59.772546,0 days 00:01:12.404633,min,16,0.008664572439453762,6,18,gaussian,COMPLETE
319,0.011350149288773537,2025-07-17 20:38:59.773488,2025-07-17 20:40:12.622956,0 days 00:01:12.849468,min,16,0.007054987998380771,6,20,sigmoid,COMPLETE
320,0.00029640377033501863,2025-07-17 20:40:12.623871,2025-07-17 20:41:27.747422,0 days 00:01:15.123551,min,16,0.007558477660983443,6,21,gaussian,COMPLETE
321,0.006356901954859495,2025-07-17 20:41:27.748403,2025-07-17 20:42:43.451566,0 days 00:01:15.703163,min,16,0.005922370169719707,6,22,gaussian,COMPLETE
322,0.0004755942791234702,2025-07-17 20:42:43.452514,2025-07-17 20:43:58.368279,0 days 00:01:14.915765,min,16,0.007903430642289669,6,21,gaussian,COMPLETE
323,0.007477978710085154,2025-07-17 20:43:58.369238,2025-07-17 20:44:41.883570,0 days 00:00:43.514332,min,32,0.006963915899600897,6,21,gaussian,COMPLETE
324,0.0003087542427238077,2025-07-17 20:44:41.884295,2025-07-17 20:45:56.969097,0 days 00:01:15.084802,min,16,0.008821468722468077,6,21,gaussian,COMPLETE
325,0.0006190346903167665,2025-07-17 20:45:56.970011,2025-07-17 20:47:12.037651,0 days 00:01:15.067640,min,16,0.008808094334414904,6,21,gaussian,COMPLETE
326,0.002690723631531,2025-07-17 20:47:12.038609,2025-07-17 20:48:24.952843,0 days 00:01:12.914234,min,16,0.00877210566660942,6,20,sigmoid,COMPLETE
327,0.05184512957930565,2025-07-17 20:48:24.954214,2025-07-17 20:49:38.007955,0 days 00:01:13.053741,min,16,0.006134234443574805,6,18,gaussian,COMPLETE
328,1.3510998487472534,2025-07-17 20:49:38.008899,2025-07-17 20:50:53.057385,0 days 00:01:15.048486,min,16,0.00028061745204428784,6,21,gaussian,COMPLETE
329,0.0003711069584824145,2025-07-17 20:50:53.058360,2025-07-17 20:52:08.176765,0 days 00:01:15.118405,min,16,0.007314066103636944,6,21,gaussian,COMPLETE
330,0.0006890811491757631,2025-07-17 20:52:08.177730,2025-07-17 20:53:23.282669,0 days 00:01:15.104939,min,16,0.00994305917674086,6,21,gaussian,COMPLETE
331,0.00031735110678710043,2025-07-17 20:53:23.283646,2025-07-17 20:54:38.220479,0 days 00:01:14.936833,min,16,0.007514504126111153,6,21,gaussian,COMPLETE
332,0.0025809218641370535,2025-07-17 20:54:38.221452,2025-07-17 20:55:57.219822,0 days 00:01:18.998370,min,16,0.007847922024398919,6,21,bell,COMPLETE
333,0.28767940402030945,2025-07-17 20:55:57.220768,2025-07-17 20:56:17.933149,0 days 00:00:20.712381,min,128,0.008695549533378335,6,22,gaussian,COMPLETE
334,0.07600980252027512,2025-07-17 20:56:17.933847,2025-07-17 20:57:31.348581,0 days 00:01:13.414734,min,16,0.007819975914324734,6,21,sigmoid,COMPLETE
335,0.013787208124995232,2025-07-17 20:57:31.349540,2025-07-17 20:58:46.386597,0 days 00:01:15.037057,min,16,0.008972198345212798,6,21,gaussian,COMPLETE
336,0.0005504510481841862,2025-07-17 20:58:46.387564,2025-07-17 20:59:58.417351,0 days 00:01:12.029787,min,16,0.009999442866814702,6,17,gaussian,COMPLETE
337,0.0005605199839919806,2025-07-17 20:59:58.418317,2025-07-17 21:01:14.118802,0 days 00:01:15.700485,min,16,0.00747563373475303,6,22,gaussian,COMPLETE
338,0.00035013339947909117,2025-07-17 21:01:14.119769,2025-07-17 21:02:29.119172,0 days 00:01:14.999403,min,16,0.007095712922939171,6,21,gaussian,COMPLETE
339,0.004017524421215057,2025-07-17 21:02:29.120121,2025-07-17 21:03:44.771316,0 days 00:01:15.651195,min,16,0.006625321833864345,6,22,gaussian,COMPLETE
340,0.016367269679903984,2025-07-17 21:03:44.772325,2025-07-17 21:04:59.775826,0 days 00:01:15.003501,min,16,0.00816156259224368,6,21,gaussian,COMPLETE
341,0.0007593765039928257,2025-07-17 21:04:59.776804,2025-07-17 21:06:14.099535,0 days 00:01:14.322731,min,16,0.00884023312186009,6,22,sigmoid,COMPLETE
342,0.5028048157691956,2025-07-17 21:06:14.100527,2025-07-17 21:07:28.316678,0 days 00:01:14.216151,min,16,0.0005362645388042292,6,20,gaussian,COMPLETE
343,0.23810729384422302,2025-07-17 21:07:28.317667,2025-07-17 21:07:57.802161,0 days 00:00:29.484494,min,64,0.0065647596177386925,6,22,gaussian,COMPLETE
344,0.12357025593519211,2025-07-17 21:07:57.802920,2025-07-17 21:09:12.069166,0 days 00:01:14.266246,min,16,0.005948603364357001,6,20,gaussian,COMPLETE
345,0.000765007920563221,2025-07-17 21:09:12.070118,2025-07-17 21:10:21.500502,0 days 00:01:09.430384,min,16,0.009951321343641769,8,8,gaussian,COMPLETE
346,0.0012315022759139538,2025-07-17 21:10:21.501485,2025-07-17 21:11:36.523727,0 days 00:01:15.022242,min,16,0.00750845829603809,6,21,gaussian,COMPLETE
347,0.01001975778490305,2025-07-17 21:11:36.524692,2025-07-17 21:12:41.370620,0 days 00:01:04.845928,min,16,0.008754420950115586,6,7,sigmoid,COMPLETE
348,0.0003229181165806949,2025-07-17 21:12:41.371388,2025-07-17 21:13:57.063520,0 days 00:01:15.692132,min,16,0.0073283442452486145,6,22,gaussian,COMPLETE
349,0.0004816822474822402,2025-07-17 21:13:57.064478,2025-07-17 21:15:12.776855,0 days 00:01:15.712377,min,16,0.0055616305896318665,6,22,gaussian,COMPLETE
350,0.8353254199028015,2025-07-17 21:15:12.777823,2025-07-17 21:15:57.054710,0 days 00:00:44.276887,min,32,0.006583736669176648,6,22,gaussian,COMPLETE
351,0.44865861535072327,2025-07-17 21:15:57.055468,2025-07-17 21:17:13.692471,0 days 00:01:16.637003,min,16,0.00721367212418007,6,23,gaussian,COMPLETE
352,0.00032500590896233916,2025-07-17 21:17:13.693397,2025-07-17 21:18:28.566507,0 days 00:01:14.873110,min,16,0.005548148347752468,6,21,gaussian,COMPLETE
353,0.02415057271718979,2025-07-17 21:18:28.567477,2025-07-17 21:19:47.611501,0 days 00:01:19.044024,min,16,0.004843746517258039,6,21,bell,COMPLETE
354,0.017218831926584244,2025-07-17 21:19:47.612487,2025-07-17 21:21:02.443144,0 days 00:01:14.830657,min,16,0.005447860493593452,6,21,gaussian,COMPLETE
355,0.00032340295729227364,2025-07-17 21:21:02.444128,2025-07-17 21:22:17.403392,0 days 00:01:14.959264,min,16,0.0060685846652638415,6,21,gaussian,COMPLETE
356,0.0716388151049614,2025-07-17 21:22:17.404342,2025-07-17 21:23:30.874988,0 days 00:01:13.470646,min,16,0.005937965843040151,6,21,sigmoid,COMPLETE
357,0.0006088260561227798,2025-07-17 21:23:30.875957,2025-07-17 21:24:46.595296,0 days 00:01:15.719339,min,16,0.0067118137317285454,6,22,gaussian,COMPLETE
358,0.5012900829315186,2025-07-17 21:24:46.596240,2025-07-17 21:25:06.953420,0 days 00:00:20.357180,min,128,0.0062125702701950405,6,21,gaussian,COMPLETE
359,0.000680004246532917,2025-07-17 21:25:06.953909,2025-07-17 21:26:21.273480,0 days 00:01:14.319571,min,16,0.0076143827239057525,6,20,gaussian,COMPLETE
360,0.17739389836788177,2025-07-17 21:26:21.274472,2025-07-17 21:27:39.831878,0 days 00:01:18.557406,min,16,0.00863152180597602,7,21,gaussian,COMPLETE
361,0.16110557317733765,2025-07-17 21:27:39.832844,2025-07-17 21:28:53.954995,0 days 00:01:14.122151,min,16,6.065411267176579e-05,6,20,gaussian,COMPLETE
362,1.453037977218628,2025-07-17 21:28:53.956000,2025-07-17 21:30:09.864079,0 days 00:01:15.908079,min,16,0.0016175358080353973,6,22,gaussian,COMPLETE
363,0.0059569519944489,2025-07-17 21:30:09.865091,2025-07-17 21:31:24.327838,0 days 00:01:14.462747,min,16,0.0053926447566738835,6,22,sigmoid,COMPLETE
364,0.0003878850839100778,2025-07-17 21:31:24.328801,2025-07-17 21:32:39.448068,0 days 00:01:15.119267,min,16,0.0070055379581814,6,21,gaussian,COMPLETE
365,0.0011643711477518082,2025-07-17 21:32:39.449080,2025-07-17 21:33:57.795104,0 days 00:01:18.346024,min,16,0.008860449942654157,7,21,gaussian,COMPLETE
366,0.000306513044051826,2025-07-17 21:33:57.796119,2025-07-17 21:35:11.111765,0 days 00:01:13.315646,min,16,0.004606112410668214,6,19,gaussian,COMPLETE
367,0.0005049242754466832,2025-07-17 21:35:11.112735,2025-07-17 21:36:24.482548,0 days 00:01:13.369813,min,16,0.0043901205109147575,6,19,gaussian,COMPLETE
368,0.00270144478417933,2025-07-17 21:36:24.483537,2025-07-17 21:37:36.602991,0 days 00:01:12.119454,min,16,0.004976657339434684,6,18,gaussian,COMPLETE
369,0.049113307148218155,2025-07-17 21:37:36.603975,2025-07-17 21:38:06.555073,0 days 00:00:29.951098,min,64,0.004846408287440666,6,23,gaussian,COMPLETE
370,0.03218764066696167,2025-07-17 21:38:06.555632,2025-07-17 21:39:18.651379,0 days 00:01:12.095747,min,16,0.004320424803152119,6,19,sigmoid,COMPLETE
371,0.013623437844216824,2025-07-17 21:39:18.652387,2025-07-17 21:40:35.672416,0 days 00:01:17.020029,min,16,0.003091127661452243,6,20,gaussian,COMPLETE
372,0.08907390385866165,2025-07-17 21:40:35.673430,2025-07-17 21:41:51.922696,0 days 00:01:16.249266,min,16,0.002512373167207168,6,19,gaussian,COMPLETE
373,0.00031861758907325566,2025-07-17 21:41:51.923716,2025-07-17 21:43:10.463560,0 days 00:01:18.539844,min,16,0.005757936616020909,6,22,gaussian,COMPLETE
374,0.021774910390377045,2025-07-17 21:43:10.464737,2025-07-17 21:44:29.255922,0 days 00:01:18.791185,min,16,0.005768934341308294,6,22,gaussian,COMPLETE
375,0.0015168155077844858,2025-07-17 21:44:29.256927,2025-07-17 21:45:48.726803,0 days 00:01:19.469876,min,16,0.005531157602095537,6,23,gaussian,COMPLETE
376,0.6096384525299072,2025-07-17 21:45:48.727780,2025-07-17 21:46:34.491515,0 days 00:00:45.763735,min,32,0.0040146651115843136,6,22,gaussian,COMPLETE
377,0.3001457154750824,2025-07-17 21:46:34.492232,2025-07-17 21:47:50.137869,0 days 00:01:15.645637,min,16,0.006392944723812937,6,20,sigmoid,COMPLETE
378,0.0003910796658601612,2025-07-17 21:47:50.138907,2025-07-17 21:49:07.920759,0 days 00:01:17.781852,min,16,0.009992556372814399,6,21,gaussian,COMPLETE
379,0.0016218243399634957,2025-07-17 21:49:07.921749,2025-07-17 21:50:30.890147,0 days 00:01:22.968398,min,16,0.0045607421873600845,6,22,bell,COMPLETE
380,0.03966193646192551,2025-07-17 21:50:30.891141,2025-07-17 21:51:49.176851,0 days 00:01:18.285710,min,16,0.007328103032161479,6,21,gaussian,COMPLETE
381,0.05641650781035423,2025-07-17 21:51:49.177845,2025-07-17 21:53:06.743047,0 days 00:01:17.565202,min,16,0.006339605573097038,6,20,gaussian,COMPLETE
382,0.1341644674539566,2025-07-17 21:53:06.744062,2025-07-17 21:54:26.442835,0 days 00:01:19.698773,min,16,0.0035123371397526764,6,23,gaussian,COMPLETE
383,0.0069397687911987305,2025-07-17 21:54:26.443838,2025-07-17 21:55:42.835339,0 days 00:01:16.391501,min,16,0.007856052674003626,6,19,gaussian,COMPLETE
384,0.15792134404182434,2025-07-17 21:55:42.836392,2025-07-17 21:56:03.781345,0 days 00:00:20.944953,min,128,0.00998423762229512,6,22,sigmoid,COMPLETE
385,0.05307707190513611,2025-07-17 21:56:03.781925,2025-07-17 21:57:22.731767,0 days 00:01:18.949842,min,16,0.005475594813596397,6,22,gaussian,COMPLETE
386,0.00041987490840256214,2025-07-17 21:57:22.732814,2025-07-17 21:58:36.556966,0 days 00:01:13.824152,min,16,0.007040174022098779,6,16,gaussian,COMPLETE
387,0.0386536568403244,2025-07-17 21:58:36.557983,2025-07-17 21:59:54.450936,0 days 00:01:17.892953,min,16,0.00862820827027073,6,21,gaussian,COMPLETE
388,0.13009101152420044,2025-07-17 21:59:54.451908,2025-07-17 22:01:13.083118,0 days 00:01:18.631210,min,16,2.2417043782078924e-05,6,22,gaussian,COMPLETE
389,0.0008311524288728833,2025-07-17 22:01:13.084122,2025-07-17 22:02:30.907428,0 days 00:01:17.823306,min,16,0.0061298110572079794,6,21,gaussian,COMPLETE
390,0.0004919191705994308,2025-07-17 22:02:30.908451,2025-07-17 22:03:46.516496,0 days 00:01:15.608045,min,16,0.007947495386469794,6,18,gaussian,COMPLETE
391,0.10400644689798355,2025-07-17 22:03:46.517507,2025-07-17 22:04:59.789232,0 days 00:01:13.271725,min,16,0.0019366760370553844,6,17,sigmoid,COMPLETE
392,0.0004523427051026374,2025-07-17 22:04:59.790221,2025-07-17 22:06:17.044681,0 days 00:01:17.254460,min,16,0.004873481219494304,6,20,gaussian,COMPLETE
393,0.0003817751130554825,2025-07-17 22:06:17.045790,2025-07-17 22:07:35.835683,0 days 00:01:18.789893,min,16,0.006941972821204754,6,22,gaussian,COMPLETE
394,0.00029541872208938,2025-07-17 22:07:35.836698,2025-07-17 22:08:53.614813,0 days 00:01:17.778115,min,16,0.008475835060295865,6,21,gaussian,COMPLETE
395,0.0007853280985727906,2025-07-17 22:08:53.615800,2025-07-17 22:10:11.503733,0 days 00:01:17.887933,min,16,0.008857576369911252,6,21,gaussian,COMPLETE
396,1.3547555208206177,2025-07-17 22:10:11.504745,2025-07-17 22:10:41.707235,0 days 00:00:30.202490,min,64,0.008819076538454438,6,21,gaussian,COMPLETE
397,0.059851519763469696,2025-07-17 22:10:41.707788,2025-07-17 22:11:59.364192,0 days 00:01:17.656404,min,16,0.00999152029048114,6,23,sigmoid,COMPLETE
398,0.0008941173437051475,2025-07-17 22:11:59.365226,2025-07-17 22:13:17.239109,0 days 00:01:17.873883,min,16,0.005844753865431828,6,21,gaussian,COMPLETE
399,0.4569675028324127,2025-07-17 22:13:17.240153,2025-07-17 22:14:36.333952,0 days 00:01:19.093799,min,16,0.007910074754184593,6,22,gaussian,COMPLETE
400,0.09497452527284622,2025-07-17 22:14:36.334966,2025-07-17 22:15:54.598702,0 days 00:01:18.263736,min,16,0.0037995485014079822,6,21,gaussian,COMPLETE
401,0.01499883271753788,2025-07-17 22:15:54.599712,2025-07-17 22:16:41.010825,0 days 00:00:46.411113,min,32,0.006866288013368123,9,20,gaussian,COMPLETE
402,0.5459973216056824,2025-07-17 22:16:41.011606,2025-07-17 22:18:00.649616,0 days 00:01:19.638010,min,16,0.008668916422442568,6,22,gaussian,COMPLETE
403,0.04695402458310127,2025-07-17 22:18:00.650626,2025-07-17 22:19:23.303503,0 days 00:01:22.652877,min,16,0.00022175131977469504,6,21,bell,COMPLETE
404,0.016631273552775383,2025-07-17 22:19:23.304484,2025-07-17 22:20:43.311859,0 days 00:01:20.007375,min,16,0.005351101958933284,6,23,gaussian,COMPLETE
405,0.00035411646240390837,2025-07-17 22:20:43.312857,2025-07-17 22:22:01.117939,0 days 00:01:17.805082,min,16,0.004366769878048164,6,22,sigmoid,COMPLETE
406,0.0013104124227538705,2025-07-17 22:22:01.118937,2025-07-17 22:23:19.457110,0 days 00:01:18.338173,min,16,0.006504080183638917,6,21,gaussian,COMPLETE
407,0.0003860090801026672,2025-07-17 22:23:19.458128,2025-07-17 22:24:37.003406,0 days 00:01:17.545278,min,16,0.0076897811762600314,6,20,gaussian,COMPLETE
408,0.0003326924052089453,2025-07-17 22:24:37.004425,2025-07-17 22:25:58.010923,0 days 00:01:21.006498,min,16,0.00894460435944465,6,24,gaussian,COMPLETE
409,1.2401459217071533,2025-07-17 22:25:58.011969,2025-07-17 22:26:22.912348,0 days 00:00:24.900379,min,128,0.009940008449387756,6,25,gaussian,COMPLETE
410,0.14176851511001587,2025-07-17 22:26:22.912899,2025-07-17 22:27:43.775597,0 days 00:01:20.862698,min,16,0.008739266949895958,6,24,gaussian,COMPLETE
411,0.0009656233596615493,2025-07-17 22:27:43.776595,2025-07-17 22:29:07.345873,0 days 00:01:23.569278,min,16,0.008382330916444527,7,25,sigmoid,COMPLETE
412,0.0009022658923640847,2025-07-17 22:29:07.346915,2025-07-17 22:30:29.904561,0 days 00:01:22.557646,prod,16,0.009911225167022109,6,25,gaussian,COMPLETE
413,0.07873379439115524,2025-07-17 22:30:29.905552,2025-07-17 22:31:50.063076,0 days 00:01:20.157524,min,16,0.007918219135470432,6,23,gaussian,COMPLETE
414,0.03970341011881828,2025-07-17 22:31:50.064052,2025-07-17 22:33:11.218914,0 days 00:01:21.154862,min,16,0.009996460907544994,6,24,gaussian,COMPLETE
415,0.34819409251213074,2025-07-17 22:33:11.279600,2025-07-17 22:34:31.557352,0 days 00:01:20.277752,min,16,0.008699194951573832,8,23,gaussian,COMPLETE
416,0.0003481452586129308,2025-07-17 22:34:31.558364,2025-07-17 22:35:50.867374,0 days 00:01:19.309010,min,16,0.0064024953203203365,6,22,gaussian,COMPLETE
417,0.22934649884700775,2025-07-17 22:35:50.868380,2025-07-17 22:37:12.612619,0 days 00:01:21.744239,prod,16,1.1220775437107386e-05,6,24,gaussian,COMPLETE
418,0.05512777343392372,2025-07-17 22:37:12.613613,2025-07-17 22:38:30.493093,0 days 00:01:17.879480,min,16,0.007466921516941936,6,22,sigmoid,COMPLETE
419,0.00044511217856779695,2025-07-17 22:38:30.494116,2025-07-17 22:39:02.994184,0 days 00:00:32.500068,min,64,0.005430859192926592,6,25,gaussian,COMPLETE
420,0.16618745028972626,2025-07-17 22:39:02.994925,2025-07-17 22:40:22.294038,0 days 00:01:19.299113,min,16,0.0029634043728044507,6,22,gaussian,COMPLETE
421,0.05469929054379463,2025-07-17 22:40:22.295043,2025-07-17 22:41:43.186839,0 days 00:01:20.891796,min,16,0.004657444910942418,6,24,gaussian,COMPLETE
422,0.000601009523961693,2025-07-17 22:41:43.197370,2025-07-17 22:43:01.585886,0 days 00:01:18.388516,prod,16,0.00851961424100739,5,23,gaussian,COMPLETE
423,0.001125299371778965,2025-07-17 22:43:01.586914,2025-07-17 22:44:19.137211,0 days 00:01:17.550297,min,16,0.007051838851569822,6,20,gaussian,COMPLETE
424,0.00655401311814785,2025-07-17 22:44:19.138259,2025-07-17 22:45:45.096111,0 days 00:01:25.957852,min,16,0.005995644895241185,7,21,bell,COMPLETE
425,0.13420771062374115,2025-07-17 22:45:45.097140,2025-07-17 22:46:30.237776,0 days 00:00:45.140636,min,32,0.007723772427680693,6,22,sigmoid,COMPLETE
426,0.05290105938911438,2025-07-17 22:46:30.238397,2025-07-17 22:47:49.287939,0 days 00:01:19.049542,min,16,0.0003921793907098637,6,22,gaussian,COMPLETE
427,0.8077387809753418,2025-07-17 22:47:49.288979,2025-07-17 22:49:08.706275,0 days 00:01:19.417296,prod,16,0.008727329414148862,6,21,gaussian,COMPLETE
428,0.014739521779119968,2025-07-17 22:49:08.707310,2025-07-17 22:50:28.074562,0 days 00:01:19.367252,min,16,0.006498658413117016,6,22,gaussian,COMPLETE
429,0.4895932078361511,2025-07-17 22:50:28.075603,2025-07-17 22:51:49.874251,0 days 00:01:21.798648,min,16,0.008957335186477997,7,21,gaussian,COMPLETE
430,0.0005250016693025827,2025-07-17 22:51:49.875281,2025-07-17 22:53:08.389966,0 days 00:01:18.514685,min,16,0.005150162930073832,6,21,gaussian,COMPLETE
431,0.002366996370255947,2025-07-17 22:53:08.390981,2025-07-17 22:54:27.599562,0 days 00:01:19.208581,min,16,0.007628863471631251,6,22,gaussian,COMPLETE
432,0.039574719965457916,2025-07-17 22:54:27.600575,2025-07-17 22:55:47.760373,0 days 00:01:20.159798,prod,16,0.0038630647034890962,6,24,sigmoid,COMPLETE
433,0.23119670152664185,2025-07-17 22:55:47.761371,2025-07-17 22:56:08.429459,0 days 00:00:20.668088,min,128,0.0060689236642165745,6,20,gaussian,COMPLETE
434,0.00033294837339781225,2025-07-17 22:56:08.430017,2025-07-17 22:57:29.984932,0 days 00:01:21.554915,min,16,0.009945358064148846,7,21,gaussian,COMPLETE
435,0.0012907319469377398,2025-07-17 22:57:29.985987,2025-07-17 22:58:45.116833,0 days 00:01:15.130846,min,16,0.009098629930515514,6,17,gaussian,COMPLETE
436,0.014834752306342125,2025-07-17 22:58:45.117824,2025-07-17 22:59:59.875856,0 days 00:01:14.758032,min,16,0.009823958592769298,8,15,gaussian,COMPLETE
437,0.02330392599105835,2025-07-17 22:59:59.876875,2025-07-17 23:01:23.459092,0 days 00:01:23.582217,min,16,0.009992067966281841,7,23,gaussian,COMPLETE
438,0.08418616652488708,2025-07-17 23:01:23.460131,2025-07-17 23:02:44.318100,0 days 00:01:20.857969,prod,16,0.007361159326402927,6,23,gaussian,COMPLETE
439,0.0009396025561727583,2025-07-17 23:02:44.319111,2025-07-17 23:04:01.244084,0 days 00:01:16.924973,min,16,0.00810424470242154,6,21,sigmoid,COMPLETE
440,0.017642531543970108,2025-07-17 23:04:01.245085,2025-07-17 23:05:20.663619,0 days 00:01:19.418534,min,16,0.004766198348750467,6,22,gaussian,COMPLETE
441,0.0016182727413251996,2025-07-17 23:05:20.664641,2025-07-17 23:06:39.777657,0 days 00:01:19.113016,min,16,0.007077697368073419,6,22,gaussian,COMPLETE
442,0.28847283124923706,2025-07-17 23:06:39.778682,2025-07-17 23:07:58.213268,0 days 00:01:18.434586,min,16,0.0012164601229262446,6,21,gaussian,COMPLETE
443,0.001269376720301807,2025-07-17 23:07:58.214363,2025-07-17 23:09:20.733897,0 days 00:01:22.519534,prod,16,0.005927351963980582,6,25,gaussian,COMPLETE
444,0.7286144495010376,2025-07-17 23:09:20.734980,2025-07-17 23:09:48.380459,0 days 00:00:27.645479,min,64,0.008861388189993585,6,16,gaussian,COMPLETE
445,0.03226032108068466,2025-07-17 23:09:48.381018,2025-07-17 23:11:08.436865,0 days 00:01:20.055847,min,16,0.006742650432381392,7,21,sigmoid,COMPLETE
446,0.010173833929002285,2025-07-17 23:11:08.437919,2025-07-17 23:12:27.778059,0 days 00:01:19.340140,min,16,0.007874120928753421,6,22,gaussian,COMPLETE
447,0.10218020528554916,2025-07-17 23:12:27.779085,2025-07-17 23:13:40.634572,0 days 00:01:12.855487,min,16,0.004138332623804926,6,14,gaussian,COMPLETE
448,0.011742795817553997,2025-07-17 23:13:40.635629,2025-07-17 23:15:06.310937,0 days 00:01:25.675308,prod,16,0.009921098149822751,6,23,bell,COMPLETE
449,0.05102546140551567,2025-07-17 23:15:06.311985,2025-07-17 23:16:26.032516,0 days 00:01:19.720531,min,16,0.0055266241505270855,6,22,gaussian,COMPLETE
450,0.025502458214759827,2025-07-17 23:16:26.033553,2025-07-17 23:17:14.051759,0 days 00:00:48.018206,min,32,0.008844995571368574,7,21,gaussian,COMPLETE
451,0.015113137662410736,2025-07-17 23:17:14.052523,2025-07-17 23:18:32.296580,0 days 00:01:18.244057,min,16,0.0022851535205454716,6,21,gaussian,COMPLETE
452,0.021071871742606163,2025-07-17 23:18:32.297624,2025-07-17 23:19:50.742179,0 days 00:01:18.444555,min,16,0.006788945659006946,6,23,sigmoid,COMPLETE
453,0.02414821833372116,2025-07-17 23:19:50.743285,2025-07-17 23:21:12.338910,0 days 00:01:21.595625,prod,16,0.003212291001517062,6,24,gaussian,COMPLETE
454,0.0011385200778022408,2025-07-17 23:21:12.339928,2025-07-17 23:22:31.523804,0 days 00:01:19.183876,min,16,0.007779001537820225,6,22,gaussian,COMPLETE
455,0.0014570752391591668,2025-07-17 23:22:31.524833,2025-07-17 23:23:50.130248,0 days 00:01:18.605415,min,16,0.008776189622404625,6,21,gaussian,COMPLETE
456,0.009166807867586613,2025-07-17 23:23:50.131296,2025-07-17 23:25:09.705731,0 days 00:01:19.574435,min,16,0.00504762458030011,6,22,gaussian,COMPLETE
457,0.0039797755889594555,2025-07-17 23:25:09.706793,2025-07-17 23:26:25.413353,0 days 00:01:15.706560,min,16,0.006247576617891832,6,17,gaussian,COMPLETE
458,0.017286574468016624,2025-07-17 23:26:25.414409,2025-07-17 23:26:48.004236,0 days 00:00:22.589827,prod,128,0.007723155109010187,6,22,gaussian,COMPLETE
459,0.45689669251441956,2025-07-17 23:26:48.004797,2025-07-17 23:28:08.440983,0 days 00:01:20.436186,min,16,0.0008041101113448392,7,21,sigmoid,COMPLETE
460,0.0003319900424685329,2025-07-17 23:28:08.442024,2025-07-17 23:29:27.928666,0 days 00:01:19.486642,min,16,0.009974492499154516,6,22,gaussian,COMPLETE
461,0.0004629336472135037,2025-07-17 23:29:27.929744,2025-07-17 23:30:48.073751,0 days 00:01:20.144007,min,16,0.009788288481966792,6,23,gaussian,COMPLETE
462,0.0011749804252758622,2025-07-17 23:30:48.074797,2025-07-17 23:32:05.244526,0 days 00:01:17.169729,min,16,0.00837207851302152,5,22,gaussian,COMPLETE
463,0.1326673924922943,2025-07-17 23:32:05.245556,2025-07-17 23:33:28.143979,0 days 00:01:22.898423,min,16,0.009766634802338902,7,22,gaussian,COMPLETE
464,0.00033745417022146285,2025-07-17 23:33:28.145031,2025-07-17 23:34:47.673042,0 days 00:01:19.528011,prod,16,0.00888466067318486,6,21,gaussian,COMPLETE
465,0.003531975671648979,2025-07-17 23:34:47.674095,2025-07-17 23:36:08.054975,0 days 00:01:20.380880,min,16,0.009903155267879838,6,23,gaussian,COMPLETE
466,0.0073328264988958836,2025-07-17 23:36:08.056007,2025-07-17 23:37:26.222275,0 days 00:01:18.166268,min,16,0.008141712522124124,6,22,sigmoid,COMPLETE
467,0.022535640746355057,2025-07-17 23:37:26.223316,2025-07-17 23:38:48.416427,0 days 00:01:22.193111,min,16,0.009948526924036338,9,20,gaussian,COMPLETE
468,0.0003124256618320942,2025-07-17 23:38:48.417457,2025-07-17 23:40:11.785271,0 days 00:01:23.367814,min,16,0.0074484445269148635,6,21,bell,COMPLETE
469,0.5503849983215332,2025-07-17 23:40:11.786315,2025-07-17 23:40:44.312079,0 days 00:00:32.525764,min,64,0.008680915298077796,6,21,bell,COMPLETE
470,0.0004688620683737099,2025-07-17 23:40:44.312859,2025-07-17 23:42:08.291810,0 days 00:01:23.978951,prod,16,0.007483861427733355,6,21,bell,COMPLETE
471,0.0034483217168599367,2025-07-17 23:42:08.292841,2025-07-17 23:43:24.749305,0 days 00:01:16.456464,min,16,0.008693464276272208,6,20,sigmoid,COMPLETE
472,0.0003573726280592382,2025-07-17 23:43:24.750350,2025-07-17 23:44:47.777706,0 days 00:01:23.027356,min,16,0.004495795124447788,6,21,bell,COMPLETE
473,0.0008886639843694866,2025-07-17 23:44:47.778760,2025-07-17 23:46:14.453063,0 days 00:01:26.674303,min,16,0.00372097505063721,7,21,bell,COMPLETE
474,0.002283709589391947,2025-07-17 23:46:14.454120,2025-07-17 23:47:41.154746,0 days 00:01:26.700626,min,16,0.007069468172121882,6,25,bell,COMPLETE
475,0.01798175647854805,2025-07-17 23:47:41.155800,2025-07-17 23:48:29.438366,0 days 00:00:48.282566,prod,32,0.00764898067412643,6,20,bell,COMPLETE
476,0.00037186325062066317,2025-07-17 23:48:29.439127,2025-07-17 23:49:51.732513,0 days 00:01:22.293386,min,16,0.008919683006551394,7,21,gaussian,COMPLETE
477,0.000333606731146574,2025-07-17 23:49:51.733541,2025-07-17 23:51:14.159629,0 days 00:01:22.426088,min,16,0.006318427732517578,6,20,bell,COMPLETE
478,0.0010110053699463606,2025-07-17 23:51:14.160675,2025-07-17 23:52:35.739065,0 days 00:01:21.578390,min,16,0.005727465925284943,6,19,bell,COMPLETE
479,0.0071960072964429855,2025-07-17 23:52:35.740110,2025-07-17 23:53:57.894687,0 days 00:01:22.154577,min,16,0.005198420020916532,6,20,bell,COMPLETE
480,0.0002924318250734359,2025-07-17 23:53:57.895717,2025-07-17 23:55:20.068801,0 days 00:01:22.173084,min,16,0.006302091695702732,6,20,bell,COMPLETE
481,0.007437439169734716,2025-07-17 23:55:20.069837,2025-07-17 23:56:43.106792,0 days 00:01:23.036955,prod,16,0.004402706442173166,6,20,bell,COMPLETE
482,0.00027653289726004004,2025-07-17 23:56:43.107842,2025-07-17 23:58:05.194025,0 days 00:01:22.086183,min,16,0.007890066559223733,6,20,bell,COMPLETE
483,0.0006243326351977885,2025-07-17 23:58:05.195062,2025-07-17 23:59:27.366582,0 days 00:01:22.171520,min,16,0.006615434746528105,6,20,bell,COMPLETE
484,1.905423879623413,2025-07-17 23:59:27.367674,2025-07-17 23:59:48.838671,0 days 00:00:21.470997,min,128,0.005787968872836545,6,18,bell,COMPLETE
485,0.003366651479154825,2025-07-17 23:59:48.839438,2025-07-18 00:01:11.412111,0 days 00:01:22.572673,min,16,0.0075253139637637525,6,20,bell,COMPLETE
486,0.015519012697041035,2025-07-18 00:01:11.413174,2025-07-18 00:02:33.009023,0 days 00:01:21.595849,prod,16,0.0034881980642152885,6,18,bell,COMPLETE
487,0.011894815601408482,2025-07-18 00:02:33.010051,2025-07-18 00:03:54.445228,0 days 00:01:21.435177,min,16,0.006721534454276601,6,19,bell,COMPLETE
488,1.2263821363449097,2025-07-18 00:03:54.446245,2025-07-18 00:05:15.814899,0 days 00:01:21.368654,min,16,0.00010959039851297782,6,19,bell,COMPLETE
489,0.0014614067040383816,2025-07-18 00:05:15.815918,2025-07-18 00:06:38.206663,0 days 00:01:22.390745,min,16,0.005047849921086771,6,20,bell,COMPLETE
490,0.00029645717586390674,2025-07-18 00:06:38.207684,2025-07-18 00:07:59.553631,0 days 00:01:21.345947,min,16,0.007644075003922523,6,19,bell,COMPLETE
491,0.0015481843147426844,2025-07-18 00:07:59.579985,2025-07-18 00:09:20.894153,0 days 00:01:21.314168,min,16,0.006265134163314676,6,19,bell,COMPLETE
492,0.003028696635738015,2025-07-18 00:09:20.895236,2025-07-18 00:10:43.198625,0 days 00:01:22.303389,prod,16,0.005519192013601132,6,19,bell,COMPLETE
493,0.00713544012978673,2025-07-18 00:10:43.199700,2025-07-18 00:12:03.738108,0 days 00:01:20.538408,min,16,0.007288473618760318,6,18,bell,COMPLETE
494,0.2957066297531128,2025-07-18 00:12:03.739192,2025-07-18 00:12:35.298370,0 days 00:00:31.559178,min,64,3.0527012646779146e-05,6,19,bell,COMPLETE
495,0.11857199668884277,2025-07-18 00:12:35.299158,2025-07-18 00:13:56.013149,0 days 00:01:20.713991,min,16,0.0005993272032476519,6,18,bell,COMPLETE
496,0.00028672596090473235,2025-07-18 00:13:56.014175,2025-07-18 00:15:18.494155,0 days 00:01:22.479980,min,16,0.007764583498082864,6,20,bell,COMPLETE
497,0.0004706466570496559,2025-07-18 00:15:18.495255,2025-07-18 00:16:40.855422,0 days 00:01:22.360167,prod,16,0.006170057268378928,6,19,bell,COMPLETE
498,0.0021971073001623154,2025-07-18 00:16:40.856512,2025-07-18 00:18:03.044909,0 days 00:01:22.188397,min,16,0.004555914078148773,6,20,bell,COMPLETE
499,0.07482832670211792,2025-07-18 00:18:03.046002,2025-07-18 00:19:25.267709,0 days 00:01:22.221707,min,16,0.006877127588081349,6,20,bell,COMPLETE
