number,value,datetime_start,datetime_complete,duration,params_batch_size,params_h,params_lr,params_seq_length,state
0,0.0029025799594819546,2025-07-17 17:54:15.870920,2025-07-17 17:55:33.293511,0 days 00:01:17.422591,16,90,0.006840326254496711,5,COMPLETE
1,0.004148930311203003,2025-07-17 17:55:33.294436,2025-07-17 17:56:39.106890,0 days 00:01:05.812454,64,123,8.754972476831532e-05,22,COMPLETE
2,0.0005806465051136911,2025-07-17 17:56:39.107792,2025-07-17 17:57:46.035214,0 days 00:01:06.927422,32,65,0.000841393721425052,18,COMPLETE
3,0.0007025140221230686,2025-07-17 17:57:46.036107,2025-07-17 17:58:04.259779,0 days 00:00:18.223672,128,65,0.0018187950875470163,11,COMPLETE
4,0.4061237871646881,2025-07-17 17:58:04.260293,2025-07-17 17:58:21.723283,0 days 00:00:17.462990,128,35,1.212061850470358e-05,13,COMPLETE
5,0.005807141773402691,2025-07-17 17:58:21.723927,2025-07-17 17:58:44.658802,0 days 00:00:22.934875,64,104,8.524832102441492e-05,6,COMPLETE
6,0.0003849217318929732,2025-07-17 17:58:44.659444,2025-07-17 18:03:15.373483,0 days 00:04:30.714039,16,87,0.000706655013221784,25,COMPLETE
7,0.05066356062889099,2025-07-17 18:03:15.374346,2025-07-17 18:03:42.981153,0 days 00:00:27.606807,128,81,3.445123722826609e-05,16,COMPLETE
8,0.07201354950666428,2025-07-17 18:03:42.981806,2025-07-17 18:04:11.083409,0 days 00:00:28.101603,128,49,3.149596079887037e-05,24,COMPLETE
9,0.013236826285719872,2025-07-17 18:04:11.084035,2025-07-17 18:04:22.393673,0 days 00:00:11.309638,128,46,0.0001479198522176803,5,COMPLETE
10,0.002376863034442067,2025-07-17 18:04:22.394154,2025-07-17 18:05:41.437116,0 days 00:01:19.042962,16,9,0.001849938171728851,20,COMPLETE
11,0.0003983915376011282,2025-07-17 18:05:41.437978,2025-07-17 18:06:51.401213,0 days 00:01:09.963235,32,67,0.0005309436165902813,19,COMPLETE
12,0.00039137137355282903,2025-07-17 18:06:51.402130,2025-07-17 18:08:27.127648,0 days 00:01:35.725518,32,102,0.0004956826259123652,25,COMPLETE
13,0.00041194373625330627,2025-07-17 18:08:27.128508,2025-07-17 18:10:01.947727,0 days 00:01:34.819219,32,112,0.00025246886701684167,25,COMPLETE
14,0.00035304875927977264,2025-07-17 18:10:01.948611,2025-07-17 18:13:41.652283,0 days 00:03:39.703672,16,93,0.0013952876650080235,22,COMPLETE
15,0.001205221051350236,2025-07-17 18:13:41.653171,2025-07-17 18:17:18.471212,0 days 00:03:36.818041,16,88,0.006916144654426882,22,COMPLETE
16,0.0005236887373030186,2025-07-17 18:17:18.472092,2025-07-17 18:21:08.544887,0 days 00:03:50.072795,16,82,0.0019387063332924478,22,COMPLETE
17,0.000529054319486022,2025-07-17 18:21:08.545822,2025-07-17 18:24:12.562773,0 days 00:03:04.016951,16,115,0.003483961575656047,16,COMPLETE
18,0.00038429038249887526,2025-07-17 18:24:12.563692,2025-07-17 18:26:17.456079,0 days 00:02:04.892387,16,101,0.0009509336325301249,10,COMPLETE
19,0.00039191890391521156,2025-07-17 18:26:17.456941,2025-07-17 18:28:04.109150,0 days 00:01:46.652209,16,100,0.0009825300695964197,9,COMPLETE
20,0.0005857560900039971,2025-07-17 18:28:04.110057,2025-07-17 18:29:40.112404,0 days 00:01:36.002347,16,128,0.0034225242466460887,9,COMPLETE
21,0.00042235080036334693,2025-07-17 18:29:40.113286,2025-07-17 18:32:15.716381,0 days 00:02:35.603095,16,94,0.00032560112189004067,13,COMPLETE
22,0.0004346761270426214,2025-07-17 18:32:15.717273,2025-07-17 18:35:23.331559,0 days 00:03:07.614286,16,76,0.0010274258556007877,23,COMPLETE
23,0.0004935702891089022,2025-07-17 18:35:23.332444,2025-07-17 18:39:09.953874,0 days 00:03:46.621430,16,110,0.0005464185280125547,20,COMPLETE
24,0.0004960210062563419,2025-07-17 18:39:09.954740,2025-07-17 18:39:37.707121,0 days 00:00:27.752381,64,75,0.0028310542676591196,8,COMPLETE
25,0.0005085712764412165,2025-07-17 18:39:37.707804,2025-07-17 18:41:56.461070,0 days 00:02:18.753266,16,94,0.00020890299007397762,11,COMPLETE
26,0.0008488238672725856,2025-07-17 18:41:56.461928,2025-07-17 18:43:57.657137,0 days 00:02:01.195209,16,56,0.001309147851370366,18,COMPLETE
27,0.0003761528350878507,2025-07-17 18:43:57.658066,2025-07-17 18:46:22.456994,0 days 00:02:24.798928,16,118,0.0006207904242552382,14,COMPLETE
28,0.0004812339029740542,2025-07-17 18:46:22.457843,2025-07-17 18:49:03.310059,0 days 00:02:40.852216,16,119,0.00037350497507804883,14,COMPLETE
29,0.00041208520997315645,2025-07-17 18:49:03.310917,2025-07-17 18:52:02.205977,0 days 00:02:58.895060,16,110,0.0048459370985464755,15,COMPLETE
30,0.00044711423106491566,2025-07-17 18:52:02.206886,2025-07-17 18:52:47.388723,0 days 00:00:45.181837,64,128,0.0014082399027161721,12,COMPLETE
31,0.00045278851757757366,2025-07-17 18:52:47.389383,2025-07-17 18:54:53.829905,0 days 00:02:06.440522,16,92,0.0007190666300791735,10,COMPLETE
32,0.0003961733600590378,2025-07-17 18:54:53.830794,2025-07-17 18:56:30.314107,0 days 00:01:36.483313,16,103,0.0004631481160107902,7,COMPLETE
33,0.0003748682502191514,2025-07-17 18:56:30.314976,2025-07-17 19:00:02.687132,0 days 00:03:32.372156,16,85,0.0007840476934364222,21,COMPLETE
34,0.06870989501476288,2025-07-17 19:00:02.688018,2025-07-17 19:02:52.591222,0 days 00:02:49.903204,16,120,0.009778024394915472,17,COMPLETE
35,0.0007028764812275767,2025-07-17 19:02:52.592083,2025-07-17 19:07:12.660353,0 days 00:04:20.068270,16,99,0.002504425309393557,21,COMPLETE
36,0.00046707713045179844,2025-07-17 19:07:12.661229,2025-07-17 19:07:49.697306,0 days 00:00:37.036077,64,77,0.001375096881011552,14,COMPLETE
37,0.0009443392627872527,2025-07-17 19:07:49.697993,2025-07-17 19:09:11.140569,0 days 00:01:21.442576,32,106,0.00013816493118604283,18,COMPLETE
38,0.0004441207565832883,2025-07-17 19:09:11.141443,2025-07-17 19:11:28.371856,0 days 00:02:17.230413,16,84,0.0008139647952672326,12,COMPLETE
39,0.006245325319468975,2025-07-17 19:11:28.372768,2025-07-17 19:12:08.381289,0 days 00:00:40.008521,128,59,0.0002222101349356724,20,COMPLETE
40,0.0003712965117301792,2025-07-17 19:12:08.381971,2025-07-17 19:15:05.732789,0 days 00:02:57.350818,16,97,0.0010149053551042856,16,COMPLETE
41,0.00038270975346677005,2025-07-17 19:15:05.733716,2025-07-17 19:19:12.933709,0 days 00:04:07.199993,16,96,0.001121783528778856,23,COMPLETE
42,0.0004177225928287953,2025-07-17 19:19:12.934574,2025-07-17 19:21:35.981390,0 days 00:02:23.046816,16,72,0.0020407951518834444,23,COMPLETE
43,0.00040440179873257875,2025-07-17 19:21:35.982283,2025-07-17 19:26:06.027706,0 days 00:04:30.045423,16,95,0.0012744595108306626,23,COMPLETE
44,0.0003929905651602894,2025-07-17 19:26:06.028636,2025-07-17 19:29:29.415476,0 days 00:03:23.386840,16,89,0.0006660033864861873,21,COMPLETE
45,0.0036810562014579773,2025-07-17 19:29:29.416344,2025-07-17 19:30:08.936942,0 days 00:00:39.520598,128,82,0.0003735417503480031,19,COMPLETE
46,0.05339621379971504,2025-07-17 19:30:08.937600,2025-07-17 19:30:43.734542,0 days 00:00:34.796942,64,10,6.304322310745543e-05,24,COMPLETE
47,0.0005000829114578664,2025-07-17 19:30:43.735289,2025-07-17 19:32:00.281152,0 days 00:01:16.545863,32,115,0.0006354743211984545,16,COMPLETE
48,0.000337335339281708,2025-07-17 19:32:00.282053,2025-07-17 19:35:42.476638,0 days 00:03:42.194585,16,88,0.0016942577668598766,21,COMPLETE
49,0.0004084327956661582,2025-07-17 19:35:42.477513,2025-07-17 19:38:52.663992,0 days 00:03:10.186479,16,87,0.0019204735432640737,21,COMPLETE
50,0.00038992860936559737,2025-07-17 19:38:52.664882,2025-07-17 19:39:24.159549,0 days 00:00:31.494667,128,70,0.004772757639870046,17,COMPLETE
51,0.0004132561734877527,2025-07-17 19:39:24.160221,2025-07-17 19:44:13.123531,0 days 00:04:48.963310,16,97,0.0010917940658060525,24,COMPLETE
52,0.00038463619421236217,2025-07-17 19:44:13.124407,2025-07-17 19:48:08.275863,0 days 00:03:55.151456,16,106,0.0016830557445985479,22,COMPLETE
53,0.014229884371161461,2025-07-17 19:48:08.276747,2025-07-17 19:51:19.565788,0 days 00:03:11.289041,16,80,1.2010931443758013e-05,19,COMPLETE
54,0.00037173726013861597,2025-07-17 19:51:19.566683,2025-07-17 19:55:04.930676,0 days 00:03:45.363993,16,89,0.0008364155338339504,22,COMPLETE
55,0.0003989129909314215,2025-07-17 19:55:04.931613,2025-07-17 19:58:30.935672,0 days 00:03:26.004059,16,86,0.0008412505092439735,20,COMPLETE
56,0.000529151817318052,2025-07-17 19:58:30.936591,2025-07-17 20:00:49.688445,0 days 00:02:18.751854,16,61,0.0004428318187789551,21,COMPLETE
57,0.0005348520935513079,2025-07-17 20:00:49.689354,2025-07-17 20:03:29.121729,0 days 00:02:39.432375,16,89,0.0026290694944879024,15,COMPLETE
58,0.0006133660208433867,2025-07-17 20:03:29.122679,2025-07-17 20:05:21.891884,0 days 00:01:52.769205,16,34,0.0005816774196742081,22,COMPLETE
59,0.000545922142919153,2025-07-17 20:05:21.892791,2025-07-17 20:07:05.447129,0 days 00:01:43.554338,32,65,0.00025952538774830003,25,COMPLETE
60,0.0004377320292405784,2025-07-17 20:07:05.448040,2025-07-17 20:10:34.566199,0 days 00:03:29.118159,16,78,0.0015371206396102262,19,COMPLETE
61,0.0003809896588791162,2025-07-17 20:10:34.567302,2025-07-17 20:14:49.868593,0 days 00:04:15.301291,16,98,0.0011291295778691683,23,COMPLETE
62,0.0004177442751824856,2025-07-17 20:14:49.869509,2025-07-17 20:18:27.344198,0 days 00:03:37.474689,16,92,0.0008716759804916366,24,COMPLETE
63,0.0005279617034830153,2025-07-17 20:18:27.345115,2025-07-17 20:22:07.956961,0 days 00:03:40.611846,16,105,0.0021954560051128252,22,COMPLETE
64,0.00043832280789501965,2025-07-17 20:22:07.957870,2025-07-17 20:24:37.630655,0 days 00:02:29.672785,16,113,0.004024401430438465,14,COMPLETE
65,0.0004064207896590233,2025-07-17 20:24:37.631612,2025-07-17 20:28:20.886474,0 days 00:03:43.254862,16,99,0.0007466042850798217,23,COMPLETE
66,0.0004488806298468262,2025-07-17 20:28:20.887369,2025-07-17 20:29:12.801195,0 days 00:00:51.913826,64,84,0.0010685028793619353,20,COMPLETE
67,0.00046369529445655644,2025-07-17 20:29:12.801890,2025-07-17 20:33:01.051226,0 days 00:03:48.249336,16,108,0.0015883186715521147,24,COMPLETE
68,0.0003815475502051413,2025-07-17 20:33:01.052135,2025-07-17 20:35:12.693120,0 days 00:02:11.640985,16,73,0.0005014227044107075,21,COMPLETE
69,0.00036707561230286956,2025-07-17 20:35:12.694011,2025-07-17 20:37:53.146079,0 days 00:02:40.452068,16,91,0.0033178925152289214,17,COMPLETE
70,0.0005951657658442855,2025-07-17 20:37:53.147012,2025-07-17 20:39:15.191484,0 days 00:01:22.044472,32,124,0.007736248992955909,17,COMPLETE
71,0.0004442428471520543,2025-07-17 20:39:15.192365,2025-07-17 20:42:30.580923,0 days 00:03:15.388558,16,92,0.0023667816012301417,22,COMPLETE
72,0.00868950318545103,2025-07-17 20:42:30.581823,2025-07-17 20:44:51.849668,0 days 00:02:21.267845,16,101,1.959820041357903e-05,13,COMPLETE
73,0.0007149864104576409,2025-07-17 20:44:51.850659,2025-07-17 20:47:16.971852,0 days 00:02:25.121193,16,91,0.003159596229161326,15,COMPLETE
74,0.0005067966994829476,2025-07-17 20:47:16.972778,2025-07-17 20:50:07.915926,0 days 00:02:50.943148,16,97,0.0012327222526574938,17,COMPLETE
75,0.001088143908418715,2025-07-17 20:50:07.916852,2025-07-17 20:50:42.562151,0 days 00:00:34.645299,128,85,0.0009767199239458229,18,COMPLETE
76,0.0006106862565502524,2025-07-17 20:50:42.562823,2025-07-17 20:53:12.304408,0 days 00:02:29.741585,16,80,0.00041773125832617454,16,COMPLETE
77,0.0004599614767357707,2025-07-17 20:53:12.305342,2025-07-17 20:56:04.979173,0 days 00:02:52.673831,16,118,0.004039967334209034,20,COMPLETE
78,0.00032696317066438496,2025-07-17 20:56:04.980077,2025-07-17 20:59:05.842236,0 days 00:03:00.862159,16,101,0.001670834046457308,18,COMPLETE
79,0.000383503211196512,2025-07-17 20:59:05.843188,2025-07-17 21:01:55.026137,0 days 00:02:49.182949,16,93,0.005468712094056965,18,COMPLETE
80,0.0003603096411097795,2025-07-17 21:01:55.027105,2025-07-17 21:02:54.750769,0 days 00:00:59.723664,64,109,0.0018107098239287475,19,COMPLETE
81,0.00042653505806811154,2025-07-17 21:02:54.751438,2025-07-17 21:03:52.664205,0 days 00:00:57.912767,64,103,0.001949691169725222,19,COMPLETE
82,0.00039972609374672174,2025-07-17 21:03:52.664880,2025-07-17 21:04:43.975872,0 days 00:00:51.310992,64,110,0.002950527703012195,16,COMPLETE
83,0.000371226342394948,2025-07-17 21:04:43.976590,2025-07-17 21:05:42.856077,0 days 00:00:58.879487,64,117,0.0014869065808413998,18,COMPLETE
84,0.0004187009180895984,2025-07-17 21:05:42.856772,2025-07-17 21:06:43.308740,0 days 00:01:00.451968,64,123,0.0016808260313242983,18,COMPLETE
85,0.00039071845822036266,2025-07-17 21:06:43.309659,2025-07-17 21:07:44.397872,0 days 00:01:01.088213,64,115,0.0013290486699695297,19,COMPLETE
86,0.00044307566713541746,2025-07-17 21:07:44.398567,2025-07-17 21:08:38.332485,0 days 00:00:53.933918,64,107,0.002180942958890267,17,COMPLETE
87,0.00039641608600504696,2025-07-17 21:08:38.333184,2025-07-17 21:09:40.929371,0 days 00:01:02.596187,64,102,0.0014960005968691595,21,COMPLETE
88,0.00038508966099470854,2025-07-17 21:09:40.930054,2025-07-17 21:10:27.481340,0 days 00:00:46.551286,64,88,0.0034876869299277483,18,COMPLETE
89,0.0004494366585277021,2025-07-17 21:10:27.482041,2025-07-17 21:11:21.924499,0 days 00:00:54.442458,64,94,0.002467520516567148,20,COMPLETE
90,0.00041293693357147276,2025-07-17 21:11:21.925216,2025-07-17 21:12:09.567268,0 days 00:00:47.642052,64,112,0.0016778085836274743,16,COMPLETE
91,0.0003974307037424296,2025-07-17 21:12:09.567975,2025-07-17 21:14:28.105181,0 days 00:02:18.537206,16,121,0.0007501264085327478,15,COMPLETE
92,0.00036015224759466946,2025-07-17 21:14:28.106143,2025-07-17 21:17:15.897459,0 days 00:02:47.791316,16,126,0.0008679943547977775,19,COMPLETE
93,0.0003206475521437824,2025-07-17 21:17:15.898400,2025-07-17 21:20:19.022958,0 days 00:03:03.124558,16,125,0.0009751373225555003,19,COMPLETE
94,0.000732707732822746,2025-07-17 21:20:19.023891,2025-07-17 21:21:09.658251,0 days 00:00:50.634360,128,127,0.0009353818766513125,19,COMPLETE
95,0.00033533090027049184,2025-07-17 21:21:09.658978,2025-07-17 21:24:00.399871,0 days 00:02:50.740893,16,118,0.0013614951888806521,18,COMPLETE
96,0.00040678252116777003,2025-07-17 21:24:00.400827,2025-07-17 21:27:04.209051,0 days 00:03:03.808224,16,125,0.0018379843846859994,18,COMPLETE
97,0.00038045260589569807,2025-07-17 21:27:04.210018,2025-07-17 21:28:27.169172,0 days 00:01:22.959154,32,122,0.0012531672028911203,17,COMPLETE
98,0.0004133433394599706,2025-07-17 21:28:27.170104,2025-07-17 21:31:09.002410,0 days 00:02:41.832306,16,118,0.001426704404892204,19,COMPLETE
99,0.0005737172323279083,2025-07-17 21:31:09.003343,2025-07-17 21:33:35.803628,0 days 00:02:26.800285,16,116,0.002723114847273669,18,COMPLETE
100,0.0003932218824047595,2025-07-17 21:33:35.804577,2025-07-17 21:34:25.674971,0 days 00:00:49.870394,64,110,0.002052125690137088,17,COMPLETE
101,0.00033528401399962604,2025-07-17 21:34:25.675648,2025-07-17 21:37:28.439937,0 days 00:03:02.764289,16,125,0.001179824302766507,19,COMPLETE
102,0.0003427310730330646,2025-07-17 21:37:28.440856,2025-07-17 21:40:24.036669,0 days 00:02:55.595813,16,124,0.0011516356560554765,19,COMPLETE
103,0.00035390042467042804,2025-07-17 21:40:24.037642,2025-07-17 21:43:36.272448,0 days 00:03:12.234806,16,126,0.0011306388663736738,20,COMPLETE
104,0.0003530661924742162,2025-07-17 21:43:36.273429,2025-07-17 21:46:35.363755,0 days 00:02:59.090326,16,128,0.0010702082970229895,20,COMPLETE
105,0.00032608225592412055,2025-07-17 21:46:35.364687,2025-07-17 21:49:22.272502,0 days 00:02:46.907815,16,128,0.001190371532380128,20,COMPLETE
106,0.0003587935061659664,2025-07-17 21:49:22.273436,2025-07-17 21:52:23.581294,0 days 00:03:01.307858,16,128,0.0011383355188684348,20,COMPLETE
107,0.00032441463554278016,2025-07-17 21:52:23.582286,2025-07-17 21:55:33.043133,0 days 00:03:09.460847,16,127,0.0011841308033836992,20,COMPLETE
108,0.00037747767055407166,2025-07-17 21:55:33.044124,2025-07-17 21:58:28.340532,0 days 00:02:55.296408,16,121,0.0006560347675506188,20,COMPLETE
109,0.00033536588307470083,2025-07-17 21:58:28.341458,2025-07-17 22:01:43.728531,0 days 00:03:15.387073,16,123,0.0011755979823520272,21,COMPLETE
110,0.0003398913540877402,2025-07-17 22:01:43.729527,2025-07-17 22:04:38.585224,0 days 00:02:54.855697,16,124,0.0009698040474402447,21,COMPLETE
111,0.00032489464501850307,2025-07-17 22:04:38.586195,2025-07-17 22:07:30.617033,0 days 00:02:52.030838,16,124,0.0012686391473610374,21,COMPLETE
112,0.00032770654070191085,2025-07-17 22:07:30.618009,2025-07-17 22:10:22.663276,0 days 00:02:52.045267,16,124,0.0013060104093963196,21,COMPLETE
113,0.0003942926414310932,2025-07-17 22:10:22.664261,2025-07-17 22:13:13.691146,0 days 00:02:51.026885,16,124,0.0012651863816549142,21,COMPLETE
114,0.00041500836960040033,2025-07-17 22:13:13.692112,2025-07-17 22:15:59.722160,0 days 00:02:46.030048,16,120,0.0009266048726291197,21,COMPLETE
115,0.00038443433004431427,2025-07-17 22:15:59.723133,2025-07-17 22:19:17.339163,0 days 00:03:17.616030,16,123,0.00070082518232905,21,COMPLETE
116,0.00040032979450188577,2025-07-17 22:19:17.340125,2025-07-17 22:27:23.933381,0 days 00:08:06.593256,16,114,0.0014218985544466947,22,COMPLETE
117,0.0003828383341897279,2025-07-17 22:27:23.934331,2025-07-17 22:30:41.504007,0 days 00:03:17.569676,16,120,0.0005314416297141318,21,COMPLETE
118,0.00040172977605834603,2025-07-17 22:30:41.504959,2025-07-17 22:34:00.823712,0 days 00:03:19.318753,16,125,0.0009954715358260233,20,COMPLETE
119,0.0003808664041571319,2025-07-17 22:34:00.824677,2025-07-17 22:37:02.224285,0 days 00:03:01.399608,16,123,0.0016944904899641908,19,COMPLETE
120,0.0003894203691743314,2025-07-17 22:37:02.225408,2025-07-17 22:40:12.842132,0 days 00:03:10.616724,16,118,0.0008090591719291791,22,COMPLETE
121,0.0004345860215835273,2025-07-17 22:40:12.843068,2025-07-17 22:43:23.814574,0 days 00:03:10.971506,16,128,0.0012239759077355848,22,COMPLETE
122,0.00043541143531911075,2025-07-17 22:43:23.815555,2025-07-17 22:46:30.877961,0 days 00:03:07.062406,16,121,0.0014264523712860973,21,COMPLETE
123,0.00043642634409479797,2025-07-17 22:46:30.878931,2025-07-17 22:49:15.849993,0 days 00:02:44.971062,16,124,0.002244095086180354,20,COMPLETE
124,0.00037732982309535146,2025-07-17 22:49:15.850972,2025-07-17 22:53:11.563251,0 days 00:03:55.712279,16,113,0.0015765172035687846,21,COMPLETE
125,0.0003823282022494823,2025-07-17 22:53:11.564261,2025-07-17 22:56:26.356779,0 days 00:03:14.792518,16,126,0.0010346787207686373,22,COMPLETE
126,0.0004143374098930508,2025-07-17 22:56:26.357739,2025-07-17 22:59:07.364326,0 days 00:02:41.006587,16,117,0.001859567575005113,19,COMPLETE
127,0.00034532640711404383,2025-07-17 22:59:07.365315,2025-07-17 23:02:14.288051,0 days 00:03:06.922736,16,122,0.0013145141195177032,21,COMPLETE
128,0.0003537173615768552,2025-07-17 23:02:14.289033,2025-07-17 23:05:00.503537,0 days 00:02:46.214504,16,120,0.0005851591727486875,20,COMPLETE
129,0.0003315966168884188,2025-07-17 23:05:00.504505,2025-07-17 23:08:06.303376,0 days 00:03:05.798871,16,122,0.0012430580579469517,21,COMPLETE
130,0.00034408908686600626,2025-07-17 23:08:06.304362,2025-07-17 23:11:04.824978,0 days 00:02:58.520616,16,125,0.0008929062663976772,19,COMPLETE
131,0.0003199286584276706,2025-07-17 23:11:04.825954,2025-07-17 23:14:02.443701,0 days 00:02:57.617747,16,126,0.0009367526830276834,19,COMPLETE
132,0.00033044914016500115,2025-07-17 23:14:02.444668,2025-07-17 23:16:47.952786,0 days 00:02:45.508118,16,128,0.0011436146385833863,20,COMPLETE
133,0.00037629311555065215,2025-07-17 23:16:47.953761,2025-07-17 23:19:49.886149,0 days 00:03:01.932388,16,128,0.0007880391034003555,20,COMPLETE
134,0.0003432224038988352,2025-07-17 23:19:49.887113,2025-07-17 23:23:02.432121,0 days 00:03:12.545008,16,119,0.000979520909529968,21,COMPLETE
135,0.00035637884866446257,2025-07-17 23:23:02.433065,2025-07-17 23:23:43.446543,0 days 00:00:41.013478,128,116,0.0015421363943914422,20,COMPLETE
136,0.0003428489144425839,2025-07-17 23:23:43.447269,2025-07-17 23:27:12.930425,0 days 00:03:29.483156,16,126,0.0012391532962421708,23,COMPLETE
137,0.0003310996398795396,2025-07-17 23:27:12.931400,2025-07-17 23:28:45.132772,0 days 00:01:32.201372,32,122,0.002037186185876105,21,COMPLETE
138,0.00039566209306940436,2025-07-17 23:28:45.133696,2025-07-17 23:30:11.488462,0 days 00:01:26.354766,32,121,0.0016842901734305967,20,COMPLETE
139,0.00038674144889228046,2025-07-17 23:30:11.489448,2025-07-17 23:31:31.764249,0 days 00:01:20.274801,32,128,0.002049406260923846,21,COMPLETE
140,0.0003835709940176457,2025-07-17 23:31:31.765218,2025-07-17 23:32:46.745828,0 days 00:01:14.980610,32,122,0.0025121169473167125,19,COMPLETE
141,0.00034112020512111485,2025-07-17 23:32:46.746804,2025-07-17 23:34:09.326250,0 days 00:01:22.579446,32,125,0.0010569753508797932,21,COMPLETE
142,0.0004672511131502688,2025-07-17 23:34:09.327221,2025-07-17 23:37:27.532952,0 days 00:03:18.205731,16,123,0.0001505461078162014,20,COMPLETE
143,0.0003706528805196285,2025-07-17 23:37:27.533906,2025-07-17 23:40:40.081642,0 days 00:03:12.547736,16,119,0.0013793431077443223,22,COMPLETE
144,0.00034710855106823146,2025-07-17 23:40:40.082597,2025-07-17 23:43:37.189423,0 days 00:02:57.106826,16,126,0.0011821622325845255,18,COMPLETE
145,0.00037138230982236564,2025-07-17 23:43:37.190407,2025-07-17 23:46:32.063258,0 days 00:02:54.872851,16,116,0.0007118419794640227,21,COMPLETE
146,0.00035594654036685824,2025-07-17 23:46:32.064268,2025-07-17 23:48:00.897112,0 days 00:01:28.832844,32,128,0.0018479226595884822,20,COMPLETE
147,0.0004618051752913743,2025-07-17 23:48:00.898062,2025-07-17 23:49:51.525623,0 days 00:01:50.627561,16,43,0.0008932938383093618,21,COMPLETE
148,0.0003876518167089671,2025-07-17 23:49:51.526586,2025-07-17 23:54:48.720142,0 days 00:04:57.193556,16,112,0.0015587398623750268,22,COMPLETE
149,0.00034269382013008,2025-07-17 23:54:48.721090,2025-07-17 23:58:07.641437,0 days 00:03:18.920347,16,123,0.0014065875597761377,20,COMPLETE
150,0.0013758669374510646,2025-07-17 23:58:07.642464,2025-07-17 23:59:35.882031,0 days 00:01:28.239567,16,19,0.0011345736109977917,18,COMPLETE
151,0.0003573316498659551,2025-07-17 23:59:35.882977,2025-07-18 00:01:12.539556,0 days 00:01:36.656579,32,125,0.001005440640156654,21,COMPLETE
152,0.00034454549313522875,2025-07-18 00:01:12.540522,2025-07-18 00:01:51.558190,0 days 00:00:39.017668,32,119,0.0012875989102954688,5,COMPLETE
153,0.00037426972994580865,2025-07-18 00:01:51.558971,2025-07-18 00:03:38.689293,0 days 00:01:47.130322,32,124,0.0010537580662167015,23,COMPLETE
154,0.00036703445948660374,2025-07-18 00:03:38.690250,2025-07-18 00:05:11.439925,0 days 00:01:32.749675,32,126,0.0008117982122205575,21,COMPLETE
155,0.00042335287434980273,2025-07-18 00:05:11.440892,2025-07-18 00:06:34.991712,0 days 00:01:23.550820,32,122,0.0021702884570660532,20,COMPLETE
156,0.0003593437431845814,2025-07-18 00:06:34.992711,2025-07-18 00:09:24.068238,0 days 00:02:49.075527,16,128,0.00167391275549575,19,COMPLETE
157,0.0003077247238252312,2025-07-18 00:09:24.069235,2025-07-18 00:12:19.790082,0 days 00:02:55.720847,16,120,0.0009489834275976953,21,COMPLETE
158,0.00037208839785307646,2025-07-18 00:12:19.791087,2025-07-18 00:16:21.691659,0 days 00:04:01.900572,16,115,0.000908571702185299,22,COMPLETE
159,0.0003988368553109467,2025-07-18 00:16:21.692603,2025-07-18 00:19:16.831028,0 days 00:02:55.138425,16,119,0.0013552058846972824,20,COMPLETE
160,0.00034640170633792877,2025-07-18 00:19:16.832025,2025-07-18 00:22:19.540967,0 days 00:03:02.708942,16,122,0.0006624671256139249,22,COMPLETE
161,0.0004401877522468567,2025-07-18 00:22:19.541945,2025-07-18 00:25:29.990851,0 days 00:03:10.448906,16,125,0.0011199036050127563,21,COMPLETE
162,0.0003703527036122978,2025-07-18 00:25:29.991891,2025-07-18 00:28:23.675567,0 days 00:02:53.683676,16,121,0.0009963020732684765,21,COMPLETE
163,0.0003736796497832984,2025-07-18 00:28:23.676508,2025-07-18 00:31:29.799824,0 days 00:03:06.123316,16,117,0.0012255159441216024,21,COMPLETE
164,0.00038666877662763,2025-07-18 00:31:29.800795,2025-07-18 00:34:29.226038,0 days 00:02:59.425243,16,125,0.0008152317912447214,20,COMPLETE
165,0.00036484282463788986,2025-07-18 00:34:29.227024,2025-07-18 00:35:17.770929,0 days 00:00:48.543905,128,123,0.0015409153523801668,19,COMPLETE
166,0.0003339319955557585,2025-07-18 00:35:17.771650,2025-07-18 00:38:31.881061,0 days 00:03:14.109411,16,126,0.0010807576142757946,21,COMPLETE
167,0.00044485964463092387,2025-07-18 00:38:31.882032,2025-07-18 00:41:29.156172,0 days 00:02:57.274140,16,128,0.0018400148823630648,22,COMPLETE
168,0.0003586367529351264,2025-07-18 00:41:29.157175,2025-07-18 00:44:19.773308,0 days 00:02:50.616133,16,120,0.0013201369749400848,20,COMPLETE
169,0.0003406520700082183,2025-07-18 00:44:19.774299,2025-07-18 00:47:12.763422,0 days 00:02:52.989123,16,118,0.0009116283459424517,19,COMPLETE
170,0.0003729965537786484,2025-07-18 00:47:12.764374,2025-07-18 00:50:21.252524,0 days 00:03:08.488150,16,126,0.0007211661284174795,21,COMPLETE
171,0.0003757793456315994,2025-07-18 00:50:21.253530,2025-07-18 00:53:05.059099,0 days 00:02:43.805569,16,118,0.0008933482743298232,19,COMPLETE
172,0.00039139683940447867,2025-07-18 00:53:05.060097,2025-07-18 00:55:43.616703,0 days 00:02:38.556606,16,122,0.0011753124786377158,18,COMPLETE
173,0.0003265268460381776,2025-07-18 00:55:43.617667,2025-07-18 01:00:08.907161,0 days 00:04:25.289494,16,114,0.0009688198785758301,19,COMPLETE
174,0.00038257919368334115,2025-07-18 01:00:08.908115,2025-07-18 01:03:59.432298,0 days 00:03:50.524183,16,112,0.001513310021936665,20,COMPLETE
175,0.0003902349271811545,2025-07-18 01:03:59.433289,2025-07-18 01:07:01.326558,0 days 00:03:01.893269,16,124,0.001073162774988446,20,COMPLETE
176,0.0004105374391656369,2025-07-18 01:07:01.327563,2025-07-18 01:09:49.777348,0 days 00:02:48.449785,16,121,0.001287853757096268,19,COMPLETE
177,0.00037846792838536203,2025-07-18 01:09:49.778345,2025-07-18 01:12:44.332710,0 days 00:02:54.554365,16,128,0.0006125076754680265,21,COMPLETE
178,0.0007521123625338078,2025-07-18 01:12:44.333658,2025-07-18 01:16:35.343415,0 days 00:03:51.009757,16,114,6.995292343653062e-05,20,COMPLETE
179,0.00037003617035225034,2025-07-18 01:16:35.344404,2025-07-18 01:19:32.435945,0 days 00:02:57.091541,16,123,0.001712930661301726,18,COMPLETE
180,0.0003308875020593405,2025-07-18 01:19:32.436957,2025-07-18 01:22:43.473529,0 days 00:03:11.036572,16,126,0.0007745240012381663,22,COMPLETE
181,0.0003573753056116402,2025-07-18 01:22:43.474567,2025-07-18 01:25:56.032662,0 days 00:03:12.558095,16,126,0.0007727519437708767,22,COMPLETE
182,0.00036820649984292686,2025-07-18 01:25:56.033659,2025-07-18 01:28:58.336559,0 days 00:03:02.302900,16,120,0.0010241398978157116,22,COMPLETE
183,0.00031209399458020926,2025-07-18 01:28:58.337591,2025-07-18 01:32:04.676785,0 days 00:03:06.339194,16,126,0.0014343284100377174,21,COMPLETE
184,0.0003934822743758559,2025-07-18 01:32:04.677779,2025-07-18 01:35:09.414295,0 days 00:03:04.736516,16,128,0.0014065545024231098,21,COMPLETE
185,0.00037340266862884164,2025-07-18 01:35:09.415299,2025-07-18 01:38:06.124968,0 days 00:02:56.709669,16,126,0.0011940435930258438,20,COMPLETE
186,0.0003249113797210157,2025-07-18 01:38:06.125983,2025-07-18 01:41:10.261918,0 days 00:03:04.135935,16,124,0.0019506882683955893,22,COMPLETE
187,0.00037130402051843703,2025-07-18 01:41:10.262922,2025-07-18 01:44:26.780733,0 days 00:03:16.517811,16,124,0.002035837889290749,23,COMPLETE
188,0.00031522262725047767,2025-07-18 01:44:26.781719,2025-07-18 01:47:54.955547,0 days 00:03:28.173828,16,121,0.001477215885973259,23,COMPLETE
189,0.0004172904300503433,2025-07-18 01:47:54.956564,2025-07-18 01:51:10.107281,0 days 00:03:15.150717,16,116,0.001487691596577992,22,COMPLETE
190,0.0006894092657603323,2025-07-18 01:51:10.108268,2025-07-18 01:54:20.019200,0 days 00:03:09.910932,16,120,0.002294033690614528,23,COMPLETE
191,0.000329060509102419,2025-07-18 01:54:20.020237,2025-07-18 01:57:45.997305,0 days 00:03:25.977068,16,123,0.0011634506281928399,23,COMPLETE
192,0.0005512541392818093,2025-07-18 01:57:45.998324,2025-07-18 02:01:14.167072,0 days 00:03:28.168748,16,128,0.001860670177329181,24,COMPLETE
193,0.0003531484690029174,2025-07-18 02:01:14.168038,2025-07-18 02:04:23.857255,0 days 00:03:09.689217,16,122,0.0013009058566180382,23,COMPLETE
194,0.00037635938497260213,2025-07-18 02:04:23.858219,2025-07-18 02:07:50.435349,0 days 00:03:26.577130,16,126,0.0015864760465695003,24,COMPLETE
195,0.0003248414723202586,2025-07-18 02:07:50.436331,2025-07-18 02:11:06.716192,0 days 00:03:16.279861,16,124,0.0011134773957779615,23,COMPLETE
196,0.00034667528234422207,2025-07-18 02:11:06.717222,2025-07-18 02:14:26.468901,0 days 00:03:19.751679,16,124,0.0010923507391966325,23,COMPLETE
197,0.0003239685611333698,2025-07-18 02:14:26.469884,2025-07-18 02:18:07.720144,0 days 00:03:41.250260,16,125,0.0009088767223989496,24,COMPLETE
198,0.0004899043124169111,2025-07-18 02:18:07.721114,2025-07-18 02:19:06.175104,0 days 00:00:58.453990,128,121,0.0008891996833162863,24,COMPLETE
199,0.00035110642784275115,2025-07-18 02:19:06.175879,2025-07-18 02:22:29.080393,0 days 00:03:22.904514,16,126,0.0008156638068322821,23,COMPLETE
200,0.0003382478025741875,2025-07-18 02:22:29.081409,2025-07-18 02:26:04.139148,0 days 00:03:35.057739,16,123,0.0009882358828221624,24,COMPLETE
201,0.00036846555303782225,2025-07-18 02:26:04.140147,2025-07-18 02:29:08.242027,0 days 00:03:04.101880,16,128,0.0012438243527397497,23,COMPLETE
202,0.00042559957364574075,2025-07-18 02:29:08.243026,2025-07-18 02:32:50.697755,0 days 00:03:42.454729,16,125,0.00109436139502768,25,COMPLETE
203,0.00034704667632468045,2025-07-18 02:32:50.698788,2025-07-18 02:36:03.476987,0 days 00:03:12.778199,16,122,0.0009670241459244835,22,COMPLETE
204,0.0004203511343803257,2025-07-18 02:36:03.478009,2025-07-18 02:39:10.775781,0 days 00:03:07.297772,16,126,0.0011901428059853986,22,COMPLETE
205,0.006320334505289793,2025-07-18 02:39:10.776820,2025-07-18 02:42:22.831153,0 days 00:03:12.054333,16,120,1.4597625314204333e-05,24,COMPLETE
206,0.0004036035970784724,2025-07-18 02:42:22.832191,2025-07-18 02:45:36.027976,0 days 00:03:13.195785,16,124,0.0014897694404625889,23,COMPLETE
207,0.0015002026921138167,2025-07-18 02:45:36.028985,2025-07-18 02:48:55.667034,0 days 00:03:19.638049,16,128,3.261852026611959e-05,25,COMPLETE
208,0.0003743807610590011,2025-07-18 02:48:55.668072,2025-07-18 02:51:53.564063,0 days 00:02:57.895991,16,124,0.000833956961741228,22,COMPLETE
209,0.00045561938895843923,2025-07-18 02:51:53.565057,2025-07-18 02:55:11.917904,0 days 00:03:18.352847,16,118,0.0007170860427604363,22,COMPLETE
210,0.0003669105062726885,2025-07-18 02:55:11.918930,2025-07-18 02:58:19.808842,0 days 00:03:07.889912,16,126,0.0013670891384297806,21,COMPLETE
211,0.00034252062323503196,2025-07-18 02:58:19.809845,2025-07-18 03:01:22.798453,0 days 00:03:02.988608,16,121,0.001090590292768368,19,COMPLETE
212,0.0003209938877262175,2025-07-18 03:01:22.799469,2025-07-18 03:04:04.367680,0 days 00:02:41.568211,16,118,0.0017158548698896238,19,COMPLETE
213,0.0003948540543206036,2025-07-18 03:04:04.368686,2025-07-18 03:06:43.221160,0 days 00:02:38.852474,16,123,0.0018647347847317852,19,COMPLETE
214,0.00032892709714360535,2025-07-18 03:06:43.222223,2025-07-18 03:09:43.259941,0 days 00:03:00.037718,16,118,0.0016876329002152271,23,COMPLETE
215,0.00047510917647741735,2025-07-18 03:09:43.260955,2025-07-18 03:12:39.527000,0 days 00:02:56.266045,16,116,0.0017069392475670426,23,COMPLETE
216,0.00045662428601644933,2025-07-18 03:12:39.528001,2025-07-18 03:15:37.410770,0 days 00:02:57.882769,16,119,0.0027524967334448033,22,COMPLETE
217,0.00034375590621493757,2025-07-18 03:15:37.411764,2025-07-18 03:18:47.972964,0 days 00:03:10.561200,16,121,0.002088786023918794,24,COMPLETE
218,0.00036616084980778396,2025-07-18 03:18:47.973990,2025-07-18 03:21:49.060288,0 days 00:03:01.086298,16,118,0.0015631187999302209,23,COMPLETE
219,0.0006787561578676105,2025-07-18 03:21:49.061308,2025-07-18 03:23:42.313363,0 days 00:01:53.252055,16,51,0.0024051895530412468,23,COMPLETE
220,0.0004185875004623085,2025-07-18 03:23:42.314378,2025-07-18 03:26:45.331104,0 days 00:03:03.016726,16,128,0.0003088606932710539,24,COMPLETE
221,0.00034431778476573527,2025-07-18 03:26:45.332124,2025-07-18 03:29:47.636992,0 days 00:03:02.304868,16,125,0.0012921230610802798,20,COMPLETE
222,0.0003112831909675151,2025-07-18 03:29:47.638004,2025-07-18 03:33:11.018661,0 days 00:03:23.380657,16,123,0.0009449163026333215,21,COMPLETE
223,0.0003381823771633208,2025-07-18 03:33:11.019683,2025-07-18 03:36:13.922428,0 days 00:03:02.902745,16,122,0.000964042436503842,21,COMPLETE
224,0.00034335217787884176,2025-07-18 03:36:13.923477,2025-07-18 03:39:13.617827,0 days 00:02:59.694350,16,123,0.00139705821111604,21,COMPLETE
225,0.0003489204973448068,2025-07-18 03:39:13.618833,2025-07-18 03:42:11.757565,0 days 00:02:58.138732,16,120,0.0009096415753499817,22,COMPLETE
226,0.00036413088673725724,2025-07-18 03:42:11.758571,2025-07-18 03:45:15.104229,0 days 00:03:03.345658,16,125,0.001090459113853177,21,COMPLETE
227,0.0004127497086301446,2025-07-18 03:45:15.105238,2025-07-18 03:47:52.309174,0 days 00:02:37.203936,16,116,0.0016924715545109993,20,COMPLETE
228,0.0003416074614506215,2025-07-18 03:47:52.310223,2025-07-18 03:50:52.772220,0 days 00:03:00.461997,16,126,0.0012016795577167616,22,COMPLETE
229,0.000374337105313316,2025-07-18 03:50:52.773243,2025-07-18 03:53:42.918482,0 days 00:02:50.145239,16,122,0.0014514298399161583,21,COMPLETE
230,0.0003263600228819996,2025-07-18 03:53:42.919538,2025-07-18 03:56:27.235588,0 days 00:02:44.316050,16,119,0.0020296731872655642,20,COMPLETE
231,0.0004230027552694082,2025-07-18 03:56:27.236593,2025-07-18 03:59:12.182502,0 days 00:02:44.945909,16,119,0.0020099027824307465,20,COMPLETE
232,0.00045232384582050145,2025-07-18 03:59:12.183527,2025-07-18 04:03:17.479619,0 days 00:04:05.296092,16,114,0.0017104348175564982,20,COMPLETE
233,0.0003610254207160324,2025-07-18 04:03:17.480624,2025-07-18 04:06:16.910135,0 days 00:02:59.429511,16,123,0.0009876748215859779,21,COMPLETE
234,0.0004450530686881393,2025-07-18 04:06:16.911139,2025-07-18 04:09:00.742227,0 days 00:02:43.831088,16,128,0.002170553409292022,20,COMPLETE
235,0.00034040125319734216,2025-07-18 04:09:00.743233,2025-07-18 04:12:00.141001,0 days 00:02:59.397768,16,121,0.0008450770781161376,21,COMPLETE
236,0.000354239804437384,2025-07-18 04:12:00.142051,2025-07-18 04:12:56.386930,0 days 00:00:56.244879,128,125,0.0018808519729175482,23,COMPLETE
237,0.0004109904693905264,2025-07-18 04:12:56.387715,2025-07-18 04:15:39.700245,0 days 00:02:43.312530,16,118,0.0012128491738578376,19,COMPLETE
238,0.00039624309283681214,2025-07-18 04:15:39.701316,2025-07-18 04:18:35.578728,0 days 00:02:55.877412,16,124,0.0014684430824995335,21,COMPLETE
239,0.0003823288425337523,2025-07-18 04:18:35.579746,2025-07-18 04:21:28.223802,0 days 00:02:52.644056,16,126,0.001061415202962375,20,COMPLETE
240,0.00126657634973526,2025-07-18 04:21:28.224814,2025-07-18 04:24:33.736174,0 days 00:03:05.511360,16,122,4.529541784720602e-05,22,COMPLETE
241,0.0003846104955300689,2025-07-18 04:24:33.737211,2025-07-18 04:27:19.730537,0 days 00:02:45.993326,16,126,0.0010883256587157655,19,COMPLETE
242,0.0003709312295541167,2025-07-18 04:27:19.731578,2025-07-18 04:29:55.373052,0 days 00:02:35.641474,16,128,0.0009336065028264487,19,COMPLETE
243,0.00038534452323801816,2025-07-18 04:29:55.374079,2025-07-18 04:32:37.077619,0 days 00:02:41.703540,16,124,0.00128966471582663,20,COMPLETE
244,0.0004162607656326145,2025-07-18 04:32:37.078631,2025-07-18 04:35:08.671930,0 days 00:02:31.593299,16,120,0.0011916093907455097,19,COMPLETE
245,0.00034561834763735533,2025-07-18 04:35:08.672943,2025-07-18 04:38:19.682248,0 days 00:03:11.009305,16,123,0.0015084544955654758,21,COMPLETE
246,0.0003557805030141026,2025-07-18 04:38:19.683271,2025-07-18 04:41:01.950240,0 days 00:02:42.266969,16,126,0.000778723623620154,18,COMPLETE
247,0.0003530386311467737,2025-07-18 04:41:01.951271,2025-07-18 04:43:51.541795,0 days 00:02:49.590524,16,117,0.001317792326683202,20,COMPLETE
248,0.00042840471724048257,2025-07-18 04:43:51.542837,2025-07-18 04:46:55.999528,0 days 00:03:04.456691,16,120,0.0017039668938791037,23,COMPLETE
249,0.0003632645821198821,2025-07-18 04:46:56.000571,2025-07-18 04:49:55.377940,0 days 00:02:59.377369,16,123,0.0010092704746115589,21,COMPLETE
250,0.0004010974371340126,2025-07-18 04:49:55.378972,2025-07-18 04:51:22.656717,0 days 00:01:27.277745,32,128,0.0011354031439843842,20,COMPLETE
251,0.0003738556697499007,2025-07-18 04:51:22.657715,2025-07-18 04:54:31.261348,0 days 00:03:08.603633,16,125,0.001372928405010456,22,COMPLETE
252,0.0004878707113675773,2025-07-18 04:54:31.262392,2025-07-18 04:57:17.014662,0 days 00:02:45.752270,16,121,0.002396112967557858,19,COMPLETE
253,0.0004161050892435014,2025-07-18 04:57:17.015677,2025-07-18 05:00:38.248131,0 days 00:03:21.232454,16,126,0.0019352225623584102,24,COMPLETE
254,0.0003743946144822985,2025-07-18 05:00:38.249161,2025-07-18 05:03:56.829148,0 days 00:03:18.579987,16,123,0.0009304420208731431,22,COMPLETE
255,0.00040797251858748496,2025-07-18 05:03:56.830152,2025-07-18 05:07:15.292593,0 days 00:03:18.462441,16,118,0.0016195530120601284,21,COMPLETE
256,0.000430811895057559,2025-07-18 05:07:15.293610,2025-07-18 05:09:05.044344,0 days 00:01:49.750734,16,115,0.0011883372140131336,8,COMPLETE
257,0.00035915945773012936,2025-07-18 05:09:05.045353,2025-07-18 05:11:55.568476,0 days 00:02:50.523123,16,128,0.0007162512991143452,20,COMPLETE
258,0.00033383030677214265,2025-07-18 05:11:55.569519,2025-07-18 05:15:05.214936,0 days 00:03:09.645417,16,124,0.0010277902735404043,23,COMPLETE
259,0.00036557193379849195,2025-07-18 05:15:05.215988,2025-07-18 05:18:09.807276,0 days 00:03:04.591288,16,120,0.0009163010309309988,23,COMPLETE
260,0.0004171084437984973,2025-07-18 05:18:09.808370,2025-07-18 05:21:19.861244,0 days 00:03:10.052874,16,124,0.0010507759493319049,23,COMPLETE
261,0.00041850615525618196,2025-07-18 05:21:19.862303,2025-07-18 05:24:25.785386,0 days 00:03:05.923083,16,122,0.0014425559164463256,22,COMPLETE
262,0.0004150866298004985,2025-07-18 05:24:25.786426,2025-07-18 05:26:07.721152,0 days 00:01:41.934726,32,119,0.0008149921543900399,23,COMPLETE
263,0.00041475583566352725,2025-07-18 05:26:07.722159,2025-07-18 05:29:28.856860,0 days 00:03:21.134701,16,126,0.0020801541471596073,24,COMPLETE
264,0.00034247705480083823,2025-07-18 05:29:28.857894,2025-07-18 05:30:20.942569,0 days 00:00:52.084675,128,124,0.002690055176915599,22,COMPLETE
265,0.00035146993468515575,2025-07-18 05:30:20.943386,2025-07-18 05:33:17.688102,0 days 00:02:56.744716,16,117,0.0013081905578468122,21,COMPLETE
266,0.00034543705987744033,2025-07-18 05:33:17.689105,2025-07-18 05:36:32.360624,0 days 00:03:14.671519,16,121,0.0017270980984901982,23,COMPLETE
267,0.00048021244583651423,2025-07-18 05:36:32.361629,2025-07-18 05:38:37.311265,0 days 00:02:04.949636,16,68,0.0006338954356305903,21,COMPLETE
268,0.0006075346609577537,2025-07-18 05:38:37.312490,2025-07-18 05:40:33.573240,0 days 00:01:56.260750,16,26,0.001051191619495916,24,COMPLETE
269,0.0003912131942342967,2025-07-18 05:40:33.574254,2025-07-18 05:44:05.492417,0 days 00:03:31.918163,16,113,0.0008325024341381172,22,COMPLETE
270,0.00037740866537205875,2025-07-18 05:44:05.493454,2025-07-18 05:46:50.761780,0 days 00:02:45.268326,16,128,0.0015423684462168826,20,COMPLETE
271,0.0003706692368723452,2025-07-18 05:46:50.762862,2025-07-18 05:49:48.901151,0 days 00:02:58.138289,16,122,0.0011281223785894264,21,COMPLETE
272,0.0003643314412329346,2025-07-18 05:49:48.902193,2025-07-18 05:52:57.610262,0 days 00:03:08.708069,16,125,0.0009777123911146196,22,COMPLETE
273,0.0004418050230015069,2025-07-18 05:52:57.611299,2025-07-18 05:55:00.156978,0 days 00:02:02.545679,16,119,0.0012439525533792623,13,COMPLETE
274,0.00038358295569196343,2025-07-18 05:55:00.158035,2025-07-18 05:57:52.677672,0 days 00:02:52.519637,16,126,0.0009023480615614147,20,COMPLETE
275,0.0005036818911321461,2025-07-18 05:57:52.678701,2025-07-18 06:01:25.914523,0 days 00:03:33.235822,16,110,0.0018675965278855539,21,COMPLETE
276,0.0003818957775365561,2025-07-18 06:01:25.915650,2025-07-18 06:03:12.580477,0 days 00:01:46.664827,32,123,0.0014378263953591641,24,COMPLETE
277,0.0005145039758644998,2025-07-18 06:03:12.581556,2025-07-18 06:06:29.780373,0 days 00:03:17.198817,16,128,0.0022797247056910923,25,COMPLETE
278,0.0003279036609455943,2025-07-18 06:06:29.781386,2025-07-18 06:09:44.222917,0 days 00:03:14.441531,16,121,0.0011629569964454536,23,COMPLETE
279,0.00037594058085232973,2025-07-18 06:09:44.223955,2025-07-18 06:13:21.584595,0 days 00:03:37.360640,16,115,0.0013469821530476933,22,COMPLETE
280,0.0003613938170019537,2025-07-18 06:13:21.585661,2025-07-18 06:16:30.799711,0 days 00:03:09.214050,16,117,0.0015823338823825394,23,COMPLETE
281,0.00033032664214260876,2025-07-18 06:16:30.800746,2025-07-18 06:19:35.032713,0 days 00:03:04.231967,16,120,0.0011351395044311124,23,COMPLETE
282,0.0004167950537521392,2025-07-18 06:19:35.033755,2025-07-18 06:22:47.361924,0 days 00:03:12.328169,16,119,0.0012554635213821274,23,COMPLETE
283,0.0004013151046819985,2025-07-18 06:22:47.362969,2025-07-18 06:26:01.652603,0 days 00:03:14.289634,16,121,0.0017067028510942544,23,COMPLETE
284,0.000420020311139524,2025-07-18 06:26:01.653604,2025-07-18 06:28:40.931613,0 days 00:02:39.278009,16,116,0.0011808656527084451,19,COMPLETE
285,0.0004340470186434686,2025-07-18 06:28:40.932630,2025-07-18 06:29:55.968303,0 days 00:01:15.035673,16,121,0.0019472293186235186,6,COMPLETE
286,0.0004669234622269869,2025-07-18 06:29:55.969340,2025-07-18 06:31:07.999876,0 days 00:01:12.030536,64,118,0.0007043412255631648,24,COMPLETE
287,0.0008114080992527306,2025-07-18 06:31:08.000945,2025-07-18 06:33:44.924795,0 days 00:02:36.923850,16,122,0.003128005153191312,18,COMPLETE
288,0.00037941994378343225,2025-07-18 06:33:44.925843,2025-07-18 06:34:33.679153,0 days 00:00:48.753310,128,120,0.0014597825478312604,22,COMPLETE
289,0.0004358450823929161,2025-07-18 06:34:33.679960,2025-07-18 06:36:31.868405,0 days 00:01:58.188445,16,63,0.0009060692575100438,19,COMPLETE
290,0.000392039684811607,2025-07-18 06:36:31.869478,2025-07-18 06:38:11.815677,0 days 00:01:39.946199,32,124,0.0007857421016405413,23,COMPLETE
291,0.0005293352296575904,2025-07-18 06:38:11.816780,2025-07-18 06:41:34.807136,0 days 00:03:22.990356,16,114,0.00011154230018888151,20,COMPLETE
292,0.0003294884809292853,2025-07-18 06:41:34.808143,2025-07-18 06:44:55.071451,0 days 00:03:20.263308,16,123,0.0011829404790221246,24,COMPLETE
293,0.0003243202227167785,2025-07-18 06:44:55.072488,2025-07-18 06:48:16.024575,0 days 00:03:20.952087,16,126,0.0010612493882826708,24,COMPLETE
294,0.0004179280367679894,2025-07-18 06:48:16.025618,2025-07-18 06:52:19.921529,0 days 00:04:03.895911,16,105,0.0010680653085640662,25,COMPLETE
295,0.0003877916606143117,2025-07-18 06:52:19.922562,2025-07-18 06:55:40.608166,0 days 00:03:20.685604,16,126,0.0011559547204683042,24,COMPLETE
296,0.000327278976328671,2025-07-18 06:55:40.609218,2025-07-18 06:59:01.563906,0 days 00:03:20.954688,16,126,0.0009648163070089592,24,COMPLETE
297,0.000350484304362908,2025-07-18 06:59:01.564954,2025-07-18 07:02:18.465167,0 days 00:03:16.900213,16,128,0.000920253430368349,25,COMPLETE
298,0.0003665841941256076,2025-07-18 07:02:18.466203,2025-07-18 07:05:35.116860,0 days 00:03:16.650657,16,124,0.0013101745237394569,24,COMPLETE
299,0.0003765018773265183,2025-07-18 07:05:35.117925,2025-07-18 07:08:57.308846,0 days 00:03:22.190921,16,125,0.0010790263037991788,24,COMPLETE
300,0.00042447310988791287,2025-07-18 07:08:57.309919,2025-07-18 07:12:47.581995,0 days 00:03:50.272076,16,111,0.001000283227474583,24,COMPLETE
301,0.00038269534707069397,2025-07-18 07:12:47.583027,2025-07-18 07:16:12.958824,0 days 00:03:25.375797,16,119,0.0012971199761046565,25,COMPLETE
302,0.00042191686225123703,2025-07-18 07:16:12.959854,2025-07-18 07:19:32.639238,0 days 00:03:19.679384,16,123,0.0015422762708948178,24,COMPLETE
303,0.0003374115622136742,2025-07-18 07:19:32.640269,2025-07-18 07:22:43.416918,0 days 00:03:10.776649,16,128,0.0008433265151550472,24,COMPLETE
304,0.0003486289642751217,2025-07-18 07:22:43.417962,2025-07-18 07:25:56.521503,0 days 00:03:13.103541,16,121,0.0011731124412376207,23,COMPLETE
305,0.00038559461245313287,2025-07-18 07:25:56.522563,2025-07-18 07:29:18.977074,0 days 00:03:22.454511,16,117,0.0009797873616598386,25,COMPLETE
306,0.0004137027426622808,2025-07-18 07:29:18.978148,2025-07-18 07:31:13.458233,0 days 00:01:54.480085,16,126,0.001370303872047877,12,COMPLETE
307,0.0003517919103614986,2025-07-18 07:31:13.459272,2025-07-18 07:34:32.691334,0 days 00:03:19.232062,16,123,0.0011488239897146678,24,COMPLETE
308,0.00034705744474194944,2025-07-18 07:34:32.692387,2025-07-18 07:37:35.933178,0 days 00:03:03.240791,16,120,0.0015281394418877956,23,COMPLETE
309,0.00035970075987279415,2025-07-18 07:37:35.934237,2025-07-18 07:40:51.271383,0 days 00:03:15.337146,16,124,0.0008974586638455532,24,COMPLETE
310,0.00036519236164167523,2025-07-18 07:40:51.272418,2025-07-18 07:42:36.624475,0 days 00:01:45.352057,16,128,0.0005490446475276926,11,COMPLETE
311,0.0004310936201363802,2025-07-18 07:42:36.625523,2025-07-18 07:45:49.745403,0 days 00:03:13.119880,16,126,0.001742403742135196,23,COMPLETE
312,0.0003492184332571924,2025-07-18 07:45:49.746455,2025-07-18 07:48:27.767269,0 days 00:02:38.020814,16,122,0.0010250732223841216,18,COMPLETE
313,0.00033629167592152953,2025-07-18 07:48:27.768324,2025-07-18 07:51:40.035989,0 days 00:03:12.267665,16,119,0.0013586295692392205,23,COMPLETE
314,0.0003353102074470371,2025-07-18 07:51:40.037068,2025-07-18 07:54:53.007053,0 days 00:03:12.969985,16,116,0.0011961184735931748,24,COMPLETE
315,0.0003856259281747043,2025-07-18 07:54:53.008105,2025-07-18 07:57:34.679694,0 days 00:02:41.671589,16,124,0.0008526199783792445,19,COMPLETE
316,0.00041472891462035477,2025-07-18 07:57:34.680799,2025-07-18 07:58:45.935175,0 days 00:01:11.254376,64,126,0.0006852534355496932,23,COMPLETE
317,0.0003629929560702294,2025-07-18 07:58:45.936271,2025-07-18 08:01:32.070754,0 days 00:02:46.134483,16,121,0.0015648090635932868,19,COMPLETE
318,0.0003824572777375579,2025-07-18 08:01:32.071818,2025-07-18 08:04:48.249769,0 days 00:03:16.177951,16,124,0.0010363817338215847,24,COMPLETE
319,0.0004127826832700521,2025-07-18 08:04:48.250868,2025-07-18 08:05:33.800695,0 days 00:00:45.549827,128,128,0.0012877741406283466,20,COMPLETE
320,0.00042683075298555195,2025-07-18 08:05:33.801544,2025-07-18 08:08:44.702874,0 days 00:03:10.901330,16,113,0.0018042688839676835,19,COMPLETE
321,0.00035162997664883733,2025-07-18 08:08:44.703964,2025-07-18 08:12:10.477710,0 days 00:03:25.773746,16,119,0.0011260310118319456,25,COMPLETE
322,0.0004084247339051217,2025-07-18 08:12:10.478774,2025-07-18 08:15:23.035774,0 days 00:03:12.557000,16,122,0.0002180650776911133,23,COMPLETE
323,0.000404293998144567,2025-07-18 08:15:23.036872,2025-07-18 08:18:41.265922,0 days 00:03:18.229050,16,126,0.000756958959692197,24,COMPLETE
324,0.00036966646439395845,2025-07-18 08:18:41.266994,2025-07-18 08:21:29.336376,0 days 00:02:48.069382,16,117,0.0014039013825031673,20,COMPLETE
325,0.00032555346842855215,2025-07-18 08:21:29.337465,2025-07-18 08:24:17.909124,0 days 00:02:48.571659,16,124,0.0009542848029528328,20,COMPLETE
326,0.00037580530624836683,2025-07-18 08:24:17.910176,2025-07-18 08:27:03.948162,0 days 00:02:46.037986,16,121,0.0009488704473233928,19,COMPLETE
327,0.00040427176281809807,2025-07-18 08:27:03.949229,2025-07-18 08:30:16.785433,0 days 00:03:12.836204,16,124,0.0008002139444336242,23,COMPLETE
328,0.00037414347752928734,2025-07-18 08:30:16.786482,2025-07-18 08:31:53.132966,0 days 00:01:36.346484,16,38,0.0022935635551214186,17,COMPLETE
329,0.0004192847409285605,2025-07-18 08:31:53.134012,2025-07-18 08:35:05.966712,0 days 00:03:12.832700,16,119,0.0009642102887553246,20,COMPLETE
330,0.0003257152857258916,2025-07-18 08:35:05.967784,2025-07-18 08:38:10.986122,0 days 00:03:05.018338,16,122,0.0011824670255989142,23,COMPLETE
331,0.00040462330798618495,2025-07-18 08:38:10.987237,2025-07-18 08:41:24.491797,0 days 00:03:13.504560,16,123,0.0015047097572091336,24,COMPLETE
332,0.0004478725604712963,2025-07-18 08:41:24.492884,2025-07-18 08:44:32.153883,0 days 00:03:07.660999,16,125,0.0019502858829310479,18,COMPLETE
333,0.0003758300154004246,2025-07-18 08:44:32.154941,2025-07-18 08:47:48.005533,0 days 00:03:15.850592,16,122,0.0012604505781983455,22,COMPLETE
334,0.00041125676943920553,2025-07-18 08:47:48.006612,2025-07-18 08:49:48.006626,0 days 00:02:00.000014,16,55,0.0008557169917956089,20,COMPLETE
335,0.0003600846685003489,2025-07-18 08:49:48.007711,2025-07-18 08:52:38.110634,0 days 00:02:50.102923,16,125,0.001678559401421177,19,COMPLETE
336,0.00046852388186380267,2025-07-18 08:52:38.111728,2025-07-18 08:55:58.755539,0 days 00:03:20.643811,16,116,0.0006145938793614997,25,COMPLETE
337,0.0003535057185217738,2025-07-18 08:55:58.756619,2025-07-18 08:59:19.335455,0 days 00:03:20.578836,16,123,0.001045534200694766,24,COMPLETE
338,0.0040208506397902966,2025-07-18 08:59:19.336542,2025-07-18 09:02:24.017937,0 days 00:03:04.681395,16,120,2.525547465558285e-05,23,COMPLETE
339,0.0003548868407960981,2025-07-18 09:02:24.019038,2025-07-18 09:03:22.080751,0 days 00:00:58.061713,64,108,0.001386701741272595,20,COMPLETE
340,0.0004298069979995489,2025-07-18 09:03:22.081593,2025-07-18 09:05:11.934860,0 days 00:01:49.853267,16,72,0.0007368377544521849,18,COMPLETE
341,0.00033764494583010674,2025-07-18 09:05:11.935928,2025-07-18 09:08:26.137359,0 days 00:03:14.201431,16,126,0.0009411645792143634,23,COMPLETE
342,0.00033706455724313855,2025-07-18 09:08:26.138448,2025-07-18 09:11:23.470818,0 days 00:02:57.332370,16,118,0.0011602802177911274,21,COMPLETE
343,0.0003579099429771304,2025-07-18 09:11:23.471897,2025-07-18 09:12:16.503841,0 days 00:00:53.031944,128,122,0.001646546460379486,22,COMPLETE
344,0.0003677968925330788,2025-07-18 09:12:16.504699,2025-07-18 09:15:27.951891,0 days 00:03:11.447192,16,128,0.0013149357072386565,24,COMPLETE
345,0.0005357844056561589,2025-07-18 09:15:27.952978,2025-07-18 09:19:26.302289,0 days 00:03:58.349311,16,114,0.0026296097111968954,22,COMPLETE
346,0.0015308221336454153,2025-07-18 09:19:26.303378,2025-07-18 09:22:45.532086,0 days 00:03:19.228708,16,124,0.006518474762452119,21,COMPLETE
347,0.0004082034865859896,2025-07-18 09:22:45.533160,2025-07-18 09:25:52.446842,0 days 00:03:06.913682,16,121,0.0020007931770880463,19,COMPLETE
348,0.0003626075922511518,2025-07-18 09:25:52.447884,2025-07-18 09:29:07.914432,0 days 00:03:15.466548,16,126,0.0010084538877715265,20,COMPLETE
349,0.0003693870094139129,2025-07-18 09:29:07.915516,2025-07-18 09:32:47.508978,0 days 00:03:39.593462,16,123,0.0008500493010276511,23,COMPLETE
350,0.00036933357478119433,2025-07-18 09:32:47.510054,2025-07-18 09:36:08.054538,0 days 00:03:20.544484,16,118,0.0004418662842315301,21,COMPLETE
351,0.00033788688597269356,2025-07-18 09:36:08.055627,2025-07-18 09:39:53.146556,0 days 00:03:45.090929,16,128,0.0011743139110038051,25,COMPLETE
352,0.00043764550355263054,2025-07-18 09:39:53.147623,2025-07-18 09:43:35.307298,0 days 00:03:42.159675,16,124,0.0014604104380269284,24,COMPLETE
353,0.0003513312549330294,2025-07-18 09:43:35.308337,2025-07-18 09:47:17.710890,0 days 00:03:42.402553,16,99,0.0017950193289599725,19,COMPLETE
354,0.000317151949275285,2025-07-18 09:47:17.711985,2025-07-18 09:50:49.127198,0 days 00:03:31.415213,16,121,0.0012454156540176041,22,COMPLETE
355,0.00037952614366076887,2025-07-18 09:50:49.128241,2025-07-18 09:55:08.009123,0 days 00:04:18.880882,16,115,0.0013861060058064545,22,COMPLETE
356,0.00033791776513680816,2025-07-18 09:55:08.010237,2025-07-18 09:58:06.220623,0 days 00:02:58.210386,16,120,0.001047747514565506,22,COMPLETE
357,0.0003584494988899678,2025-07-18 09:58:06.221713,2025-07-18 10:01:09.923877,0 days 00:03:03.702164,16,117,0.0016209392295377576,22,COMPLETE
358,0.00046994147123768926,2025-07-18 10:01:09.924988,2025-07-18 10:04:10.871441,0 days 00:03:00.946453,16,126,0.002218089732855155,21,COMPLETE
359,0.0003983813221566379,2025-07-18 10:04:10.872532,2025-07-18 10:07:25.485978,0 days 00:03:14.613446,16,121,0.0009002024512225343,23,COMPLETE
360,0.0003342917189002037,2025-07-18 10:07:25.487040,2025-07-18 10:10:18.777176,0 days 00:02:53.290136,16,126,0.0012418869357387662,20,COMPLETE
361,0.0009748931624926627,2025-07-18 10:10:18.778290,2025-07-18 10:11:22.369553,0 days 00:01:03.591263,16,10,0.0007001185088121628,14,COMPLETE
362,0.0004648612521123141,2025-07-18 10:11:22.370426,2025-07-18 10:14:14.594254,0 days 00:02:52.223828,16,119,0.0003611880137583817,20,COMPLETE
363,0.00042825823766179383,2025-07-18 10:14:14.595350,2025-07-18 10:15:20.409606,0 days 00:01:05.814256,64,122,0.0010767938064687867,21,COMPLETE
364,0.0005022261175327003,2025-07-18 10:15:20.410708,2025-07-18 10:18:29.062770,0 days 00:03:08.652062,16,125,0.0037633566679603765,22,COMPLETE
365,0.0005331831052899361,2025-07-18 10:18:29.063839,2025-07-18 10:21:37.688687,0 days 00:03:08.624848,16,102,0.0015055729273213342,19,COMPLETE
366,0.0006320216925814748,2025-07-18 10:21:37.689841,2025-07-18 10:22:26.196937,0 days 00:00:48.507096,128,128,0.0007927270325031612,21,COMPLETE
367,0.00032173440558835864,2025-07-18 10:22:26.197775,2025-07-18 10:25:30.761182,0 days 00:03:04.563407,16,120,0.001293245901402116,23,COMPLETE
368,0.0003837195399682969,2025-07-18 10:25:30.762249,2025-07-18 10:29:08.582499,0 days 00:03:37.820250,16,113,0.0017431466848521185,22,COMPLETE
369,0.0004060555947944522,2025-07-18 10:29:08.583569,2025-07-18 10:32:20.005409,0 days 00:03:11.421840,16,117,0.001346262993773974,23,COMPLETE
370,0.00040656578494235873,2025-07-18 10:32:20.006459,2025-07-18 10:34:52.247984,0 days 00:02:32.241525,16,120,0.0021226969475561567,18,COMPLETE
371,0.00037333296495489776,2025-07-18 10:34:52.249032,2025-07-18 10:37:44.565953,0 days 00:02:52.316921,16,118,0.0009923339977981644,20,COMPLETE
372,0.000357341137714684,2025-07-18 10:37:44.567062,2025-07-18 10:40:30.843058,0 days 00:02:46.275996,16,121,0.0015358326112607714,19,COMPLETE
373,0.0003959752502851188,2025-07-18 10:40:30.844132,2025-07-18 10:43:23.673287,0 days 00:02:52.829155,16,124,0.0012454852914810543,21,COMPLETE
374,0.0004311695520300418,2025-07-18 10:43:23.674371,2025-07-18 10:46:01.893729,0 days 00:02:38.219358,16,116,0.0018443161201920002,20,COMPLETE
375,0.00045667646918445826,2025-07-18 10:46:01.894830,2025-07-18 10:49:12.863478,0 days 00:03:10.968648,16,122,0.0009349638190482274,23,COMPLETE
376,0.0003534919524099678,2025-07-18 10:49:12.864602,2025-07-18 10:53:11.405553,0 days 00:03:58.540951,16,111,0.0013247076305232166,23,COMPLETE
377,0.0004213039646856487,2025-07-18 10:53:11.406612,2025-07-18 10:56:15.380301,0 days 00:03:03.973689,16,126,0.001112073352966673,18,COMPLETE
378,0.0004519794892985374,2025-07-18 10:56:15.381343,2025-07-18 10:59:26.857155,0 days 00:03:11.475812,16,119,0.0014938218542530628,20,COMPLETE
379,0.0005354747991077602,2025-07-18 10:59:26.858182,2025-07-18 11:02:51.988959,0 days 00:03:25.130777,16,124,0.00028081206046348266,22,COMPLETE
380,0.00037471280666068196,2025-07-18 11:02:51.990018,2025-07-18 11:06:05.483636,0 days 00:03:13.493618,16,128,0.0008680346590794818,21,COMPLETE
381,0.0005390264559537172,2025-07-18 11:06:05.484676,2025-07-18 11:08:29.070423,0 days 00:02:23.585747,16,76,0.0010171532141980445,23,COMPLETE
382,0.00034204195253551006,2025-07-18 11:08:29.071463,2025-07-18 11:11:34.559642,0 days 00:03:05.488179,16,121,0.0016792359943923947,19,COMPLETE
383,0.0003479719744063914,2025-07-18 11:11:34.560680,2025-07-18 11:14:57.627184,0 days 00:03:23.066504,16,125,0.0013044839664107114,21,COMPLETE
384,0.0006366263842210174,2025-07-18 11:14:57.628227,2025-07-18 11:19:02.047245,0 days 00:04:04.419018,16,115,0.002454625159299434,22,COMPLETE
385,0.00036295162863098085,2025-07-18 11:19:02.048325,2025-07-18 11:22:29.291150,0 days 00:03:27.242825,16,123,0.0006359737178400453,22,COMPLETE
386,0.00042889913311228156,2025-07-18 11:22:29.292215,2025-07-18 11:23:24.012121,0 days 00:00:54.719906,64,118,0.0011474986681940555,16,COMPLETE
387,0.0003885714977513999,2025-07-18 11:23:24.012948,2025-07-18 11:26:32.199324,0 days 00:03:08.186376,16,126,0.001989107492475107,20,COMPLETE
388,0.00038768313243053854,2025-07-18 11:26:32.200364,2025-07-18 11:29:32.007755,0 days 00:02:59.807391,16,121,0.0007569802115649184,19,COMPLETE
389,0.0003676189517136663,2025-07-18 11:29:32.008807,2025-07-18 11:32:47.739351,0 days 00:03:15.730544,16,123,0.001432316485286953,21,COMPLETE
390,0.0007928297272883356,2025-07-18 11:32:47.740391,2025-07-18 11:33:25.808628,0 days 00:00:38.068237,128,128,0.0008786549015085415,15,COMPLETE
391,0.00036533985985442996,2025-07-18 11:33:25.809461,2025-07-18 11:36:29.696959,0 days 00:03:03.887498,16,119,0.0010316265068492528,20,COMPLETE
392,0.00033320000511594117,2025-07-18 11:36:29.698025,2025-07-18 11:40:02.513952,0 days 00:03:32.815927,16,125,0.0012690748336529325,23,COMPLETE
393,0.0003953831910621375,2025-07-18 11:40:02.515029,2025-07-18 11:43:24.137103,0 days 00:03:21.622074,16,122,0.001161197349130436,22,COMPLETE
394,0.00039431609911844134,2025-07-18 11:43:24.138197,2025-07-18 11:46:22.970937,0 days 00:02:58.832740,16,120,0.0015110455988309036,20,COMPLETE
395,0.00037633764441125095,2025-07-18 11:46:22.972019,2025-07-18 11:49:34.953273,0 days 00:03:11.981254,16,116,0.0017067183333567774,21,COMPLETE
396,0.0003602570213843137,2025-07-18 11:49:34.954334,2025-07-18 11:53:13.039159,0 days 00:03:38.084825,16,126,0.0010274156122664817,23,COMPLETE
397,0.0005681298207491636,2025-07-18 11:53:13.040230,2025-07-18 11:56:49.587358,0 days 00:03:36.547128,16,124,0.0028364909779494203,24,COMPLETE
398,0.0004135151393711567,2025-07-18 11:56:49.588662,2025-07-18 11:59:41.791772,0 days 00:02:52.203110,16,128,0.0008735732716083907,19,COMPLETE
399,0.00042024155845865607,2025-07-18 11:59:41.792840,2025-07-18 12:02:51.038687,0 days 00:03:09.245847,16,122,0.001895241932223271,21,COMPLETE
400,0.00036441971315070987,2025-07-18 12:02:51.039756,2025-07-18 12:06:04.321677,0 days 00:03:13.281921,16,118,0.0012579660823504794,24,COMPLETE
401,0.00033451031777076423,2025-07-18 12:06:04.327568,2025-07-18 12:08:49.019740,0 days 00:02:44.692172,16,124,0.001414692537629061,20,COMPLETE
402,0.00039292240398935974,2025-07-18 12:08:49.020801,2025-07-18 12:11:36.461044,0 days 00:02:47.440243,16,112,0.0007753963711657427,18,COMPLETE
403,0.0004629170289263129,2025-07-18 12:11:36.462205,2025-07-18 12:14:31.604495,0 days 00:02:55.142290,16,120,0.00018417477550810877,22,COMPLETE
404,0.00037699987296946347,2025-07-18 12:14:31.605583,2025-07-18 12:17:03.090351,0 days 00:02:31.484768,16,126,0.0009819842556574845,17,COMPLETE
405,0.00040664078551344573,2025-07-18 12:17:03.091457,2025-07-18 12:20:45.131412,0 days 00:03:42.039955,16,114,0.0011257899807045155,23,COMPLETE
406,0.00040885855560190976,2025-07-18 12:20:45.132515,2025-07-18 12:23:42.816345,0 days 00:02:57.683830,16,122,0.001638749139408778,21,COMPLETE
407,0.00036203223862685263,2025-07-18 12:23:42.817454,2025-07-18 12:26:20.392789,0 days 00:02:37.575335,16,128,0.0021265904636260935,19,COMPLETE
408,0.00036151541280560195,2025-07-18 12:26:20.393883,2025-07-18 12:29:43.048271,0 days 00:03:22.654388,16,117,0.0012398994528941773,24,COMPLETE
409,0.00033159335725940764,2025-07-18 12:29:43.049332,2025-07-18 12:33:11.293148,0 days 00:03:28.243816,16,124,0.0009422412742632714,23,COMPLETE
410,0.00039710639975965023,2025-07-18 12:33:11.294247,2025-07-18 12:34:15.951305,0 days 00:01:04.657058,64,120,0.0014113520057080096,20,COMPLETE
411,0.0004626453446689993,2025-07-18 12:34:15.952390,2025-07-18 12:37:18.824189,0 days 00:03:02.871799,16,125,0.0005481928627760865,19,COMPLETE
412,0.0003271375608164817,2025-07-18 12:37:18.825241,2025-07-18 12:40:38.471748,0 days 00:03:19.646507,16,122,0.0011052372613228147,22,COMPLETE
413,0.013021919876337051,2025-07-18 12:40:38.472854,2025-07-18 12:43:54.561597,0 days 00:03:16.088743,16,123,1.0813074154280789e-05,22,COMPLETE
414,0.0003879047289956361,2025-07-18 12:43:54.562668,2025-07-18 12:47:16.746911,0 days 00:03:22.184243,16,79,0.001053040824262742,21,COMPLETE
415,0.0006969615933485329,2025-07-18 12:47:16.747979,2025-07-18 12:48:07.914735,0 days 00:00:51.166756,128,126,0.0008093725271494891,22,COMPLETE
416,0.0003884290053974837,2025-07-18 12:48:07.915563,2025-07-18 12:49:36.372073,0 days 00:01:28.456510,32,122,0.0010915759562957169,21,COMPLETE
417,0.0003283674595877528,2025-07-18 12:49:36.373147,2025-07-18 12:52:26.751777,0 days 00:02:50.378630,16,128,0.0009230186361783161,22,COMPLETE
418,0.00037775852251797915,2025-07-18 12:52:26.752843,2025-07-18 12:55:22.577463,0 days 00:02:55.824620,16,124,0.0012183134214545721,22,COMPLETE
419,0.0003613545559346676,2025-07-18 12:55:22.578560,2025-07-18 12:57:57.802672,0 days 00:02:35.224112,16,121,0.0006954173177697659,19,COMPLETE
420,0.0004240782873239368,2025-07-18 12:57:57.803743,2025-07-18 13:01:10.074843,0 days 00:03:12.271100,16,107,0.0011087795327735718,20,COMPLETE
421,0.00032587876194156706,2025-07-18 13:01:10.075906,2025-07-18 13:03:57.856874,0 days 00:02:47.780968,16,126,0.0008726906280096118,21,COMPLETE
422,0.0003812012146227062,2025-07-18 13:03:57.857921,2025-07-18 13:06:49.566511,0 days 00:02:51.708590,16,126,0.0008020857404863148,21,COMPLETE
423,0.00037641945527866483,2025-07-18 13:06:49.568280,2025-07-18 13:09:41.522953,0 days 00:02:51.954673,16,126,0.000690500229285168,21,COMPLETE
424,0.0003523468622006476,2025-07-18 13:09:41.523930,2025-07-18 13:12:25.436567,0 days 00:02:43.912637,16,128,0.0009191234620413954,21,COMPLETE
425,0.00035047263372689486,2025-07-18 13:12:25.437557,2025-07-18 13:15:07.008184,0 days 00:02:41.570627,16,124,0.0008748528605094783,20,COMPLETE
426,0.0003968868695665151,2025-07-18 13:15:07.009153,2025-07-18 13:17:58.513986,0 days 00:02:51.504833,16,126,0.0007654411126652026,21,COMPLETE
427,0.00037212087772786617,2025-07-18 13:17:58.515011,2025-07-18 13:20:35.933191,0 days 00:02:37.418180,16,128,0.0006315291073730397,20,COMPLETE
428,0.0003156216989737004,2025-07-18 13:20:35.934149,2025-07-18 13:23:27.477949,0 days 00:02:51.543800,16,123,0.000988926033467641,21,COMPLETE
429,0.0006411062786355615,2025-07-18 13:23:27.478981,2025-07-18 13:25:20.800623,0 days 00:01:53.321642,16,47,0.0008158524164886009,22,COMPLETE
430,0.0003189749550074339,2025-07-18 13:25:20.801554,2025-07-18 13:28:12.081941,0 days 00:02:51.280387,16,123,0.0009361348854664287,21,COMPLETE
431,0.0003360126574989408,2025-07-18 13:28:12.082919,2025-07-18 13:31:19.241210,0 days 00:03:07.158291,16,96,0.0009448301189168428,21,COMPLETE
432,0.00036774633917957544,2025-07-18 13:31:19.242159,2025-07-18 13:34:02.925626,0 days 00:02:43.683467,16,120,0.0010031439766869479,21,COMPLETE
433,0.00053715257672593,2025-07-18 13:34:02.926600,2025-07-18 13:36:46.947207,0 days 00:02:44.020607,16,123,0.004801227352902762,20,COMPLETE
434,0.00040948044625110924,2025-07-18 13:36:46.948177,2025-07-18 13:39:33.719205,0 days 00:02:46.771028,16,119,0.0007347131543732873,21,COMPLETE
435,0.00038847027462907135,2025-07-18 13:39:33.720198,2025-07-18 13:42:36.078112,0 days 00:03:02.357914,16,82,0.0011187644324066898,21,COMPLETE
436,0.00038035487523302436,2025-07-18 13:42:36.079067,2025-07-18 13:45:15.985742,0 days 00:02:39.906675,16,122,0.0008686839147582079,20,COMPLETE
437,0.0003397123364266008,2025-07-18 13:45:15.986698,2025-07-18 13:48:06.794264,0 days 00:02:50.807566,16,123,0.0010405386493939862,21,COMPLETE
438,0.00037021463504061103,2025-07-18 13:48:06.795258,2025-07-18 13:48:51.206934,0 days 00:00:44.411676,128,118,0.0013896604605469164,20,COMPLETE
439,0.00039526959881186485,2025-07-18 13:48:51.207685,2025-07-18 13:51:44.293918,0 days 00:02:53.086233,16,121,0.0012313367226682108,22,COMPLETE
440,0.0006107779918238521,2025-07-18 13:51:44.294892,2025-07-18 13:52:28.243917,0 days 00:00:43.949025,64,59,0.0008541953283724105,18,COMPLETE
441,0.0003444623725954443,2025-07-18 13:52:28.244677,2025-07-18 13:53:54.954652,0 days 00:01:26.709975,32,124,0.0010526586402179457,21,COMPLETE
442,0.00034903603955172,2025-07-18 13:53:54.955635,2025-07-18 13:56:31.475145,0 days 00:02:36.519510,16,116,0.0009510464115810482,20,COMPLETE
443,0.0003530585381668061,2025-07-18 13:56:31.476128,2025-07-18 13:59:06.687606,0 days 00:02:35.211478,16,125,0.0006216278169327915,19,COMPLETE
444,0.00046562962234020233,2025-07-18 13:59:06.688567,2025-07-18 14:01:52.320062,0 days 00:02:45.631495,16,120,0.0012826529249157302,22,COMPLETE
445,0.00037800095742568374,2025-07-18 14:01:52.321005,2025-07-18 14:04:37.774779,0 days 00:02:45.453774,16,122,0.0015499680670911515,21,COMPLETE
446,0.0003880206495523453,2025-07-18 14:04:37.775762,2025-07-18 14:07:31.949737,0 days 00:02:54.173975,16,126,0.0024380752014834797,22,COMPLETE
447,0.0003839397104457021,2025-07-18 14:07:31.950684,2025-07-18 14:10:10.234958,0 days 00:02:38.284274,16,118,0.0007524458112810527,20,COMPLETE
448,0.0003336912486702204,2025-07-18 14:10:10.235916,2025-07-18 14:12:53.753632,0 days 00:02:43.517716,16,124,0.0011301444854300252,21,COMPLETE
449,0.0003434930113144219,2025-07-18 14:12:53.754584,2025-07-18 14:15:26.892434,0 days 00:02:33.137850,16,122,0.0009223205792437328,19,COMPLETE
450,0.000322643609251827,2025-07-18 14:15:26.893391,2025-07-18 14:17:50.709185,0 days 00:02:23.815794,16,128,0.0013027100117759165,18,COMPLETE
451,0.0003424240567255765,2025-07-18 14:17:50.710167,2025-07-18 14:20:22.093967,0 days 00:02:31.383800,16,127,0.0018336308797764216,18,COMPLETE
452,0.0003364759322721511,2025-07-18 14:20:22.094983,2025-07-18 14:22:46.044236,0 days 00:02:23.949253,16,128,0.0013680106726543194,18,COMPLETE
453,0.00038104396662674844,2025-07-18 14:22:46.045216,2025-07-18 14:24:14.708309,0 days 00:01:28.663093,16,128,0.0015574918383454588,9,COMPLETE
454,0.0016048611141741276,2025-07-18 14:24:14.709262,2025-07-18 14:26:46.019419,0 days 00:02:31.310157,16,125,4.374397039003008e-05,18,COMPLETE
455,0.0003977893793489784,2025-07-18 14:26:46.020401,2025-07-18 14:29:41.425236,0 days 00:02:55.404835,16,104,0.0012853610555449493,19,COMPLETE
456,0.0004321014857850969,2025-07-18 14:29:41.426217,2025-07-18 14:31:59.322582,0 days 00:02:17.896365,16,128,0.002084987535821298,17,COMPLETE
457,0.0003976417938247323,2025-07-18 14:31:59.323590,2025-07-18 14:34:24.025990,0 days 00:02:24.702400,16,125,0.0014717486547484405,17,COMPLETE
458,0.0003555690636858344,2025-07-18 14:34:24.026984,2025-07-18 14:37:00.277420,0 days 00:02:36.250436,16,125,0.001783217987558938,19,COMPLETE
459,0.0003426095936447382,2025-07-18 14:37:00.278413,2025-07-18 14:39:34.449193,0 days 00:02:34.170780,16,128,0.0012351109256325155,20,COMPLETE
460,0.00042907247552648187,2025-07-18 14:39:34.450183,2025-07-18 14:40:30.014922,0 days 00:00:55.564739,64,124,0.0008235386949602806,19,COMPLETE
461,0.0003196853504050523,2025-07-18 14:40:30.015698,2025-07-18 14:42:57.962199,0 days 00:02:27.946501,16,120,0.0010043648022771037,19,COMPLETE
462,0.00034014476113952696,2025-07-18 14:42:57.963180,2025-07-18 14:45:33.951770,0 days 00:02:35.988590,16,119,0.0009900349290302285,19,COMPLETE
463,0.00037970629637129605,2025-07-18 14:45:33.952734,2025-07-18 14:48:16.584522,0 days 00:02:42.631788,16,121,0.0010072027601261294,20,COMPLETE
464,0.0008412839379161596,2025-07-18 14:48:16.585518,2025-07-18 14:49:54.516938,0 days 00:01:37.931420,16,33,0.0007330261575985885,20,COMPLETE
465,0.0007468809490092099,2025-07-18 14:49:54.517944,2025-07-18 14:50:36.416258,0 days 00:00:41.898314,128,115,0.000885415143110384,19,COMPLETE
466,0.00035903675598092377,2025-07-18 14:50:36.417030,2025-07-18 14:53:18.450635,0 days 00:02:42.033605,16,123,0.0011091812364022102,20,COMPLETE
467,0.00036217676824890077,2025-07-18 14:53:18.451644,2025-07-18 14:54:37.507351,0 days 00:01:19.055707,32,120,0.000826108541996884,19,COMPLETE
468,0.00035589758772403,2025-07-18 14:54:37.508340,2025-07-18 14:57:24.667614,0 days 00:02:47.159274,16,126,0.0009965056824364873,21,COMPLETE
469,0.00044931561569683254,2025-07-18 14:57:24.668609,2025-07-18 15:00:03.368324,0 days 00:02:38.699715,16,118,0.0011844553472212431,20,COMPLETE
470,0.00042805177508853376,2025-07-18 15:00:03.369315,2025-07-18 15:02:48.240176,0 days 00:02:44.870861,16,124,0.0006615391096525929,21,COMPLETE
471,0.00033378443913534284,2025-07-18 15:02:48.241160,2025-07-18 15:05:30.130878,0 days 00:02:41.889718,16,122,0.000544280168282362,20,COMPLETE
472,0.0004136849020142108,2025-07-18 15:05:30.131892,2025-07-18 15:08:04.928192,0 days 00:02:34.796300,16,126,0.0010900217986719127,19,COMPLETE
473,0.06290146708488464,2025-07-18 15:08:04.929166,2025-07-18 15:10:45.547743,0 days 00:02:40.618577,16,120,0.009078855159056145,21,COMPLETE
474,0.00033943646121770144,2025-07-18 15:10:45.548729,2025-07-18 15:13:23.643462,0 days 00:02:38.094733,16,116,0.0013272425270889868,20,COMPLETE
475,0.0003803978906944394,2025-07-18 15:13:23.644456,2025-07-18 15:16:02.085526,0 days 00:02:38.441070,16,123,0.0009053499659297157,19,COMPLETE
476,0.0003813949297182262,2025-07-18 15:16:02.086530,2025-07-18 15:18:45.881163,0 days 00:02:43.794633,16,128,0.0011923619449177158,21,COMPLETE
477,0.00033930374775081873,2025-07-18 15:18:45.882165,2025-07-18 15:21:43.950213,0 days 00:02:58.068048,16,126,0.0007653025615732982,22,COMPLETE
478,0.00036295445170253515,2025-07-18 15:21:43.951251,2025-07-18 15:24:08.658491,0 days 00:02:24.707240,16,120,0.0009896312885726737,18,COMPLETE
479,0.0004128883592784405,2025-07-18 15:24:08.659503,2025-07-18 15:27:00.729531,0 days 00:02:52.070028,16,123,0.0013833005588889747,21,COMPLETE
480,0.0004919882048852742,2025-07-18 15:27:00.730518,2025-07-18 15:29:36.706742,0 days 00:02:35.976224,16,117,0.001088545957233986,20,COMPLETE
481,0.0003294939815532416,2025-07-18 15:29:36.707744,2025-07-18 15:32:12.555014,0 days 00:02:35.847270,16,125,0.000938279653538837,19,COMPLETE
482,0.0003657005727291107,2025-07-18 15:32:12.556014,2025-07-18 15:34:50.483209,0 days 00:02:37.927195,16,121,0.0004934474872572878,20,COMPLETE
483,0.0003846514446195215,2025-07-18 15:34:50.484200,2025-07-18 15:36:53.545217,0 days 00:02:03.061017,16,128,0.001233874760799608,14,COMPLETE
484,0.0005567955086007714,2025-07-18 15:36:53.546206,2025-07-18 15:39:31.941120,0 days 00:02:38.394914,16,123,0.0008788401783042114,19,COMPLETE
485,0.00036690360866487026,2025-07-18 15:39:31.942138,2025-07-18 15:42:22.095297,0 days 00:02:50.153159,16,119,0.0014746931659159188,21,COMPLETE
486,0.0004305162583477795,2025-07-18 15:42:22.096307,2025-07-18 15:43:28.561260,0 days 00:01:06.464953,64,126,0.0007136417415145867,22,COMPLETE
487,0.0006099005695432425,2025-07-18 15:43:28.562304,2025-07-18 15:46:23.592613,0 days 00:02:55.030309,16,114,0.00010663599943693845,18,COMPLETE
488,0.0003227134875487536,2025-07-18 15:46:23.593642,2025-07-18 15:49:17.993509,0 days 00:02:54.399867,16,124,0.0011231278566882221,22,COMPLETE
489,0.00034738669637590647,2025-07-18 15:49:17.994515,2025-07-18 15:50:10.216718,0 days 00:00:52.222203,128,125,0.0016169810275446356,22,COMPLETE
490,0.00033586935023777187,2025-07-18 15:50:10.217499,2025-07-18 15:53:04.814112,0 days 00:02:54.596613,16,124,0.0013345468454001275,22,COMPLETE
491,0.0003725015267264098,2025-07-18 15:53:04.815198,2025-07-18 15:54:41.325366,0 days 00:01:36.510168,16,128,0.0011315877443009497,10,COMPLETE
492,0.00037593822344206274,2025-07-18 15:54:41.326317,2025-07-18 15:56:14.464405,0 days 00:01:33.138088,32,122,0.0012694886038432994,22,COMPLETE
493,0.0003347056917846203,2025-07-18 15:56:14.465426,2025-07-18 15:59:06.114419,0 days 00:02:51.648993,16,126,0.0010784037158856057,21,COMPLETE
494,0.00041819846956059337,2025-07-18 15:59:06.115443,2025-07-18 16:00:18.328596,0 days 00:01:12.213153,16,123,0.0015076996814243288,6,COMPLETE
495,0.00032679937430657446,2025-07-18 16:00:18.329590,2025-07-18 16:03:22.858867,0 days 00:03:04.529277,16,126,0.00101470271720486,23,COMPLETE
496,0.0012170138070359826,2025-07-18 16:03:22.859882,2025-07-18 16:05:03.981243,0 days 00:01:41.121361,16,17,0.0008127552483564063,22,COMPLETE
497,0.000357283279299736,2025-07-18 16:05:03.982273,2025-07-18 16:08:09.057283,0 days 00:03:05.075010,16,121,0.0012106649915432936,23,COMPLETE
498,0.0004725140461232513,2025-07-18 16:08:09.058322,2025-07-18 16:10:52.126216,0 days 00:02:43.067894,16,128,0.0013976709652193764,21,COMPLETE
499,0.0005365010583773255,2025-07-18 16:10:52.127236,2025-07-18 16:13:40.409231,0 days 00:02:48.281995,16,124,0.0018542353602988468,21,COMPLETE
