number,value,datetime_start,datetime_complete,duration,params_activation,params_batch_size,params_lr,params_num_layers,params_size_layers,state
0,1.6183620691299438,2025-07-12 16:32:58.623220,2025-07-12 16:33:05.337625,0 days 00:00:06.714405,relu,128,0.00017954901493457995,4,19,COMPLETE
1,0.00039141110028140247,2025-07-12 16:33:05.338535,2025-07-12 16:33:10.418687,0 days 00:00:05.080152,relu,128,0.002486868669210371,3,46,COMPLETE
2,0.0005021289107389748,2025-07-12 16:33:10.419164,2025-07-12 16:33:16.929245,0 days 00:00:06.510081,identity,64,0.0004692550146594286,2,59,COMPLETE
3,0.00038164202123880386,2025-07-12 16:33:16.929704,2025-07-12 16:33:35.708019,0 days 00:00:18.778315,identity,16,0.00021995928104097412,2,73,COMPLETE
4,1.6183620691299438,2025-07-12 16:33:35.708702,2025-07-12 16:33:44.572008,0 days 00:00:08.863306,relu,32,0.006661362398200451,1,16,COMPLETE
5,0.0005090810009278357,2025-07-12 16:33:44.572443,2025-07-12 16:33:57.005849,0 days 00:00:12.433406,identity,32,0.00015660455546065847,3,45,COMPLETE
6,0.018070055171847343,2025-07-12 16:33:57.006313,2025-07-12 16:34:12.345017,0 days 00:00:15.338704,relu,32,0.00018022388134023717,3,116,COMPLETE
7,0.00039414141792804003,2025-07-12 16:34:12.345500,2025-07-12 16:34:27.307688,0 days 00:00:14.962188,identity,32,0.00461587408877548,4,60,COMPLETE
8,0.012641390785574913,2025-07-12 16:34:27.307959,2025-07-12 16:34:45.863562,0 days 00:00:18.555603,relu,16,0.0014660932593551625,2,9,COMPLETE
9,0.0005156329134479165,2025-07-12 16:34:45.863991,2025-07-12 16:34:59.521133,0 days 00:00:13.657142,identity,32,0.000617415791211215,4,16,COMPLETE
10,0.0003620264178607613,2025-07-12 16:34:59.521569,2025-07-12 16:35:14.090413,0 days 00:00:14.568844,identity,16,0.0004031144241029624,1,99,COMPLETE
11,0.00036261853529140353,2025-07-12 16:35:14.090692,2025-07-12 16:35:28.619756,0 days 00:00:14.529064,identity,16,0.00033402967960999345,1,97,COMPLETE
12,0.00036538613494485617,2025-07-12 16:35:28.620208,2025-07-12 16:35:43.190321,0 days 00:00:14.570113,identity,16,0.0004283922983934688,1,105,COMPLETE
13,0.0003585248196031898,2025-07-12 16:35:43.190597,2025-07-12 16:35:57.704418,0 days 00:00:14.513821,identity,16,0.0011566090869218838,1,92,COMPLETE
14,0.0003665840486064553,2025-07-12 16:35:57.704805,2025-07-12 16:36:12.228866,0 days 00:00:14.524061,identity,16,0.0011259943729851373,1,85,COMPLETE
15,0.0004944098764099181,2025-07-12 16:36:12.229136,2025-07-12 16:36:19.347097,0 days 00:00:07.117961,identity,64,0.0022978317577365855,2,127,COMPLETE
16,0.00036354418261907995,2025-07-12 16:36:19.347418,2025-07-12 16:36:33.863206,0 days 00:00:14.515788,identity,16,0.0007757192980964787,1,88,COMPLETE
17,0.0003920322342310101,2025-07-12 16:36:33.863482,2025-07-12 16:36:48.414661,0 days 00:00:14.551179,identity,16,0.0018282916302139122,1,113,COMPLETE
18,0.00036396330688148737,2025-07-12 16:36:48.415105,2025-07-12 16:37:07.285372,0 days 00:00:18.870267,identity,16,0.003447188646594867,2,78,COMPLETE
19,0.00048564496682956815,2025-07-12 16:37:07.285660,2025-07-12 16:37:10.908702,0 days 00:00:03.623042,identity,128,0.0009802430799431292,1,91,COMPLETE
20,0.0004035135789308697,2025-07-12 16:37:10.908966,2025-07-12 16:37:17.774423,0 days 00:00:06.865457,identity,64,0.009787860934576766,2,99,COMPLETE
21,0.00041750542004592717,2025-07-12 16:37:17.774857,2025-07-12 16:37:32.303790,0 days 00:00:14.528933,identity,16,0.00031998868201737595,1,99,COMPLETE
22,0.00036045751767233014,2025-07-12 16:37:32.304057,2025-07-12 16:37:46.889353,0 days 00:00:14.585296,identity,16,0.0003014166638695776,1,127,COMPLETE
23,0.0005025123246014118,2025-07-12 16:37:46.889650,2025-07-12 16:38:01.481484,0 days 00:00:14.591834,identity,16,0.0001111852810778285,1,122,COMPLETE
24,0.0003580681805033237,2025-07-12 16:38:01.481921,2025-07-12 16:38:16.065255,0 days 00:00:14.583334,identity,16,0.0005648750444840065,1,110,COMPLETE
25,0.00036287272814661264,2025-07-12 16:38:16.065515,2025-07-12 16:38:35.768948,0 days 00:00:19.703433,identity,16,0.0006650711196842659,2,114,COMPLETE
26,0.015472316183149815,2025-07-12 16:38:35.769233,2025-07-12 16:38:51.115240,0 days 00:00:15.346007,relu,16,0.0002625639980191374,1,109,COMPLETE
27,0.000357447745045647,2025-07-12 16:38:51.115771,2025-07-12 16:39:11.299373,0 days 00:00:20.183602,identity,16,0.001109362013664573,2,127,COMPLETE
28,0.0004497022309806198,2025-07-12 16:39:11.299688,2025-07-12 16:39:19.955136,0 days 00:00:08.655448,identity,64,0.0012503246021108635,3,119,COMPLETE
29,1.6183620691299438,2025-07-12 16:39:19.955646,2025-07-12 16:39:24.905489,0 days 00:00:04.949843,relu,128,0.0008439838655743564,2,105,COMPLETE
30,0.00041825248626992106,2025-07-12 16:39:24.905817,2025-07-12 16:39:29.371332,0 days 00:00:04.465515,identity,128,0.0015914820317100634,2,81,COMPLETE
31,0.00035787129309028387,2025-07-12 16:39:29.371615,2025-07-12 16:39:43.943347,0 days 00:00:14.571732,identity,16,0.0005249198774870409,1,124,COMPLETE
32,0.0003590525302570313,2025-07-12 16:39:43.943659,2025-07-12 16:39:58.513448,0 days 00:00:14.569789,identity,16,0.0006116360296773011,1,127,COMPLETE
33,0.00036163858021609485,2025-07-12 16:39:58.513953,2025-07-12 16:40:13.085947,0 days 00:00:14.571994,identity,16,0.0005283352871612038,1,119,COMPLETE
34,0.0003829636552836746,2025-07-12 16:40:13.086249,2025-07-12 16:40:34.867638,0 days 00:00:21.781389,identity,16,0.0009420146364857806,3,38,COMPLETE
35,1.6183620691299438,2025-07-12 16:40:34.868106,2025-07-12 16:40:55.968333,0 days 00:00:21.100227,relu,16,0.0023343894537881217,2,108,COMPLETE
36,0.0005128231714479625,2025-07-12 16:40:55.968854,2025-07-12 16:40:59.584038,0 days 00:00:03.615184,identity,128,0.0013144783203218999,1,65,COMPLETE
37,0.0003696740895975381,2025-07-12 16:40:59.584355,2025-07-12 16:41:14.183972,0 days 00:00:14.599617,identity,16,0.003133763502335966,1,122,COMPLETE
38,0.008390688337385654,2025-07-12 16:41:14.184280,2025-07-12 16:41:21.256540,0 days 00:00:07.072260,relu,64,0.0007661131108028145,2,92,COMPLETE
39,0.000378923024982214,2025-07-12 16:41:21.257118,2025-07-12 16:41:35.210060,0 days 00:00:13.952942,identity,32,0.00048569805303287926,3,112,COMPLETE
40,0.000476477958727628,2025-07-12 16:41:35.210402,2025-07-12 16:41:53.387386,0 days 00:00:18.176984,identity,16,0.0001870983973948469,2,28,COMPLETE
41,0.0003574528091121465,2025-07-12 16:41:53.387739,2025-07-12 16:42:07.998875,0 days 00:00:14.611136,identity,16,0.0006010441263940467,1,127,COMPLETE
42,0.0003593405708670616,2025-07-12 16:42:07.999342,2025-07-12 16:42:22.556641,0 days 00:00:14.557299,identity,16,0.0005778158872860094,1,128,COMPLETE
43,0.00040845220792107284,2025-07-12 16:42:22.556945,2025-07-12 16:42:37.135424,0 days 00:00:14.578479,identity,16,0.0010012353388903791,1,119,COMPLETE
44,0.00035770266549661756,2025-07-12 16:42:37.135893,2025-07-12 16:42:51.709751,0 days 00:00:14.573858,identity,16,0.0007281390438675962,1,105,COMPLETE
45,0.00039499395643360913,2025-07-12 16:42:51.710044,2025-07-12 16:43:20.773058,0 days 00:00:29.063014,identity,16,0.00038129693659366205,4,106,COMPLETE
46,0.00042435721843503416,2025-07-12 16:43:20.773690,2025-07-12 16:43:36.152454,0 days 00:00:15.378764,relu,16,0.0007308674782493611,1,123,COMPLETE
47,0.0005091892089694738,2025-07-12 16:43:36.152780,2025-07-12 16:43:44.716302,0 days 00:00:08.563522,identity,32,0.00047261255707297056,1,114,COMPLETE
48,0.00036621475010178983,2025-07-12 16:43:44.716783,2025-07-12 16:44:03.262470,0 days 00:00:18.545687,identity,16,0.00022759113156629017,2,53,COMPLETE
49,0.0003638557391241193,2025-07-12 16:44:03.262890,2025-07-12 16:44:17.827720,0 days 00:00:14.564830,identity,16,0.001862316895535641,1,104,COMPLETE
50,0.0005082723218947649,2025-07-12 16:44:17.828197,2025-07-12 16:44:26.397392,0 days 00:00:08.569195,identity,32,0.00039138566851642967,1,118,COMPLETE
51,0.0004018564068246633,2025-07-12 16:44:26.397734,2025-07-12 16:44:40.929830,0 days 00:00:14.532096,identity,16,0.0011330007120316256,1,95,COMPLETE
52,0.0003597385948523879,2025-07-12 16:44:40.930181,2025-07-12 16:44:55.450178,0 days 00:00:14.519997,identity,16,0.0006541902749916802,1,74,COMPLETE
53,0.0003573996655177325,2025-07-12 16:44:55.450456,2025-07-12 16:45:10.009084,0 days 00:00:14.558628,identity,16,0.000873749483354696,1,102,COMPLETE
54,0.0004511374281719327,2025-07-12 16:45:10.009563,2025-07-12 16:45:24.594552,0 days 00:00:14.584989,identity,16,0.0009075462395015277,1,110,COMPLETE
55,0.00036044855369254947,2025-07-12 16:45:24.595025,2025-07-12 16:45:39.171255,0 days 00:00:14.576230,identity,16,0.0005094030768829996,1,102,COMPLETE
56,0.00043167549301870167,2025-07-12 16:45:39.171733,2025-07-12 16:45:44.440080,0 days 00:00:05.268347,identity,64,0.0016298117709456301,1,123,COMPLETE
57,0.0003575323207769543,2025-07-12 16:45:44.440352,2025-07-12 16:45:59.048776,0 days 00:00:14.608424,identity,16,0.0007367486667313612,1,115,COMPLETE
58,0.0003938272420782596,2025-07-12 16:45:59.049235,2025-07-12 16:46:23.522147,0 days 00:00:24.472912,identity,16,0.000735531588716766,3,116,COMPLETE
59,0.0003895719419233501,2025-07-12 16:46:23.522698,2025-07-12 16:46:38.107851,0 days 00:00:14.585153,identity,16,0.0014273639168580076,1,122,COMPLETE
60,1.6183620691299438,2025-07-12 16:46:38.108187,2025-07-12 16:46:43.128439,0 days 00:00:05.020252,relu,128,0.0010190796922938256,2,128,COMPLETE
61,0.0003609676205087453,2025-07-12 16:46:43.128752,2025-07-12 16:46:57.714546,0 days 00:00:14.585794,identity,16,0.0008217303541909033,1,111,COMPLETE
62,0.0003578696632757783,2025-07-12 16:46:57.715003,2025-07-12 16:47:12.272593,0 days 00:00:14.557590,identity,16,0.0006021707831094286,1,102,COMPLETE
63,0.0004082307277712971,2025-07-12 16:47:12.272881,2025-07-12 16:47:26.829825,0 days 00:00:14.556944,identity,16,0.0004319402859381995,1,86,COMPLETE
64,0.0003775530494749546,2025-07-12 16:47:26.830321,2025-07-12 16:47:41.412945,0 days 00:00:14.582624,identity,16,0.0003449595199565323,1,100,COMPLETE
65,0.0003606837126426399,2025-07-12 16:47:41.413487,2025-07-12 16:47:55.995570,0 days 00:00:14.582083,identity,16,0.000671674026844621,1,95,COMPLETE
66,0.0003973064012825489,2025-07-12 16:47:55.995889,2025-07-12 16:48:10.625407,0 days 00:00:14.629518,identity,16,0.0008565685869802606,1,124,COMPLETE
67,0.00036151919630356133,2025-07-12 16:48:10.625913,2025-07-12 16:48:25.215664,0 days 00:00:14.589751,identity,16,0.00028203396069592705,1,116,COMPLETE
68,0.00045865989523008466,2025-07-12 16:48:25.216149,2025-07-12 16:48:32.197238,0 days 00:00:06.981089,identity,64,0.0005443981399975269,2,103,COMPLETE
69,0.0003933835541829467,2025-07-12 16:48:32.197515,2025-07-12 16:48:46.807539,0 days 00:00:14.610024,identity,16,0.001093690441686952,1,107,COMPLETE
70,0.0005086297169327736,2025-07-12 16:48:46.807985,2025-07-12 16:48:55.424543,0 days 00:00:08.616558,identity,32,0.000681642499136912,1,114,COMPLETE
71,0.000358304736437276,2025-07-12 16:48:55.424845,2025-07-12 16:49:10.073648,0 days 00:00:14.648803,identity,16,0.0005723675666042215,1,119,COMPLETE
72,0.0003589305852074176,2025-07-12 16:49:10.073969,2025-07-12 16:49:24.755583,0 days 00:00:14.681614,identity,16,0.00045546830582042654,1,110,COMPLETE
73,0.0003659143403638154,2025-07-12 16:49:24.756114,2025-07-12 16:49:39.352140,0 days 00:00:14.596026,identity,16,0.0006042377739124317,1,116,COMPLETE
74,0.0003648172423709184,2025-07-12 16:49:39.352643,2025-07-12 16:49:53.992879,0 days 00:00:14.640236,identity,16,0.0012338350002463667,1,125,COMPLETE
75,0.000499358749948442,2025-07-12 16:49:53.993200,2025-07-12 16:49:57.647637,0 days 00:00:03.654437,identity,128,0.0008275279334097665,1,97,COMPLETE
76,0.003865826176479459,2025-07-12 16:49:57.648121,2025-07-12 16:50:13.058326,0 days 00:00:15.410205,relu,16,0.0003752585760881127,1,120,COMPLETE
77,0.00035876035690307617,2025-07-12 16:50:13.058623,2025-07-12 16:50:27.624463,0 days 00:00:14.565840,identity,16,0.0005236355046855162,1,125,COMPLETE
78,0.0004044475208502263,2025-07-12 16:50:27.624944,2025-07-12 16:50:46.607173,0 days 00:00:18.982229,identity,16,0.0009336134878639501,2,82,COMPLETE
79,0.0003618258342612535,2025-07-12 16:50:46.607623,2025-07-12 16:51:16.120112,0 days 00:00:29.512489,identity,16,0.0007102892469006254,4,107,COMPLETE
80,0.000358482648152858,2025-07-12 16:51:16.120464,2025-07-12 16:51:30.761008,0 days 00:00:14.640544,identity,16,0.005788907171236161,1,112,COMPLETE
81,0.0003580258344300091,2025-07-12 16:51:30.761463,2025-07-12 16:51:45.433426,0 days 00:00:14.671963,identity,16,0.0005845755713788169,1,119,COMPLETE
82,0.00036144154728390276,2025-07-12 16:51:45.433749,2025-07-12 16:52:00.034873,0 days 00:00:14.601124,identity,16,0.0006080618894021179,1,121,COMPLETE
83,0.0003698548534885049,2025-07-12 16:52:00.035341,2025-07-12 16:52:24.673906,0 days 00:00:24.638565,identity,16,0.00043372500640124454,3,116,COMPLETE
84,0.00035737574216909707,2025-07-12 16:52:24.674369,2025-07-12 16:52:39.324504,0 days 00:00:14.650135,identity,16,0.000749515730613598,1,101,COMPLETE
85,0.0003667123382911086,2025-07-12 16:52:39.324833,2025-07-12 16:52:53.882677,0 days 00:00:14.557844,identity,16,0.0007766770051047334,1,91,COMPLETE
86,0.00038895264151506126,2025-07-12 16:52:53.883046,2025-07-12 16:53:08.474593,0 days 00:00:14.591547,identity,16,0.0010148609613873645,1,100,COMPLETE
87,0.00041359078022651374,2025-07-12 16:53:08.475095,2025-07-12 16:53:13.800684,0 days 00:00:05.325589,identity,64,0.0013668613151161567,1,126,COMPLETE
88,0.0026132084894925356,2025-07-12 16:53:13.800996,2025-07-12 16:53:29.186932,0 days 00:00:15.385936,relu,16,0.000485297771633684,1,104,COMPLETE
89,0.000502993818372488,2025-07-12 16:53:29.187265,2025-07-12 16:53:37.783565,0 days 00:00:08.596300,identity,32,0.0008730363346984297,1,128,COMPLETE
90,0.000358653167495504,2025-07-12 16:53:37.784054,2025-07-12 16:53:52.369330,0 days 00:00:14.585276,identity,16,0.000650861917664605,1,113,COMPLETE
91,0.0003574402362573892,2025-07-12 16:53:52.369637,2025-07-12 16:54:07.099914,0 days 00:00:14.730277,identity,16,0.0005735600277087259,1,108,COMPLETE
92,0.00039002951234579086,2025-07-12 16:54:07.100409,2025-07-12 16:54:21.743303,0 days 00:00:14.642894,identity,16,0.0007250569806368095,1,108,COMPLETE
93,0.0003616269677877426,2025-07-12 16:54:21.743798,2025-07-12 16:54:36.431785,0 days 00:00:14.687987,identity,16,0.0005611450684591806,1,102,COMPLETE
94,0.0003578072355594486,2025-07-12 16:54:36.432080,2025-07-12 16:54:51.085545,0 days 00:00:14.653465,identity,16,0.0007865269967573396,1,118,COMPLETE
95,0.000369618006516248,2025-07-12 16:54:51.086047,2025-07-12 16:55:05.672330,0 days 00:00:14.586283,identity,16,0.0011276643470843155,1,96,COMPLETE
96,0.0003588770632632077,2025-07-12 16:55:05.672949,2025-07-12 16:55:20.272310,0 days 00:00:14.599361,identity,16,0.0008182230206894615,1,92,COMPLETE
97,0.000421522359829396,2025-07-12 16:55:20.272846,2025-07-12 16:55:34.872527,0 days 00:00:14.599681,identity,16,0.0009866683404842244,1,117,COMPLETE
98,0.00036046208697371185,2025-07-12 16:55:34.872861,2025-07-12 16:55:49.436587,0 days 00:00:14.563726,identity,16,0.0007622253589369746,1,67,COMPLETE
99,0.0003678237844724208,2025-07-12 16:55:49.437113,2025-07-12 16:55:54.245562,0 days 00:00:04.808449,identity,128,0.001710669310738619,2,122,COMPLETE
100,0.0003576853487174958,2025-07-12 16:55:54.245944,2025-07-12 16:56:08.809243,0 days 00:00:14.563299,identity,16,0.0006484476494025013,1,106,COMPLETE
101,0.0003585779049899429,2025-07-12 16:56:08.809821,2025-07-12 16:56:23.361931,0 days 00:00:14.552110,identity,16,0.0006337299144435219,1,105,COMPLETE
102,0.00035933515755459666,2025-07-12 16:56:23.362327,2025-07-12 16:56:37.936065,0 days 00:00:14.573738,identity,16,0.0005176769490792887,1,109,COMPLETE
103,0.00038145657163113356,2025-07-12 16:56:37.936616,2025-07-12 16:56:52.451508,0 days 00:00:14.514892,identity,16,0.0004113476482076913,1,98,COMPLETE
104,0.00036051878123544157,2025-07-12 16:56:52.451866,2025-07-12 16:57:07.023271,0 days 00:00:14.571405,identity,16,0.0009204089825092033,1,101,COMPLETE
105,0.0004191489133518189,2025-07-12 16:57:07.023860,2025-07-12 16:57:21.619867,0 days 00:00:14.596007,identity,16,0.0012163726381461942,1,113,COMPLETE
106,0.00036028874455951154,2025-07-12 16:57:21.620467,2025-07-12 16:57:36.997438,0 days 00:00:15.376971,relu,16,0.000693825999577393,1,125,COMPLETE
107,0.000515683030243963,2025-07-12 16:57:36.997805,2025-07-12 16:57:42.303970,0 days 00:00:05.306165,identity,64,0.0007962758390117992,1,106,COMPLETE
108,0.00043391381041146815,2025-07-12 16:57:42.304525,2025-07-12 16:57:56.794941,0 days 00:00:14.490416,identity,16,0.0003479628025473385,1,60,COMPLETE
109,0.0005111180944368243,2025-07-12 16:57:56.795301,2025-07-12 16:58:05.359439,0 days 00:00:08.564138,identity,32,0.001052053967711081,1,88,COMPLETE
110,0.000357969751348719,2025-07-12 16:58:05.360040,2025-07-12 16:58:19.973136,0 days 00:00:14.613096,identity,16,0.00047976034803297394,1,111,COMPLETE
111,0.0003600607451517135,2025-07-12 16:58:19.973721,2025-07-12 16:58:34.571749,0 days 00:00:14.598028,identity,16,0.0004829934793620227,1,111,COMPLETE
112,0.0003577045281417668,2025-07-12 16:58:34.572118,2025-07-12 16:58:49.151223,0 days 00:00:14.579105,identity,16,0.0006298849068297601,1,115,COMPLETE
113,0.00035950716119259596,2025-07-12 16:58:49.151801,2025-07-12 16:59:03.753673,0 days 00:00:14.601872,identity,16,0.0006289208712298165,1,115,COMPLETE
114,0.0003979211614932865,2025-07-12 16:59:03.754260,2025-07-12 16:59:18.356699,0 days 00:00:14.602439,identity,16,0.0008944134217055712,1,121,COMPLETE
115,0.0003985821967944503,2025-07-12 16:59:18.357248,2025-07-12 16:59:32.875586,0 days 00:00:14.518338,identity,16,0.000547208167323355,1,41,COMPLETE
116,0.0005142402951605618,2025-07-12 16:59:32.875963,2025-07-12 16:59:36.489634,0 days 00:00:03.613671,identity,128,0.0007273158789288559,1,11,COMPLETE
117,0.0005083219148218632,2025-07-12 16:59:36.489980,2025-07-12 16:59:51.083326,0 days 00:00:14.593346,identity,16,0.00011621088316746884,1,118,COMPLETE
118,0.0003589976695366204,2025-07-12 16:59:51.083933,2025-07-12 17:00:05.685629,0 days 00:00:14.601696,identity,16,0.0006351022720263774,1,124,COMPLETE
119,0.0003649068239610642,2025-07-12 17:00:05.686253,2025-07-12 17:00:20.245544,0 days 00:00:14.559291,identity,16,0.0006744345419524711,1,103,COMPLETE
120,0.00039501191349700093,2025-07-12 17:00:20.246120,2025-07-12 17:00:39.823404,0 days 00:00:19.577284,identity,16,0.000776171047905168,2,108,COMPLETE
121,0.0003593777946662158,2025-07-12 17:00:39.823944,2025-07-12 17:00:54.439391,0 days 00:00:14.615447,identity,16,0.0004592617160140331,1,110,COMPLETE
122,0.00035756200668402016,2025-07-12 17:00:54.439799,2025-07-12 17:01:09.020003,0 days 00:00:14.580204,identity,16,0.000517839089579311,1,112,COMPLETE
123,0.00048431940376758575,2025-07-12 17:01:09.020446,2025-07-12 17:01:23.519747,0 days 00:00:14.499301,identity,16,0.0005611548742629953,1,26,COMPLETE
124,0.00035749367089010775,2025-07-12 17:01:23.520306,2025-07-12 17:01:38.108791,0 days 00:00:14.588485,identity,16,0.0005976802129638713,1,114,COMPLETE
125,0.0004484321689233184,2025-07-12 17:01:38.109226,2025-07-12 17:01:52.712127,0 days 00:00:14.602901,identity,16,0.0008537359098034675,1,114,COMPLETE
126,1.6183620691299438,2025-07-12 17:01:52.712524,2025-07-12 17:02:19.340758,0 days 00:00:26.628234,relu,16,0.0006040396411448714,3,106,COMPLETE
127,0.00036629915121011436,2025-07-12 17:02:19.341381,2025-07-12 17:02:33.847762,0 days 00:00:14.506381,identity,16,0.0007313478559197381,1,53,COMPLETE
128,0.0003622097137849778,2025-07-12 17:02:33.848143,2025-07-12 17:02:48.405454,0 days 00:00:14.557311,identity,16,0.0009581672616762409,1,100,COMPLETE
129,0.0003586951643228531,2025-07-12 17:02:48.406023,2025-07-12 17:03:02.926048,0 days 00:00:14.520025,identity,16,0.0006671283902977333,1,94,COMPLETE
130,0.0005062823765911162,2025-07-12 17:03:02.926460,2025-07-12 17:03:08.218224,0 days 00:00:05.291764,identity,64,0.00040221752868234136,1,117,COMPLETE
131,0.0003594975278247148,2025-07-12 17:03:08.218581,2025-07-12 17:03:22.825136,0 days 00:00:14.606555,identity,16,0.0005452306346949824,1,128,COMPLETE
132,0.00035771465627476573,2025-07-12 17:03:22.825722,2025-07-12 17:03:37.415122,0 days 00:00:14.589400,identity,16,0.0005162954318212388,1,121,COMPLETE
133,0.0003599082992877811,2025-07-12 17:03:37.415509,2025-07-12 17:03:51.983524,0 days 00:00:14.568015,identity,16,0.0006002697522889839,1,120,COMPLETE
134,0.0003612395375967026,2025-07-12 17:03:51.984324,2025-07-12 17:04:06.554724,0 days 00:00:14.570400,identity,16,0.0007983793636898271,1,113,COMPLETE
135,0.0003783714200835675,2025-07-12 17:04:06.555305,2025-07-12 17:04:21.092846,0 days 00:00:14.537541,identity,16,0.0004274851382832697,1,104,COMPLETE
136,0.0003610314161051065,2025-07-12 17:04:21.093420,2025-07-12 17:04:35.656420,0 days 00:00:14.563000,identity,16,0.000517491542729884,1,108,COMPLETE
137,0.0004157684452366084,2025-07-12 17:04:35.656802,2025-07-12 17:04:50.241875,0 days 00:00:14.585073,identity,16,0.0007075719188088005,1,122,COMPLETE
138,0.0005095369997434318,2025-07-12 17:04:50.242470,2025-07-12 17:04:58.827611,0 days 00:00:08.585141,identity,32,0.0005843189619638093,1,117,COMPLETE
139,0.0003581988567020744,2025-07-12 17:04:58.828168,2025-07-12 17:05:13.382443,0 days 00:00:14.554275,identity,16,0.0005136527623781003,1,115,COMPLETE
140,0.000393975613405928,2025-07-12 17:05:13.382834,2025-07-12 17:05:27.966315,0 days 00:00:14.583481,identity,16,0.0009052788267548396,1,111,COMPLETE
141,0.0003594803565647453,2025-07-12 17:05:27.966935,2025-07-12 17:05:42.589280,0 days 00:00:14.622345,identity,16,0.0004507685295990227,1,124,COMPLETE
142,0.0003587334358599037,2025-07-12 17:05:42.589890,2025-07-12 17:05:57.151847,0 days 00:00:14.561957,identity,16,0.0006543231939564669,1,125,COMPLETE
143,0.0003613823791965842,2025-07-12 17:05:57.152205,2025-07-12 17:06:26.791400,0 days 00:00:29.639195,identity,16,0.0004914790364512646,4,120,COMPLETE
144,0.00035861777723766863,2025-07-12 17:06:26.792045,2025-07-12 17:06:41.362803,0 days 00:00:14.570758,identity,16,0.0007437891652385687,1,118,COMPLETE
145,0.0005119335255585611,2025-07-12 17:06:41.363344,2025-07-12 17:06:44.998006,0 days 00:00:03.634662,identity,128,0.0005787600197220249,1,126,COMPLETE
146,0.00035795316216535866,2025-07-12 17:06:44.998352,2025-07-12 17:06:59.547757,0 days 00:00:14.549405,identity,16,0.00036111562013230647,1,122,COMPLETE
147,0.00865423958748579,2025-07-12 17:06:59.548180,2025-07-12 17:07:14.821650,0 days 00:00:15.273470,relu,16,0.000812443208720713,1,98,COMPLETE
148,0.00039658547029830515,2025-07-12 17:07:14.822005,2025-07-12 17:07:29.367543,0 days 00:00:14.545538,identity,16,0.0003099337916346164,1,113,COMPLETE
149,0.0003585392842069268,2025-07-12 17:07:29.368148,2025-07-12 17:07:43.897677,0 days 00:00:14.529529,identity,16,0.0006349162458159796,1,102,COMPLETE
150,0.0003770074690692127,2025-07-12 17:07:43.898274,2025-07-12 17:07:58.450273,0 days 00:00:14.551999,identity,16,0.0011115921376736854,1,106,COMPLETE
151,0.0003621406794991344,2025-07-12 17:07:58.450868,2025-07-12 17:08:13.040618,0 days 00:00:14.589750,identity,16,0.0003876000670525116,1,122,COMPLETE
152,0.0003602328069973737,2025-07-12 17:08:13.041002,2025-07-12 17:08:27.574778,0 days 00:00:14.533776,identity,16,0.0003673157125462484,1,120,COMPLETE
153,0.00037598618655465543,2025-07-12 17:08:27.575360,2025-07-12 17:08:42.158115,0 days 00:00:14.582755,identity,16,0.0002850944429191312,1,127,COMPLETE
154,0.00035959974047727883,2025-07-12 17:08:42.158725,2025-07-12 17:08:56.739175,0 days 00:00:14.580450,identity,16,0.0006977635000341773,1,123,COMPLETE
155,0.0003632954612839967,2025-07-12 17:08:56.739555,2025-07-12 17:09:11.286193,0 days 00:00:14.546638,identity,16,0.0005353691716260315,1,109,COMPLETE
156,0.00035888125421479344,2025-07-12 17:09:11.286780,2025-07-12 17:09:25.897435,0 days 00:00:14.610655,identity,16,0.0004370679193200287,1,116,COMPLETE
157,0.00035947011201642454,2025-07-12 17:09:25.898040,2025-07-12 17:09:40.379726,0 days 00:00:14.481686,identity,16,0.000858296837592651,1,72,COMPLETE
158,0.000406311999540776,2025-07-12 17:09:40.380368,2025-07-12 17:09:54.939835,0 days 00:00:14.559467,identity,16,0.00021154078663894427,1,114,COMPLETE
159,0.0004946112749166787,2025-07-12 17:09:54.940221,2025-07-12 17:10:00.231669,0 days 00:00:05.291448,identity,64,0.0006284991091266583,1,119,COMPLETE
160,0.0004623850982170552,2025-07-12 17:10:00.232233,2025-07-12 17:10:14.802897,0 days 00:00:14.570664,identity,16,0.0010108880534504849,1,128,COMPLETE
161,0.00039784060209058225,2025-07-12 17:10:14.803290,2025-07-12 17:10:29.348727,0 days 00:00:14.545437,identity,16,0.00048478008275207904,1,110,COMPLETE
162,0.00037520789192058146,2025-07-12 17:10:29.349357,2025-07-12 17:10:53.482642,0 days 00:00:24.133285,identity,16,0.0005599666274011502,3,112,COMPLETE
163,0.00035890183062292635,2025-07-12 17:10:53.483231,2025-07-12 17:11:08.023748,0 days 00:00:14.540517,identity,16,0.0005083832676399697,1,105,COMPLETE
164,0.000357691926183179,2025-07-12 17:11:08.024198,2025-07-12 17:11:22.579460,0 days 00:00:14.555262,identity,16,0.0006757994433252056,1,108,COMPLETE
165,0.0003614742308855057,2025-07-12 17:11:22.580041,2025-07-12 17:11:37.130152,0 days 00:00:14.550111,identity,16,0.0007496938910711949,1,107,COMPLETE
166,0.00035841495264321566,2025-07-12 17:11:37.130502,2025-07-12 17:11:51.676893,0 days 00:00:14.546391,identity,16,0.0006823135374960861,1,102,COMPLETE
167,0.00035754338023252785,2025-07-12 17:11:51.677319,2025-07-12 17:12:06.251749,0 days 00:00:14.574430,identity,16,0.0005909202322175966,1,124,COMPLETE
168,0.00035765243228524923,2025-07-12 17:12:06.252560,2025-07-12 17:12:20.815521,0 days 00:00:14.562961,identity,16,0.0005987733775486138,1,125,COMPLETE
169,0.00035739049781113863,2025-07-12 17:12:20.816124,2025-07-12 17:12:35.361852,0 days 00:00:14.545728,identity,16,0.0006077760332524807,1,115,COMPLETE
170,0.0005094851949252188,2025-07-12 17:12:35.362239,2025-07-12 17:12:43.954840,0 days 00:00:08.592601,identity,32,0.0005940568740690133,1,117,COMPLETE
171,0.0003814907104242593,2025-07-12 17:12:43.955451,2025-07-12 17:12:58.515381,0 days 00:00:14.559930,identity,16,0.0006761490256479944,1,115,COMPLETE
172,0.00036665238440036774,2025-07-12 17:12:58.515957,2025-07-12 17:13:13.084606,0 days 00:00:14.568649,identity,16,0.0007849025877698294,1,110,COMPLETE
173,0.00035997715895064175,2025-07-12 17:13:13.085012,2025-07-12 17:13:27.674036,0 days 00:00:14.589024,identity,16,0.0006272834634002733,1,124,COMPLETE
174,0.0003653954481706023,2025-07-12 17:13:27.674635,2025-07-12 17:13:42.202894,0 days 00:00:14.528259,identity,16,0.0005680200087327716,1,104,COMPLETE
175,0.000360357400495559,2025-07-12 17:13:42.203491,2025-07-12 17:13:56.749800,0 days 00:00:14.546309,identity,16,0.0007229799244186765,1,108,COMPLETE
176,1.5601260662078857,2025-07-12 17:13:56.750168,2025-07-12 17:14:12.081361,0 days 00:00:15.331193,relu,16,0.0006613884838890186,1,100,COMPLETE
177,0.0005135401734150946,2025-07-12 17:14:12.081986,2025-07-12 17:14:15.721955,0 days 00:00:03.639969,identity,128,0.0008436822999997315,1,119,COMPLETE
178,0.00036118869320489466,2025-07-12 17:14:15.722316,2025-07-12 17:14:30.263633,0 days 00:00:14.541317,identity,16,0.0005210157899741461,1,112,COMPLETE
179,0.0003585047379601747,2025-07-12 17:14:30.264234,2025-07-12 17:14:44.853383,0 days 00:00:14.589149,identity,16,0.0005978401918648295,1,125,COMPLETE
180,0.0003971783444285393,2025-07-12 17:14:44.854016,2025-07-12 17:14:59.438558,0 days 00:00:14.584542,identity,16,0.0009312573432096208,1,121,COMPLETE
181,0.0003581164637580514,2025-07-12 17:14:59.439141,2025-07-12 17:15:13.981136,0 days 00:00:14.541995,identity,16,0.0005479254495713267,1,128,COMPLETE
182,0.0003582986246328801,2025-07-12 17:15:13.981517,2025-07-12 17:15:28.567260,0 days 00:00:14.585743,identity,16,0.0006174856621108856,1,126,COMPLETE
183,0.00043185343383811414,2025-07-12 17:15:28.567883,2025-07-12 17:15:43.123472,0 days 00:00:14.555589,identity,16,0.000763665450657716,1,115,COMPLETE
184,0.0003655538894236088,2025-07-12 17:15:43.124084,2025-07-12 17:15:57.696085,0 days 00:00:14.572001,identity,16,0.00047766891379849135,1,122,COMPLETE
185,0.0003630549763329327,2025-07-12 17:15:57.696467,2025-07-12 17:16:12.265627,0 days 00:00:14.569160,identity,16,0.0006811532572997441,1,117,COMPLETE
186,0.0003638802736531943,2025-07-12 17:16:12.266240,2025-07-12 17:16:26.845539,0 days 00:00:14.579299,identity,16,0.0005315316800229238,1,125,COMPLETE
187,0.0003596775059122592,2025-07-12 17:16:26.846185,2025-07-12 17:16:41.414914,0 days 00:00:14.568729,identity,16,0.0006119753486224016,1,120,COMPLETE
188,0.00035826052771881223,2025-07-12 17:16:41.415531,2025-07-12 17:16:55.970367,0 days 00:00:14.554836,identity,16,0.0007217349715021853,1,107,COMPLETE
189,0.00035848451079800725,2025-07-12 17:16:55.970768,2025-07-12 17:17:10.553416,0 days 00:00:14.582648,identity,16,0.00045581167872961676,1,113,COMPLETE
190,0.0003608813276514411,2025-07-12 17:17:10.554075,2025-07-12 17:17:25.139761,0 days 00:00:14.585686,identity,16,0.0005653079584808214,1,123,COMPLETE
191,0.0003737017686944455,2025-07-12 17:17:25.140381,2025-07-12 17:17:39.707572,0 days 00:00:14.567191,identity,16,0.0008067264152365599,1,123,COMPLETE
192,0.00035953521728515625,2025-07-12 17:17:39.708193,2025-07-12 17:17:54.268969,0 days 00:00:14.560776,identity,16,0.0007112939273467184,1,119,COMPLETE
193,0.00036110111977905035,2025-07-12 17:17:54.269356,2025-07-12 17:18:08.882608,0 days 00:00:14.613252,identity,16,0.0006085436853103348,1,121,COMPLETE
194,0.0003611495776567608,2025-07-12 17:18:08.883272,2025-07-12 17:18:23.473332,0 days 00:00:14.590060,identity,16,0.0006364372457537547,1,126,COMPLETE
195,0.00037834260729141533,2025-07-12 17:18:23.473975,2025-07-12 17:18:38.022076,0 days 00:00:14.548101,identity,16,0.00024356269589230682,1,104,COMPLETE
196,0.0004443345533218235,2025-07-12 17:18:38.022649,2025-07-12 17:18:43.291851,0 days 00:00:05.269202,identity,64,0.0005135894389361457,1,116,COMPLETE
197,0.0003676745982374996,2025-07-12 17:18:43.292207,2025-07-12 17:19:02.984920,0 days 00:00:19.692713,identity,16,0.0004137638153222144,2,109,COMPLETE
198,0.00035863721859641373,2025-07-12 17:19:02.985491,2025-07-12 17:19:17.560315,0 days 00:00:14.574824,identity,16,0.0008710774751251711,1,118,COMPLETE
199,0.0003584785445127636,2025-07-12 17:19:17.560737,2025-07-12 17:19:32.080066,0 days 00:00:14.519329,identity,16,0.0006687127501072591,1,97,COMPLETE
200,0.0016504552913829684,2025-07-12 17:19:32.080507,2025-07-12 17:19:41.062832,0 days 00:00:08.982325,relu,32,0.001271665889223823,1,112,COMPLETE
201,0.00036348821595311165,2025-07-12 17:19:41.063422,2025-07-12 17:19:55.626197,0 days 00:00:14.562775,identity,16,0.0004713705248068121,1,111,COMPLETE
202,0.00035791032132692635,2025-07-12 17:19:55.626587,2025-07-12 17:20:10.177108,0 days 00:00:14.550521,identity,16,0.0005599677387859041,1,107,COMPLETE
203,0.00036100036231800914,2025-07-12 17:20:10.177534,2025-07-12 17:20:24.725659,0 days 00:00:14.548125,identity,16,0.0005723915050213145,1,106,COMPLETE
204,0.0003613040898926556,2025-07-12 17:20:24.726294,2025-07-12 17:20:39.267001,0 days 00:00:14.540707,identity,16,0.0007684991106772673,1,100,COMPLETE
205,0.0003631821018643677,2025-07-12 17:20:39.267644,2025-07-12 17:20:53.819089,0 days 00:00:14.551445,identity,16,0.0005447998730872059,1,123,COMPLETE
206,0.0003579875628929585,2025-07-12 17:20:53.819471,2025-07-12 17:21:08.369912,0 days 00:00:14.550441,identity,16,0.0006928571744268983,1,109,COMPLETE
207,0.00036349575384519994,2025-07-12 17:21:08.370535,2025-07-12 17:21:22.898976,0 days 00:00:14.528441,identity,16,0.0077400863069517585,1,102,COMPLETE
208,0.00035900415969081223,2025-07-12 17:21:22.899580,2025-07-12 17:21:37.435829,0 days 00:00:14.536249,identity,16,0.00063252644666174,1,115,COMPLETE
209,0.0003587873943615705,2025-07-12 17:21:37.436207,2025-07-12 17:21:51.985498,0 days 00:00:14.549291,identity,16,0.00050606381087446,1,105,COMPLETE
210,0.00036513368831947446,2025-07-12 17:21:51.986140,2025-07-12 17:22:06.533250,0 days 00:00:14.547110,identity,16,0.0005830492859220594,1,128,COMPLETE
211,0.0003592718276195228,2025-07-12 17:22:06.533872,2025-07-12 17:22:21.089583,0 days 00:00:14.555711,identity,16,0.00046478819887891144,1,111,COMPLETE
212,0.0004124586412217468,2025-07-12 17:22:21.090194,2025-07-12 17:22:35.648137,0 days 00:00:14.557943,identity,16,0.00033223075891131507,1,108,COMPLETE
213,0.0003746855945792049,2025-07-12 17:22:35.648539,2025-07-12 17:22:50.181418,0 days 00:00:14.532879,identity,16,0.0005105465029071721,1,113,COMPLETE
214,0.0003606062091421336,2025-07-12 17:22:50.182040,2025-07-12 17:23:04.757662,0 days 00:00:14.575622,identity,16,0.00042710527573149737,1,103,COMPLETE
215,0.0005125247407704592,2025-07-12 17:23:04.758292,2025-07-12 17:23:08.392573,0 days 00:00:03.634281,identity,128,0.0005585399979919327,1,121,COMPLETE
216,0.00036708981497213244,2025-07-12 17:23:08.392928,2025-07-12 17:23:22.961985,0 days 00:00:14.569057,identity,16,0.0034541598100863396,1,125,COMPLETE
217,0.0003584718215279281,2025-07-12 17:23:22.962591,2025-07-12 17:23:37.531724,0 days 00:00:14.569133,identity,16,0.0006423263956685803,1,118,COMPLETE
218,0.0003581346827559173,2025-07-12 17:23:37.532145,2025-07-12 17:23:52.092708,0 days 00:00:14.560563,identity,16,0.0007466935029747927,1,114,COMPLETE
219,0.00036798929795622826,2025-07-12 17:23:52.093332,2025-07-12 17:24:06.695422,0 days 00:00:14.602090,identity,16,0.0005796980278589318,1,110,COMPLETE
220,0.0004045414971187711,2025-07-12 17:24:06.696076,2025-07-12 17:24:31.106707,0 days 00:00:24.410631,identity,16,0.0006647502838128391,3,106,COMPLETE
221,0.00035891274455934763,2025-07-12 17:24:31.107335,2025-07-12 17:24:45.667871,0 days 00:00:14.560536,identity,16,0.0006959148044610187,1,109,COMPLETE
222,0.00035813331487588584,2025-07-12 17:24:45.668471,2025-07-12 17:25:00.214053,0 days 00:00:14.545582,identity,16,0.0007931983790390924,1,108,COMPLETE
223,0.0003582400968298316,2025-07-12 17:25:00.214636,2025-07-12 17:25:14.763944,0 days 00:00:14.549308,identity,16,0.0006951852653504834,1,110,COMPLETE
224,0.00036198983434587717,2025-07-12 17:25:14.764328,2025-07-12 17:25:29.327558,0 days 00:00:14.563230,identity,16,0.0006026350149915728,1,106,COMPLETE
225,0.00035826629027724266,2025-07-12 17:25:29.328019,2025-07-12 17:25:43.977979,0 days 00:00:14.649960,identity,16,0.0005342471856889219,1,112,COMPLETE
226,0.0003613431181292981,2025-07-12 17:25:43.978527,2025-07-12 17:25:58.612078,0 days 00:00:14.633551,identity,16,0.00047269636831017916,1,116,COMPLETE
227,0.0003612819127738476,2025-07-12 17:25:58.612618,2025-07-12 17:26:13.214202,0 days 00:00:14.601584,identity,16,0.0006433857248193952,1,123,COMPLETE
228,0.0004304555186536163,2025-07-12 17:26:13.214515,2025-07-12 17:26:27.990870,0 days 00:00:14.776355,identity,16,0.0008957312983496615,1,103,COMPLETE
229,0.00037173580494709313,2025-07-12 17:26:27.991408,2025-07-12 17:26:42.628960,0 days 00:00:14.637552,identity,16,0.0007226312279302275,1,126,COMPLETE
230,0.0003580734191928059,2025-07-12 17:26:42.629509,2025-07-12 17:26:57.246560,0 days 00:00:14.617051,identity,16,0.0005851916132492154,1,114,COMPLETE
231,0.00035753517295233905,2025-07-12 17:26:57.246883,2025-07-12 17:27:11.928142,0 days 00:00:14.681259,identity,16,0.0005147722251573271,1,119,COMPLETE
232,0.0003591967688407749,2025-07-12 17:27:11.928685,2025-07-12 17:27:26.705257,0 days 00:00:14.776572,identity,16,0.0005505088230896608,1,120,COMPLETE
233,0.0003606063546612859,2025-07-12 17:27:26.705813,2025-07-12 17:27:41.394951,0 days 00:00:14.689138,identity,16,0.000502090776728107,1,118,COMPLETE
234,0.0003604631929192692,2025-07-12 17:27:41.395498,2025-07-12 17:27:56.019461,0 days 00:00:14.623963,identity,16,0.0006095806854934786,1,123,COMPLETE
235,0.00035770752583630383,2025-07-12 17:27:56.019782,2025-07-12 17:28:10.653036,0 days 00:00:14.633254,identity,16,0.0004894312808628223,1,116,COMPLETE
236,0.000360380596248433,2025-07-12 17:28:10.653592,2025-07-12 17:28:25.335570,0 days 00:00:14.681978,identity,16,0.00044795597332777145,1,117,COMPLETE
237,0.00035904618562199175,2025-07-12 17:28:25.336119,2025-07-12 17:28:40.028530,0 days 00:00:14.692411,identity,16,0.0005001374534055391,1,121,COMPLETE
238,0.00036837553489021957,2025-07-12 17:28:40.029079,2025-07-12 17:28:55.442153,0 days 00:00:15.413074,relu,16,0.000542307942657437,1,116,COMPLETE
239,0.00037195932236500084,2025-07-12 17:28:55.442483,2025-07-12 17:29:09.998350,0 days 00:00:14.555867,identity,16,0.00036840698610694826,1,128,COMPLETE
240,0.00037185780820436776,2025-07-12 17:29:09.998885,2025-07-12 17:29:24.631806,0 days 00:00:14.632921,identity,16,0.00040691343151222175,1,120,COMPLETE
241,0.0003575404407456517,2025-07-12 17:29:24.632349,2025-07-12 17:29:39.244466,0 days 00:00:14.612117,identity,16,0.000676794196003561,1,113,COMPLETE
242,0.00036372861359268427,2025-07-12 17:29:39.245010,2025-07-12 17:29:53.901185,0 days 00:00:14.656175,identity,16,0.0006366512204635645,1,114,COMPLETE
243,0.0003593314322642982,2025-07-12 17:29:53.901510,2025-07-12 17:30:08.634543,0 days 00:00:14.733033,identity,16,0.0004898730945482286,1,113,COMPLETE
244,0.00035799015313386917,2025-07-12 17:30:08.635101,2025-07-12 17:30:23.324501,0 days 00:00:14.689400,identity,16,0.0005726384778309813,1,111,COMPLETE
245,0.0004883850342594087,2025-07-12 17:30:23.325049,2025-07-12 17:30:28.625356,0 days 00:00:05.300307,identity,64,0.0008117923009045531,1,125,COMPLETE
246,0.000513855426106602,2025-07-12 17:30:28.625670,2025-07-12 17:30:37.276814,0 days 00:00:08.651144,identity,32,0.0006538608063752258,1,117,COMPLETE
247,0.0003579834592528641,2025-07-12 17:30:37.277129,2025-07-12 17:30:51.953691,0 days 00:00:14.676562,identity,16,0.0005432400310819914,1,115,COMPLETE
248,0.000358604738721624,2025-07-12 17:30:51.954248,2025-07-12 17:31:06.591256,0 days 00:00:14.637008,identity,16,0.0007363227633432151,1,119,COMPLETE
249,0.0003584614023566246,2025-07-12 17:31:06.591793,2025-07-12 17:31:21.248295,0 days 00:00:14.656502,identity,16,0.0006068414048877056,1,123,COMPLETE
250,0.000416447437601164,2025-07-12 17:31:21.248845,2025-07-12 17:31:35.881101,0 days 00:00:14.632256,identity,16,0.00044348851099590864,1,107,COMPLETE
251,0.0003931139362975955,2025-07-12 17:31:35.881434,2025-07-12 17:31:55.564723,0 days 00:00:19.683289,identity,16,0.0005198271090845872,2,101,COMPLETE
252,0.0005020227399654686,2025-07-12 17:31:55.565248,2025-07-12 17:31:59.225392,0 days 00:00:03.660144,identity,128,0.0006650339789853807,1,112,COMPLETE
253,0.00036213223938830197,2025-07-12 17:31:59.225735,2025-07-12 17:32:13.857071,0 days 00:00:14.631336,identity,16,0.001033763345508557,1,122,COMPLETE
254,0.00035742574254982173,2025-07-12 17:32:13.857388,2025-07-12 17:32:28.513114,0 days 00:00:14.655726,identity,16,0.0006009602567911086,1,104,COMPLETE
255,0.00035851949360221624,2025-07-12 17:32:28.513622,2025-07-12 17:32:43.180168,0 days 00:00:14.666546,identity,16,0.0007465467139307083,1,105,COMPLETE
256,0.0003604956727940589,2025-07-12 17:32:43.180524,2025-07-12 17:32:57.799652,0 days 00:00:14.619128,identity,16,0.0005978916757249782,1,103,COMPLETE
257,0.0004564849950838834,2025-07-12 17:32:57.799970,2025-07-12 17:33:12.488175,0 days 00:00:14.688205,identity,16,0.0008313496714702874,1,126,COMPLETE
258,0.0003582606732379645,2025-07-12 17:33:12.488718,2025-07-12 17:33:27.211878,0 days 00:00:14.723160,identity,16,0.0006881269949430755,1,97,COMPLETE
259,0.0003574793227016926,2025-07-12 17:33:27.212429,2025-07-12 17:33:41.943123,0 days 00:00:14.730694,identity,16,0.0005803538039780677,1,119,COMPLETE
260,0.0003604799276217818,2025-07-12 17:33:41.943672,2025-07-12 17:33:56.489270,0 days 00:00:14.545598,identity,16,0.0005567629497630643,1,99,COMPLETE
261,0.0003753144992515445,2025-07-12 17:33:56.489595,2025-07-12 17:34:26.589797,0 days 00:00:30.100202,identity,16,0.0006063319255878181,4,118,COMPLETE
262,0.0004683220759034157,2025-07-12 17:34:26.590370,2025-07-12 17:34:42.038416,0 days 00:00:15.448046,relu,16,0.000645791480450228,1,104,COMPLETE
263,0.0003579172189347446,2025-07-12 17:34:42.038936,2025-07-12 17:34:56.653902,0 days 00:00:14.614966,identity,16,0.00051648800279056,1,115,COMPLETE
264,0.00036038144025951624,2025-07-12 17:34:56.654231,2025-07-12 17:35:11.295680,0 days 00:00:14.641449,identity,16,0.0005762504641287042,1,108,COMPLETE
265,0.0003893071843776852,2025-07-12 17:35:11.296047,2025-07-12 17:35:26.012203,0 days 00:00:14.716156,identity,16,0.0009506837382019248,1,119,COMPLETE
266,0.0003725496935658157,2025-07-12 17:35:26.012753,2025-07-12 17:35:40.722127,0 days 00:00:14.709374,identity,16,0.0007420354538402176,1,101,COMPLETE
267,0.00036644944339059293,2025-07-12 17:35:40.722690,2025-07-12 17:35:55.364015,0 days 00:00:14.641325,identity,16,0.000666199468861397,1,106,COMPLETE
268,0.0004516633052844554,2025-07-12 17:35:55.364342,2025-07-12 17:36:14.463346,0 days 00:00:19.099004,identity,16,0.0004845219657249605,2,83,COMPLETE
269,0.0005165806505829096,2025-07-12 17:36:14.463854,2025-07-12 17:36:19.777702,0 days 00:00:05.313848,identity,64,0.0005699888702747231,1,116,COMPLETE
270,0.0003680408699437976,2025-07-12 17:36:19.778070,2025-07-12 17:36:34.435190,0 days 00:00:14.657120,identity,16,0.0006189617370826211,1,110,COMPLETE
271,0.0003816828830167651,2025-07-12 17:36:34.435512,2025-07-12 17:36:49.205174,0 days 00:00:14.769662,identity,16,0.0011594115233434137,1,113,COMPLETE
272,0.00036057422403246164,2025-07-12 17:36:49.205677,2025-07-12 17:37:03.766960,0 days 00:00:14.561283,identity,16,0.0005340232833668577,1,79,COMPLETE
273,0.0005094308871775866,2025-07-12 17:37:03.767336,2025-07-12 17:37:12.408101,0 days 00:00:08.640765,identity,32,0.0007921012758997916,1,125,COMPLETE
274,0.000359501427737996,2025-07-12 17:37:12.408414,2025-07-12 17:37:27.077394,0 days 00:00:14.668980,identity,16,0.0006844576255563224,1,121,COMPLETE
275,0.0003590501728467643,2025-07-12 17:37:27.077945,2025-07-12 17:37:49.835976,0 days 00:00:22.758031,identity,16,0.0006020319195544735,3,62,COMPLETE
276,0.0003999028995167464,2025-07-12 17:37:49.836504,2025-07-12 17:38:04.472867,0 days 00:00:14.636363,identity,16,0.0008624234809954136,1,118,COMPLETE
277,0.0005139546119607985,2025-07-12 17:38:04.473233,2025-07-12 17:38:08.112057,0 days 00:00:03.638824,identity,128,0.0004792426722672936,1,53,COMPLETE
278,0.000357814715243876,2025-07-12 17:38:08.112365,2025-07-12 17:38:22.776972,0 days 00:00:14.664607,identity,16,0.000722249601877962,1,108,COMPLETE
279,0.000357377139152959,2025-07-12 17:38:22.777494,2025-07-12 17:38:37.436984,0 days 00:00:14.659490,identity,16,0.0006978062881609359,1,111,COMPLETE
280,0.0003584020596463233,2025-07-12 17:38:37.437313,2025-07-12 17:38:52.098036,0 days 00:00:14.660723,identity,16,0.0007322312927571919,1,111,COMPLETE
281,0.00035903285606764257,2025-07-12 17:38:52.098391,2025-07-12 17:39:06.905700,0 days 00:00:14.807309,identity,16,0.0008080540076418575,1,114,COMPLETE
282,0.00040429140790365636,2025-07-12 17:39:06.906260,2025-07-12 17:39:21.517805,0 days 00:00:14.611545,identity,16,0.0007195050643598934,1,34,COMPLETE
283,1.6183620691299438,2025-07-12 17:39:21.518379,2025-07-12 17:39:37.006261,0 days 00:00:15.487882,relu,16,0.0009218748931500309,1,109,COMPLETE
284,0.00035738619044423103,2025-07-12 17:39:37.006586,2025-07-12 17:39:51.625718,0 days 00:00:14.619132,identity,16,0.000663685809319087,1,112,COMPLETE
285,0.0003581918717827648,2025-07-12 17:39:51.626283,2025-07-12 17:40:06.288471,0 days 00:00:14.662188,identity,16,0.0007594225232549474,1,115,COMPLETE
286,0.0003603897348511964,2025-07-12 17:40:06.289035,2025-07-12 17:40:20.876415,0 days 00:00:14.587380,identity,16,0.0006685290225459684,1,112,COMPLETE
287,0.00038630032213404775,2025-07-12 17:40:20.876975,2025-07-12 17:40:35.492787,0 days 00:00:14.615812,identity,16,0.000844753062302422,1,110,COMPLETE
288,0.0003584754595067352,2025-07-12 17:40:35.493117,2025-07-12 17:40:50.123833,0 days 00:00:14.630716,identity,16,0.0006903013280787963,1,113,COMPLETE
289,0.00035765860229730606,2025-07-12 17:40:50.124390,2025-07-12 17:41:04.706880,0 days 00:00:14.582490,identity,16,0.0006351569521691516,1,116,COMPLETE
290,0.0003576137241907418,2025-07-12 17:41:04.707442,2025-07-12 17:41:19.289424,0 days 00:00:14.581982,identity,16,0.0006343693042544472,1,117,COMPLETE
291,0.0003676102787721902,2025-07-12 17:41:19.289981,2025-07-12 17:41:33.922213,0 days 00:00:14.632232,identity,16,0.0006331972288018504,1,117,COMPLETE
292,0.0003578127652872354,2025-07-12 17:41:33.922537,2025-07-12 17:41:48.555498,0 days 00:00:14.632961,identity,16,0.0006296369077181002,1,114,COMPLETE
293,0.0003575276641640812,2025-07-12 17:41:48.556052,2025-07-12 17:42:03.241483,0 days 00:00:14.685431,identity,16,0.0005730830438233225,1,116,COMPLETE
294,0.0004174518398940563,2025-07-12 17:42:03.242187,2025-07-12 17:42:08.577718,0 days 00:00:05.335531,identity,64,0.0006417905931560318,1,115,COMPLETE
295,0.0003588532854337245,2025-07-12 17:42:08.578048,2025-07-12 17:42:23.261805,0 days 00:00:14.683757,identity,16,0.0006016948763681133,1,112,COMPLETE
296,0.0003810953348875046,2025-07-12 17:42:23.262368,2025-07-12 17:42:43.120669,0 days 00:00:19.858301,identity,16,0.0005617842583532923,2,116,COMPLETE
297,0.00035798840690404177,2025-07-12 17:42:43.121185,2025-07-12 17:42:57.826118,0 days 00:00:14.704933,identity,16,0.0006864357521863874,1,117,COMPLETE
298,0.0003593314322642982,2025-07-12 17:42:57.826469,2025-07-12 17:43:12.510834,0 days 00:00:14.684365,identity,16,0.0006019540861832961,1,112,COMPLETE
299,0.0004891714779660106,2025-07-12 17:43:12.511371,2025-07-12 17:43:27.165646,0 days 00:00:14.654275,identity,16,0.0001380714459644049,1,115,COMPLETE
300,0.0005093479994684458,2025-07-12 17:43:27.166183,2025-07-12 17:43:35.791798,0 days 00:00:08.625615,identity,32,0.0006636084419250719,1,110,COMPLETE
301,0.00035754620330408216,2025-07-12 17:43:35.792133,2025-07-12 17:43:50.470657,0 days 00:00:14.678524,identity,16,0.000544055831535447,1,119,COMPLETE
302,0.0003604637167882174,2025-07-12 17:43:50.471043,2025-07-12 17:44:05.115243,0 days 00:00:14.644200,identity,16,0.0005486837811413479,1,74,COMPLETE
303,0.0003573760623112321,2025-07-12 17:44:05.115816,2025-07-12 17:44:19.798539,0 days 00:00:14.682723,identity,16,0.0007294887839187825,1,119,COMPLETE
304,1.6183620691299438,2025-07-12 17:44:19.799115,2025-07-12 17:44:35.267716,0 days 00:00:15.468601,relu,16,0.0007818220113281024,1,119,COMPLETE
305,0.0005122455768287182,2025-07-12 17:44:35.268044,2025-07-12 17:44:38.914282,0 days 00:00:03.646238,identity,128,0.0007242469118343349,1,121,COMPLETE
306,0.00035798002500087023,2025-07-12 17:44:38.914840,2025-07-12 17:44:53.553062,0 days 00:00:14.638222,identity,16,0.0006681854367606851,1,119,COMPLETE
307,0.00037378352135419846,2025-07-12 17:44:53.553398,2025-07-12 17:45:08.219621,0 days 00:00:14.666223,identity,16,0.0007655736132934334,1,124,COMPLETE
308,0.0003586919337976724,2025-07-12 17:45:08.220199,2025-07-12 17:45:22.895303,0 days 00:00:14.675104,identity,16,0.0005865118053810902,1,128,COMPLETE
309,0.000372296548448503,2025-07-12 17:45:22.895891,2025-07-12 17:45:37.546747,0 days 00:00:14.650856,identity,16,0.0008640808197695582,1,105,COMPLETE
310,0.0003578512114472687,2025-07-12 17:45:37.547092,2025-07-12 17:45:52.188398,0 days 00:00:14.641306,identity,16,0.0006298026708111901,1,119,COMPLETE
311,0.0003597988688852638,2025-07-12 17:45:52.188975,2025-07-12 17:46:06.824169,0 days 00:00:14.635194,identity,16,0.0005397701672126958,1,108,COMPLETE
312,0.00035890250001102686,2025-07-12 17:46:06.824746,2025-07-12 17:46:21.464567,0 days 00:00:14.639821,identity,16,0.0007008448049941617,1,113,COMPLETE
313,0.0003600963100325316,2025-07-12 17:46:21.465141,2025-07-12 17:46:36.006953,0 days 00:00:14.541812,identity,16,0.0013557804441778763,1,56,COMPLETE
314,0.00037484924541786313,2025-07-12 17:46:36.007305,2025-07-12 17:46:50.653225,0 days 00:00:14.645920,identity,16,0.0010404382399659047,1,123,COMPLETE
315,0.0003573647700250149,2025-07-12 17:46:50.653800,2025-07-12 17:47:05.387276,0 days 00:00:14.733476,identity,16,0.0005967440865800642,1,121,COMPLETE
316,0.00035955317434854805,2025-07-12 17:47:05.387857,2025-07-12 17:47:20.067509,0 days 00:00:14.679652,identity,16,0.0005764275468870829,1,121,COMPLETE
317,0.00036982595338486135,2025-07-12 17:47:20.068082,2025-07-12 17:47:39.922358,0 days 00:00:19.854276,identity,16,0.0005141599021192419,2,117,COMPLETE
318,0.00035831573768518865,2025-07-12 17:47:39.922889,2025-07-12 17:47:54.556574,0 days 00:00:14.633685,identity,16,0.0006104469945452479,1,120,COMPLETE
319,0.00036009232280775905,2025-07-12 17:47:54.556905,2025-07-12 17:48:09.184898,0 days 00:00:14.627993,identity,16,0.0005455684728445909,1,126,COMPLETE
320,0.0005143324378877878,2025-07-12 17:48:09.185264,2025-07-12 17:48:14.470591,0 days 00:00:05.285327,identity,64,0.0006408308696642736,1,118,COMPLETE
321,0.00035787204978987575,2025-07-12 17:48:14.470909,2025-07-12 17:48:29.118608,0 days 00:00:14.647699,identity,16,0.0005773714189952761,1,123,COMPLETE
322,0.00035857289913110435,2025-07-12 17:48:29.119135,2025-07-12 17:48:43.756554,0 days 00:00:14.637419,identity,16,0.000674850802041684,1,121,COMPLETE
323,0.00038821992347948253,2025-07-12 17:48:43.756938,2025-07-12 17:48:58.299579,0 days 00:00:14.542641,identity,16,0.0007696977402554941,1,45,COMPLETE
324,0.00035878588096238673,2025-07-12 17:48:58.299903,2025-07-12 17:49:12.910438,0 days 00:00:14.610535,identity,16,0.0005081585922617882,1,128,COMPLETE
325,0.0004962647217325866,2025-07-12 17:49:12.911014,2025-07-12 17:49:21.545718,0 days 00:00:08.634704,identity,32,0.0006098292074398424,1,124,COMPLETE
326,0.002770907711237669,2025-07-12 17:49:21.546305,2025-07-12 17:49:36.955975,0 days 00:00:15.409670,relu,16,0.0007063770377322472,1,114,COMPLETE
327,0.0003649023128673434,2025-07-12 17:49:36.956313,2025-07-12 17:49:51.609852,0 days 00:00:14.653539,identity,16,0.0005445327730273037,1,117,COMPLETE
328,0.0003582232748158276,2025-07-12 17:49:51.610429,2025-07-12 17:50:06.321132,0 days 00:00:14.710703,identity,16,0.002136150271530561,1,111,COMPLETE
329,0.00037655633059330285,2025-07-12 17:50:06.321719,2025-07-12 17:50:20.963463,0 days 00:00:14.641744,identity,16,0.00045116423104612884,1,119,COMPLETE
330,0.000357554730726406,2025-07-12 17:50:20.964053,2025-07-12 17:50:35.572311,0 days 00:00:14.608258,identity,16,0.0006597861492255257,1,115,COMPLETE
331,0.00038422111538238823,2025-07-12 17:50:35.572650,2025-07-12 17:50:41.236544,0 days 00:00:05.663894,identity,128,0.0005922918539099656,3,115,COMPLETE
332,0.0003663587267510593,2025-07-12 17:50:41.237094,2025-07-12 17:50:55.841316,0 days 00:00:14.604222,identity,16,0.0006390389516753747,1,117,COMPLETE
333,0.0003593838482629508,2025-07-12 17:50:55.841656,2025-07-12 17:51:10.467750,0 days 00:00:14.626094,identity,16,0.0008097731198654462,1,122,COMPLETE
334,0.0003580495831556618,2025-07-12 17:51:10.468114,2025-07-12 17:51:25.078318,0 days 00:00:14.610204,identity,16,0.000518267423318549,1,113,COMPLETE
335,0.000357740354957059,2025-07-12 17:51:25.078823,2025-07-12 17:51:39.717397,0 days 00:00:14.638574,identity,16,0.0007278032863900532,1,120,COMPLETE
336,0.00035771194961853325,2025-07-12 17:51:39.717778,2025-07-12 17:51:54.353635,0 days 00:00:14.635857,identity,16,0.0005662024455473731,1,125,COMPLETE
337,0.00044492437154985964,2025-07-12 17:51:54.353952,2025-07-12 17:52:08.951078,0 days 00:00:14.597126,identity,16,0.001528358111608597,1,116,COMPLETE
338,0.0003624928940553218,2025-07-12 17:52:08.951629,2025-07-12 17:52:23.595752,0 days 00:00:14.644123,identity,16,0.0006513327244550183,1,119,COMPLETE
339,0.00035770106478594244,2025-07-12 17:52:23.596335,2025-07-12 17:52:38.227461,0 days 00:00:14.631126,identity,16,0.0004760561539663719,1,113,COMPLETE
340,0.0003891780215781182,2025-07-12 17:52:38.227808,2025-07-12 17:53:07.106523,0 days 00:00:28.878715,identity,16,0.0006076346020388183,4,116,COMPLETE
341,0.00039512853254564106,2025-07-12 17:53:07.107145,2025-07-12 17:53:21.626029,0 days 00:00:14.518884,identity,16,0.0009814760174821234,1,20,COMPLETE
342,0.00038911012234166265,2025-07-12 17:53:21.626562,2025-07-12 17:53:36.277524,0 days 00:00:14.650962,identity,16,0.0011192160288788261,1,122,COMPLETE
343,0.0003577337774913758,2025-07-12 17:53:36.277867,2025-07-12 17:53:50.911533,0 days 00:00:14.633666,identity,16,0.0007143079882187523,1,125,COMPLETE
344,1.6183620691299438,2025-07-12 17:53:50.911914,2025-07-12 17:54:06.347584,0 days 00:00:15.435670,relu,16,0.0008632015434819199,1,111,COMPLETE
345,0.0005166693590581417,2025-07-12 17:54:06.348176,2025-07-12 17:54:11.654493,0 days 00:00:05.306317,identity,64,0.0005445452142996315,1,118,COMPLETE
346,0.0003588042454794049,2025-07-12 17:54:11.654834,2025-07-12 17:54:26.282851,0 days 00:00:14.628017,identity,16,0.0006633242402227037,1,114,COMPLETE
347,0.00038780373870395124,2025-07-12 17:54:26.283429,2025-07-12 17:54:45.172914,0 days 00:00:18.889485,identity,16,0.0007566377648399342,2,70,COMPLETE
348,0.0003595066082198173,2025-07-12 17:54:45.173475,2025-07-12 17:54:59.748498,0 days 00:00:14.575023,identity,16,0.0005984587364327966,1,94,COMPLETE
349,0.000357556069502607,2025-07-12 17:54:59.748871,2025-07-12 17:55:14.343222,0 days 00:00:14.594351,identity,16,0.0005114952727618872,1,128,COMPLETE
350,0.0005117706605233252,2025-07-12 17:55:14.343545,2025-07-12 17:55:22.946004,0 days 00:00:08.602459,identity,32,0.0004563972934861901,1,127,COMPLETE
351,0.0003864512837026268,2025-07-12 17:55:22.946530,2025-07-12 17:55:47.577577,0 days 00:00:24.631047,identity,16,0.0004915428847753672,3,128,COMPLETE
352,0.0003602469223551452,2025-07-12 17:55:47.577963,2025-07-12 17:56:02.241389,0 days 00:00:14.663426,identity,16,0.00040912651839251847,1,126,COMPLETE
353,0.00036927592009305954,2025-07-12 17:56:02.241920,2025-07-12 17:56:16.802626,0 days 00:00:14.560706,identity,16,0.000520878155922298,1,88,COMPLETE
354,0.00035950448364019394,2025-07-12 17:56:16.802979,2025-07-12 17:56:31.387421,0 days 00:00:14.584442,identity,16,0.0005657103993103622,1,124,COMPLETE
355,0.0003641772782430053,2025-07-12 17:56:31.387789,2025-07-12 17:56:45.957890,0 days 00:00:14.570101,identity,16,0.0005105078642048058,1,128,COMPLETE
356,0.0005143636371940374,2025-07-12 17:56:45.958444,2025-07-12 17:56:49.604719,0 days 00:00:03.646275,identity,128,0.0004362856429478022,1,121,COMPLETE
357,0.0003576320596039295,2025-07-12 17:56:49.605046,2025-07-12 17:57:04.252541,0 days 00:00:14.647495,identity,16,0.0005717220783854916,1,123,COMPLETE
358,0.0003681778034660965,2025-07-12 17:57:04.253119,2025-07-12 17:57:18.875138,0 days 00:00:14.622019,identity,16,0.00047563970013928604,1,124,COMPLETE
359,0.0003589465341065079,2025-07-12 17:57:18.875894,2025-07-12 17:57:33.479272,0 days 00:00:14.603378,identity,16,0.0005446777475737537,1,122,COMPLETE
360,0.00035954758641310036,2025-07-12 17:57:33.479615,2025-07-12 17:57:48.085262,0 days 00:00:14.605647,identity,16,0.0005668967824465719,1,125,COMPLETE
361,0.0003588203981053084,2025-07-12 17:57:48.085837,2025-07-12 17:58:02.682852,0 days 00:00:14.597015,identity,16,0.004970756605589051,1,126,COMPLETE
362,0.0003623737138696015,2025-07-12 17:58:02.683404,2025-07-12 17:58:17.269813,0 days 00:00:14.586409,identity,16,0.0005075142517953475,1,123,COMPLETE
363,0.0003583689103834331,2025-07-12 17:58:17.270132,2025-07-12 17:58:31.880620,0 days 00:00:14.610488,identity,16,0.0005999076679135291,1,119,COMPLETE
364,0.0004396617296151817,2025-07-12 17:58:31.881199,2025-07-12 17:58:47.299567,0 days 00:00:15.418368,relu,16,0.0006877718211958088,1,128,COMPLETE
365,0.0003730186144821346,2025-07-12 17:58:47.300156,2025-07-12 17:59:01.897437,0 days 00:00:14.597281,identity,16,0.0007732441510129266,1,121,COMPLETE
366,0.00035996735095977783,2025-07-12 17:59:01.898015,2025-07-12 17:59:16.504880,0 days 00:00:14.606865,identity,16,0.0008875054765255507,1,123,COMPLETE
367,0.0003646812110673636,2025-07-12 17:59:16.505225,2025-07-12 17:59:31.098967,0 days 00:00:14.593742,identity,16,0.0006232588878780397,1,120,COMPLETE
368,0.0003663579700514674,2025-07-12 17:59:31.099553,2025-07-12 17:59:45.700110,0 days 00:00:14.600557,identity,16,0.0005479211465212623,1,118,COMPLETE
369,0.00036131058004684746,2025-07-12 17:59:45.700691,2025-07-12 18:00:00.303758,0 days 00:00:14.603067,identity,16,0.0030424829999417835,1,115,COMPLETE
370,0.0004911988507956266,2025-07-12 18:00:00.304341,2025-07-12 18:00:05.599986,0 days 00:00:05.295645,identity,64,0.0012225861531099797,1,126,COMPLETE
371,0.000364518171409145,2025-07-12 18:00:05.600322,2025-07-12 18:00:25.377053,0 days 00:00:19.776731,identity,16,0.00048275584169862055,2,111,COMPLETE
372,0.0003622813383117318,2025-07-12 18:00:25.377604,2025-07-12 18:00:40.047436,0 days 00:00:14.669832,identity,16,0.0006890766443755777,1,123,COMPLETE
373,0.0003607052203733474,2025-07-12 18:00:40.047831,2025-07-12 18:00:54.680481,0 days 00:00:14.632650,identity,16,0.0005990662377569864,1,117,COMPLETE
374,0.00037162817898206413,2025-07-12 18:00:54.680808,2025-07-12 18:01:09.275808,0 days 00:00:14.595000,identity,16,0.00044538977107784825,1,120,COMPLETE
375,0.00035848512197844684,2025-07-12 18:01:09.276319,2025-07-12 18:01:23.933026,0 days 00:00:14.656707,identity,16,0.0008029607759502104,1,114,COMPLETE
376,0.00047581468243151903,2025-07-12 18:01:23.933424,2025-07-12 18:01:32.545845,0 days 00:00:08.612421,identity,32,0.0006454367633627656,1,126,COMPLETE
377,0.0003594065783545375,2025-07-12 18:01:32.546171,2025-07-12 18:01:47.167616,0 days 00:00:14.621445,identity,16,0.0005246081611820549,1,112,COMPLETE
378,0.00040266269934363663,2025-07-12 18:01:47.168202,2025-07-12 18:02:01.824914,0 days 00:00:14.656712,identity,16,0.0009283836322736359,1,121,COMPLETE
379,0.00035838436451740563,2025-07-12 18:02:01.825500,2025-07-12 18:02:16.464897,0 days 00:00:14.639397,identity,16,0.0005730525087231255,1,118,COMPLETE
380,0.0003579491749405861,2025-07-12 18:02:16.465242,2025-07-12 18:02:31.087458,0 days 00:00:14.622216,identity,16,0.000713126293826053,1,124,COMPLETE
381,0.0005102307768538594,2025-07-12 18:02:31.088048,2025-07-12 18:02:34.748680,0 days 00:00:03.660632,identity,128,0.0006475998913941238,1,109,COMPLETE
382,0.00039122856105677783,2025-07-12 18:02:34.749020,2025-07-12 18:02:49.363514,0 days 00:00:14.614494,identity,16,0.009857447563802265,1,128,COMPLETE
383,0.005709005519747734,2025-07-12 18:02:49.364117,2025-07-12 18:03:04.792323,0 days 00:00:15.428206,relu,16,0.0005790826621495268,1,115,COMPLETE
384,0.00035833893343806267,2025-07-12 18:03:04.792907,2025-07-12 18:03:19.396029,0 days 00:00:14.603122,identity,16,0.0005165223182847776,1,117,COMPLETE
385,0.00038773834239691496,2025-07-12 18:03:19.396618,2025-07-12 18:03:34.006414,0 days 00:00:14.609796,identity,16,0.0007100658790935032,1,113,COMPLETE
386,0.0003632479056250304,2025-07-12 18:03:34.006784,2025-07-12 18:03:48.677711,0 days 00:00:14.670927,identity,16,0.0006178568874533858,1,122,COMPLETE
387,0.00035855566966347396,2025-07-12 18:03:48.678324,2025-07-12 18:04:03.312500,0 days 00:00:14.634176,identity,16,0.0008176021670147542,1,110,COMPLETE
388,0.0003649172140285373,2025-07-12 18:04:03.313097,2025-07-12 18:04:17.940618,0 days 00:00:14.627521,identity,16,0.0004770734034038861,1,125,COMPLETE
389,0.000357960001565516,2025-07-12 18:04:17.940972,2025-07-12 18:04:32.546674,0 days 00:00:14.605702,identity,16,0.0005563222070323123,1,120,COMPLETE
390,0.0003583582292776555,2025-07-12 18:04:32.547289,2025-07-12 18:04:47.143759,0 days 00:00:14.596470,identity,16,0.0007554551754018974,1,116,COMPLETE
391,0.00035805001971311867,2025-07-12 18:04:47.144359,2025-07-12 18:05:01.737374,0 days 00:00:14.593015,identity,16,0.0006602840723869958,1,112,COMPLETE
392,0.00035874758032150567,2025-07-12 18:05:01.737969,2025-07-12 18:05:16.349815,0 days 00:00:14.611846,identity,16,0.0005896109708870053,1,123,COMPLETE
393,0.000364552135579288,2025-07-12 18:05:16.350163,2025-07-12 18:05:30.967441,0 days 00:00:14.617278,identity,16,0.000534184635302543,1,119,COMPLETE
394,0.00037475742283277214,2025-07-12 18:05:30.968043,2025-07-12 18:05:50.691984,0 days 00:00:19.723941,identity,16,0.0010137685704581486,2,114,COMPLETE
395,0.0005165899056009948,2025-07-12 18:05:50.692527,2025-07-12 18:05:55.986840,0 days 00:00:05.294313,identity,64,0.0006766050758086193,1,128,COMPLETE
396,0.0003600585332605988,2025-07-12 18:05:55.987192,2025-07-12 18:06:10.627329,0 days 00:00:14.640137,identity,16,0.00043643837984891365,1,118,COMPLETE
397,0.00035805118386633694,2025-07-12 18:06:10.627746,2025-07-12 18:06:25.276965,0 days 00:00:14.649219,identity,16,0.0006285823354157508,1,107,COMPLETE
398,0.00038854777812957764,2025-07-12 18:06:25.277493,2025-07-12 18:06:39.921255,0 days 00:00:14.643762,identity,16,0.0007583617992711368,1,121,COMPLETE
399,0.0005090326885692775,2025-07-12 18:06:39.921675,2025-07-12 18:06:48.545484,0 days 00:00:08.623809,identity,32,0.0005293372127328146,1,110,COMPLETE
400,0.0003579418989829719,2025-07-12 18:06:48.545819,2025-07-12 18:07:03.170593,0 days 00:00:14.624774,identity,16,0.00048199508220771474,1,125,COMPLETE
401,0.0003578274336177856,2025-07-12 18:07:03.171205,2025-07-12 18:07:17.800767,0 days 00:00:14.629562,identity,16,0.0005876680025623345,1,115,COMPLETE
402,0.0008408185094594955,2025-07-12 18:07:17.801119,2025-07-12 18:07:33.262551,0 days 00:00:15.461432,relu,16,0.0006952272721078105,1,117,COMPLETE
403,0.00035919391666539013,2025-07-12 18:07:33.263185,2025-07-12 18:07:47.859669,0 days 00:00:14.596484,identity,16,0.0008782083556337596,1,123,COMPLETE
404,0.00035829219268634915,2025-07-12 18:07:47.860279,2025-07-12 18:08:02.434644,0 days 00:00:14.574365,identity,16,0.0006246388504370932,1,112,COMPLETE
405,0.00043582834769040346,2025-07-12 18:08:02.435254,2025-07-12 18:08:07.216649,0 days 00:00:04.781395,identity,128,0.008442035766298641,2,126,COMPLETE
406,0.000361079815775156,2025-07-12 18:08:07.217029,2025-07-12 18:08:21.798014,0 days 00:00:14.580985,identity,16,0.0005547546274731291,1,99,COMPLETE
407,0.00035762443440034986,2025-07-12 18:08:21.798582,2025-07-12 18:08:36.411264,0 days 00:00:14.612682,identity,16,0.0008077670021402056,1,103,COMPLETE
408,0.00037612521555274725,2025-07-12 18:08:36.411634,2025-07-12 18:09:04.785377,0 days 00:00:28.373743,identity,16,0.0009674416192542269,4,102,COMPLETE
409,0.0003680014342535287,2025-07-12 18:09:04.786007,2025-07-12 18:09:19.386672,0 days 00:00:14.600665,identity,16,0.0008194111008230919,1,104,COMPLETE
410,0.0003956661676056683,2025-07-12 18:09:19.387100,2025-07-12 18:09:33.926448,0 days 00:00:14.539348,identity,16,0.0010678583476333074,1,99,COMPLETE
411,0.00035792923881672323,2025-07-12 18:09:33.926808,2025-07-12 18:09:48.517648,0 days 00:00:14.590840,identity,16,0.0008600524422829834,1,102,COMPLETE
412,0.000374203926185146,2025-07-12 18:09:48.518198,2025-07-12 18:10:03.116215,0 days 00:00:14.598017,identity,16,0.0007519663598291244,1,107,COMPLETE
413,0.00036459218244999647,2025-07-12 18:10:03.116635,2025-07-12 18:10:17.711103,0 days 00:00:14.594468,identity,16,0.0008034596715282043,1,106,COMPLETE
414,0.0003581367200240493,2025-07-12 18:10:17.711445,2025-07-12 18:10:32.235380,0 days 00:00:14.523935,identity,16,0.0003980429002375711,1,96,COMPLETE
415,0.0003930969978682697,2025-07-12 18:10:32.236000,2025-07-12 18:10:56.522516,0 days 00:00:24.286516,identity,16,0.000687754255748118,3,110,COMPLETE
416,0.0004902430227957666,2025-07-12 18:10:56.523107,2025-07-12 18:11:10.973950,0 days 00:00:14.450843,identity,16,0.0009546853766787836,1,9,COMPLETE
417,0.00035901510273106396,2025-07-12 18:11:10.974377,2025-07-12 18:11:25.562300,0 days 00:00:14.587923,identity,16,0.0007316385302308838,1,105,COMPLETE
418,0.00035808878601528704,2025-07-12 18:11:25.562845,2025-07-12 18:11:40.140615,0 days 00:00:14.577770,identity,16,0.0004958366386493444,1,114,COMPLETE
419,0.00041599420364946127,2025-07-12 18:11:40.141035,2025-07-12 18:11:45.430498,0 days 00:00:05.289463,identity,64,0.0006332024056095697,1,109,COMPLETE
420,0.00037302609416656196,2025-07-12 18:11:45.430841,2025-07-12 18:11:59.997900,0 days 00:00:14.567059,identity,16,0.0008297150470532224,1,116,COMPLETE
421,0.00038864678936079144,2025-07-12 18:11:59.998496,2025-07-12 18:12:14.602167,0 days 00:00:14.603671,identity,16,0.0007361674419496086,1,119,COMPLETE
422,0.0005179058061912656,2025-07-12 18:12:14.602522,2025-07-12 18:12:29.186977,0 days 00:00:14.584455,identity,16,0.00010280081449334677,1,101,COMPLETE
423,0.00037444906774908304,2025-07-12 18:12:29.187600,2025-07-12 18:12:44.582039,0 days 00:00:15.394439,relu,16,0.0005738416494313687,1,113,COMPLETE
424,0.0003582643112167716,2025-07-12 18:12:44.582649,2025-07-12 18:12:59.161717,0 days 00:00:14.579068,identity,16,0.0006631109416080351,1,104,COMPLETE
425,0.0003597513714339584,2025-07-12 18:12:59.162070,2025-07-12 18:13:13.755370,0 days 00:00:14.593300,identity,16,0.0005218675932711858,1,117,COMPLETE
426,0.0005088023608550429,2025-07-12 18:13:13.755982,2025-07-12 18:13:22.354770,0 days 00:00:08.598788,identity,32,0.00046367552735988784,1,108,COMPLETE
427,0.000419795309426263,2025-07-12 18:13:22.355387,2025-07-12 18:13:36.954107,0 days 00:00:14.598720,identity,16,0.0009019889065367693,1,120,COMPLETE
428,0.0003818507248070091,2025-07-12 18:13:36.954453,2025-07-12 18:13:51.592266,0 days 00:00:14.637813,identity,16,0.000690084666586285,1,111,COMPLETE
429,0.0003575454466044903,2025-07-12 18:13:51.592881,2025-07-12 18:14:06.158379,0 days 00:00:14.565498,identity,16,0.0005950848010286186,1,114,COMPLETE
430,0.0004901972133666277,2025-07-12 18:14:06.159016,2025-07-12 18:14:09.790642,0 days 00:00:03.631626,identity,128,0.0007674454072299751,1,114,COMPLETE
431,0.0003588456893339753,2025-07-12 18:14:09.790987,2025-07-12 18:14:24.345936,0 days 00:00:14.554949,identity,16,0.000629190394062337,1,112,COMPLETE
432,0.00035930771264247596,2025-07-12 18:14:24.346528,2025-07-12 18:14:38.946185,0 days 00:00:14.599657,identity,16,0.0006768391871634961,1,115,COMPLETE
433,0.00036705422098748386,2025-07-12 18:14:38.946535,2025-07-12 18:14:53.524157,0 days 00:00:14.577622,identity,16,0.0011382006952772824,1,110,COMPLETE
434,0.0003587347746361047,2025-07-12 18:14:53.524774,2025-07-12 18:15:08.119811,0 days 00:00:14.595037,identity,16,0.000525621985365596,1,116,COMPLETE
435,0.00039190647657960653,2025-07-12 18:15:08.120423,2025-07-12 18:15:27.818244,0 days 00:00:19.697821,identity,16,0.0006013914306504578,2,113,COMPLETE
436,0.0003661994996946305,2025-07-12 18:15:27.818816,2025-07-12 18:15:42.401450,0 days 00:00:14.582634,identity,16,0.0007938431757430951,1,108,COMPLETE
437,0.00036380396340973675,2025-07-12 18:15:42.401876,2025-07-12 18:15:56.889287,0 days 00:00:14.487411,identity,16,0.0007239496859650389,1,40,COMPLETE
438,0.0003593531728256494,2025-07-12 18:15:56.889633,2025-07-12 18:16:11.508603,0 days 00:00:14.618970,identity,16,0.0006229493992251971,1,118,COMPLETE
439,0.0003591061686165631,2025-07-12 18:16:11.509174,2025-07-12 18:16:26.098155,0 days 00:00:14.588981,identity,16,0.0005433647411373075,1,113,COMPLETE
440,0.000360794278094545,2025-07-12 18:16:26.098593,2025-07-12 18:16:40.717679,0 days 00:00:14.619086,identity,16,0.0004279052779712992,1,115,COMPLETE
441,0.0003590744163375348,2025-07-12 18:16:40.718287,2025-07-12 18:16:55.343140,0 days 00:00:14.624853,identity,16,0.000670825962357705,1,111,COMPLETE
442,0.00036051718052476645,2025-07-12 18:16:55.343487,2025-07-12 18:17:10.003764,0 days 00:00:14.660277,identity,16,0.000579644900748594,1,118,COMPLETE
443,0.003928775433450937,2025-07-12 18:17:10.004406,2025-07-12 18:17:25.375108,0 days 00:00:15.370702,relu,16,0.0009238334644699705,1,90,COMPLETE
444,0.0003829870547633618,2025-07-12 18:17:25.375720,2025-07-12 18:17:30.669812,0 days 00:00:05.294092,identity,64,0.0007441989085966976,1,107,COMPLETE
445,0.00042449022294022143,2025-07-12 18:17:30.670166,2025-07-12 18:17:52.461762,0 days 00:00:21.791596,identity,16,0.000505089744702125,3,49,COMPLETE
446,0.00035979095264337957,2025-07-12 18:17:52.462343,2025-07-12 18:18:07.069132,0 days 00:00:14.606789,identity,16,0.0006348135537038828,1,104,COMPLETE
447,0.0003590130072552711,2025-07-12 18:18:07.069547,2025-07-12 18:18:21.730472,0 days 00:00:14.660925,identity,16,0.0004659976643237751,1,116,COMPLETE
448,0.0003608873812481761,2025-07-12 18:18:21.731034,2025-07-12 18:18:36.388337,0 days 00:00:14.657303,identity,16,0.0005813621135509835,1,120,COMPLETE
449,0.00037636785418726504,2025-07-12 18:18:36.388699,2025-07-12 18:18:51.022644,0 days 00:00:14.633945,identity,16,0.0012892500783320076,1,100,COMPLETE
450,0.0005134788807481527,2025-07-12 18:18:51.023066,2025-07-12 18:18:59.648602,0 days 00:00:08.625536,identity,32,0.0007036948542989054,1,112,COMPLETE
451,0.00038593963836319745,2025-07-12 18:18:59.649210,2025-07-12 18:19:14.263800,0 days 00:00:14.614590,identity,16,0.0008388714045974613,1,110,COMPLETE
452,0.00035910800215788186,2025-07-12 18:19:14.264159,2025-07-12 18:19:28.921500,0 days 00:00:14.657341,identity,16,0.0005440067396406676,1,114,COMPLETE
453,0.00036005492438562214,2025-07-12 18:19:28.922112,2025-07-12 18:19:43.544703,0 days 00:00:14.622591,identity,16,0.0006393767935547778,1,117,COMPLETE
454,0.0004511399893090129,2025-07-12 18:19:43.545313,2025-07-12 18:19:58.185261,0 days 00:00:14.639948,identity,16,0.0007625598123396267,1,120,COMPLETE
455,0.0005144618335179985,2025-07-12 18:19:58.185633,2025-07-12 18:20:01.835523,0 days 00:00:03.649890,identity,128,0.0005939087944135808,1,98,COMPLETE
456,0.0003578769974410534,2025-07-12 18:20:01.836136,2025-07-12 18:20:16.460083,0 days 00:00:14.623947,identity,16,0.0004869518151465943,1,105,COMPLETE
457,0.000357741373591125,2025-07-12 18:20:16.460461,2025-07-12 18:20:31.105915,0 days 00:00:14.645454,identity,16,0.0006694927597715134,1,115,COMPLETE
458,0.0003689278964884579,2025-07-12 18:20:31.106549,2025-07-12 18:20:45.626963,0 days 00:00:14.520414,identity,16,0.0010052955418429345,1,31,COMPLETE
459,0.0003585843078326434,2025-07-12 18:20:45.627591,2025-07-12 18:21:00.232096,0 days 00:00:14.604505,identity,16,0.0005469143648846145,1,118,COMPLETE
460,1.6183620691299438,2025-07-12 18:21:00.232708,2025-07-12 18:21:15.667354,0 days 00:00:15.434646,relu,16,0.0008391215880347067,1,109,COMPLETE
461,0.0004308558127377182,2025-07-12 18:21:15.667726,2025-07-12 18:21:30.347849,0 days 00:00:14.680123,identity,16,0.0001749257135791772,1,122,COMPLETE
462,0.0003933985426556319,2025-07-12 18:21:30.348480,2025-07-12 18:21:44.992999,0 days 00:00:14.644519,identity,16,0.0005982513546913965,1,63,COMPLETE
463,0.00035756881698034704,2025-07-12 18:21:44.993636,2025-07-12 18:21:59.594868,0 days 00:00:14.601232,identity,16,0.000729408187938573,1,112,COMPLETE
464,0.00035788939567282796,2025-07-12 18:21:59.595498,2025-07-12 18:22:14.208135,0 days 00:00:14.612637,identity,16,0.0007025313168192881,1,113,COMPLETE
465,0.0003618575574364513,2025-07-12 18:22:14.208504,2025-07-12 18:22:28.797581,0 days 00:00:14.589077,identity,16,0.000642319068869532,1,112,COMPLETE
466,0.0003609781851992011,2025-07-12 18:22:28.798207,2025-07-12 18:22:43.406602,0 days 00:00:14.608395,identity,16,0.0005106315347452989,1,116,COMPLETE
467,0.00036233433638699353,2025-07-12 18:22:43.407230,2025-07-12 18:22:58.042403,0 days 00:00:14.635173,identity,16,0.000559086307977096,1,110,COMPLETE
468,0.00044316824642010033,2025-07-12 18:22:58.042781,2025-07-12 18:23:03.348974,0 days 00:00:05.306193,identity,64,0.0006941689126586147,1,77,COMPLETE
469,0.00035853104782290757,2025-07-12 18:23:03.349590,2025-07-12 18:23:17.972742,0 days 00:00:14.623152,identity,16,0.0004376100521876981,1,114,COMPLETE
470,0.00035979069070890546,2025-07-12 18:23:17.973123,2025-07-12 18:23:32.594566,0 days 00:00:14.621443,identity,16,0.0006157561248362726,1,119,COMPLETE
471,0.0003630769206210971,2025-07-12 18:23:32.595221,2025-07-12 18:23:47.186753,0 days 00:00:14.591532,identity,16,0.0007498683548708717,1,128,COMPLETE
472,0.000359438854502514,2025-07-12 18:23:47.187423,2025-07-12 18:24:01.780422,0 days 00:00:14.592999,identity,16,0.0005057224346339696,1,112,COMPLETE
473,0.000503599876537919,2025-07-12 18:24:01.781053,2025-07-12 18:24:10.379566,0 days 00:00:08.598513,identity,32,0.0006475724149304254,1,117,COMPLETE
474,0.0003636943001765758,2025-07-12 18:24:10.380030,2025-07-12 18:24:25.011678,0 days 00:00:14.631648,identity,16,0.0005691156895332272,1,121,COMPLETE
475,0.00040161682409234345,2025-07-12 18:24:25.012334,2025-07-12 18:24:44.553601,0 days 00:00:19.541267,identity,16,0.0007244200197360406,2,109,COMPLETE
476,0.00035827988176606596,2025-07-12 18:24:44.554192,2025-07-12 18:24:59.191203,0 days 00:00:14.637011,identity,16,0.0006025188540945862,1,114,COMPLETE
477,0.00036744496901519597,2025-07-12 18:24:59.191601,2025-07-12 18:25:13.810032,0 days 00:00:14.618431,identity,16,0.00046189842984172214,1,124,COMPLETE
478,0.00035855601890943944,2025-07-12 18:25:13.810464,2025-07-12 18:25:28.477219,0 days 00:00:14.666755,identity,16,0.0005361653112249149,1,116,COMPLETE
479,0.0005142809241078794,2025-07-12 18:25:28.477790,2025-07-12 18:25:32.137496,0 days 00:00:03.659706,identity,128,0.00039449528881680936,1,111,COMPLETE
480,1.6183620691299438,2025-07-12 18:25:32.137842,2025-07-12 18:25:47.645574,0 days 00:00:15.507732,relu,16,0.0006451742793765427,1,119,COMPLETE
481,0.00036303422530181706,2025-07-12 18:25:47.646003,2025-07-12 18:26:02.295849,0 days 00:00:14.649846,identity,16,0.0006746537914390571,1,121,COMPLETE
482,0.0003642481460701674,2025-07-12 18:26:02.296475,2025-07-12 18:26:16.918553,0 days 00:00:14.622078,identity,16,0.0007730109472221846,1,107,COMPLETE
483,0.0003621921641752124,2025-07-12 18:26:16.918922,2025-07-12 18:26:31.574422,0 days 00:00:14.655500,identity,16,0.000579132257484571,1,115,COMPLETE
484,0.00036783533869311213,2025-07-12 18:26:31.575085,2025-07-12 18:26:46.253315,0 days 00:00:14.678230,identity,16,0.0004900067650709326,1,126,COMPLETE
485,0.00036609984817914665,2025-07-12 18:26:46.253954,2025-07-12 18:27:00.862622,0 days 00:00:14.608668,identity,16,0.0008814904290512968,1,112,COMPLETE
486,0.0005110473721288145,2025-07-12 18:27:00.863275,2025-07-12 18:27:15.361927,0 days 00:00:14.498652,identity,16,0.0007011288761273362,1,16,COMPLETE
487,0.00040978670585900545,2025-07-12 18:27:15.362290,2025-07-12 18:27:44.865973,0 days 00:00:29.503683,identity,16,0.0006160423660982414,4,118,COMPLETE
488,0.0003589366388041526,2025-07-12 18:27:44.866636,2025-07-12 18:27:59.492305,0 days 00:00:14.625669,identity,16,0.0005492036392370811,1,122,COMPLETE
489,0.0003589701955206692,2025-07-12 18:27:59.492673,2025-07-12 18:28:14.119116,0 days 00:00:14.626443,identity,16,0.0005130483447800502,1,114,COMPLETE
490,0.0003756062069442123,2025-07-12 18:28:14.119684,2025-07-12 18:28:38.676378,0 days 00:00:24.556694,identity,16,0.0007651335979515677,3,128,COMPLETE
491,0.00035949653829447925,2025-07-12 18:28:38.676826,2025-07-12 18:28:53.323583,0 days 00:00:14.646757,identity,16,0.0006640375874759699,1,117,COMPLETE
492,0.0003574657312128693,2025-07-12 18:28:53.324163,2025-07-12 18:29:07.970896,0 days 00:00:14.646733,identity,16,0.0006015850712155693,1,110,COMPLETE
493,0.0005166757619008422,2025-07-12 18:29:07.971323,2025-07-12 18:29:13.291664,0 days 00:00:05.320341,identity,64,0.0005729999994381387,1,108,COMPLETE
494,0.00038239723653532565,2025-07-12 18:29:13.292009,2025-07-12 18:29:27.947046,0 days 00:00:14.655037,identity,16,0.00044519042554513384,1,109,COMPLETE
495,0.0003612639266066253,2025-07-12 18:29:27.947682,2025-07-12 18:29:42.617723,0 days 00:00:14.670041,identity,16,0.0005294394204586243,1,106,COMPLETE
496,0.0003764307766687125,2025-07-12 18:29:42.618354,2025-07-12 18:29:57.238665,0 days 00:00:14.620311,identity,16,0.0011568280198805021,1,111,COMPLETE
497,0.000357562123099342,2025-07-12 18:29:57.239035,2025-07-12 18:30:11.899550,0 days 00:00:14.660515,identity,16,0.0005975426102194775,1,109,COMPLETE
498,0.0005090230843052268,2025-07-12 18:30:11.900188,2025-07-12 18:30:20.525504,0 days 00:00:08.625316,identity,32,0.0005890214227639326,1,109,COMPLETE
499,0.006221887655556202,2025-07-12 18:30:20.526130,2025-07-12 18:30:35.927699,0 days 00:00:15.401569,relu,16,0.0004870912216269998,1,107,COMPLETE
