number,value,datetime_start,datetime_complete,duration,params_and_operator,params_lr,params_n_sets_protein,params_n_sets_salt,params_shape,state
0,0.8408333333333335,2025-10-01 09:03:05.766755,2025-10-01 09:03:29.489072,0 days 00:00:23.722317,min,0.0002864410537865168,5,4,gaussian,COMPLETE
1,0.8141666666666667,2025-10-01 09:03:29.489916,2025-10-01 09:03:50.355813,0 days 00:00:20.865897,luka,0.0001038932794426472,5,3,sigmoid,COMPLETE
2,0.7383333333333333,2025-10-01 09:03:50.356317,2025-10-01 09:04:13.773483,0 days 00:00:23.417166,hamacher,0.00018630466999221398,2,4,gaussian,COMPLETE
3,0.5958333333333334,2025-10-01 09:04:13.774181,2025-10-01 09:04:40.767944,0 days 00:00:26.993763,hamacher,5.4795002172356804e-05,2,2,bell,COMPLETE
4,0.7241666666666666,2025-10-01 09:04:40.768609,2025-10-01 09:05:04.281836,0 days 00:00:23.513227,hamacher,3.772024426792888e-05,4,5,gaussian,COMPLETE
5,0.5158333333333334,2025-10-01 09:05:04.282315,2025-10-01 09:05:25.082822,0 days 00:00:20.800507,luka,1.0666729913707586e-05,4,3,sigmoid,COMPLETE
6,0.6416666666666667,2025-10-01 09:05:25.083284,2025-10-01 09:05:47.069848,0 days 00:00:21.986564,min,2.261003473630346e-05,2,4,gaussian,COMPLETE
7,0.7883333333333333,2025-10-01 09:05:47.070258,2025-10-01 09:06:09.131771,0 days 00:00:22.061513,min,4.31196974380923e-05,5,4,gaussian,COMPLETE
8,0.5441666666666667,2025-10-01 09:06:09.132145,2025-10-01 09:06:33.594482,0 days 00:00:24.462337,frank,1.4532764469523889e-05,5,2,gaussian,COMPLETE
9,0.8025,2025-10-01 09:06:33.594867,2025-10-01 09:07:01.765092,0 days 00:00:28.170225,frank,0.0006295895908843941,5,4,bell,COMPLETE
10,0.8541666666666667,2025-10-01 09:07:01.765464,2025-10-01 09:07:27.859203,0 days 00:00:26.093739,prod,0.0009909233294324883,3,5,bell,COMPLETE
11,0.8541666666666666,2025-10-01 09:07:27.859695,2025-10-01 09:07:53.959281,0 days 00:00:26.099586,prod,0.000810600795162672,3,5,bell,COMPLETE
12,0.8283333333333335,2025-10-01 09:07:53.959678,2025-10-01 09:08:20.049100,0 days 00:00:26.089422,prod,0.0009432093955377805,3,5,bell,COMPLETE
13,0.8016666666666665,2025-10-01 09:08:20.049477,2025-10-01 09:08:46.141291,0 days 00:00:26.091814,prod,0.00044531011809720755,3,5,bell,COMPLETE
14,0.8675,2025-10-01 09:08:46.141764,2025-10-01 09:09:12.233133,0 days 00:00:26.091369,prod,0.0009117945107030513,3,5,bell,COMPLETE
15,0.8008333333333333,2025-10-01 09:09:12.233537,2025-10-01 09:09:38.373353,0 days 00:00:26.139816,prod,0.00032472439136858194,3,5,bell,COMPLETE
16,0.8408333333333333,2025-10-01 09:09:38.373759,2025-10-01 09:10:04.660309,0 days 00:00:26.286550,prod,0.0001257013914481258,4,5,bell,COMPLETE
17,0.8416666666666668,2025-10-01 09:10:04.660801,2025-10-01 09:10:25.200070,0 days 00:00:20.539269,prod,0.00047757139757147063,3,3,sigmoid,COMPLETE
18,0.8141666666666667,2025-10-01 09:10:25.200495,2025-10-01 09:10:51.352797,0 days 00:00:26.152302,prod,0.00020189985925558144,4,5,bell,COMPLETE
19,0.8683333333333334,2025-10-01 09:10:51.353205,2025-10-01 09:11:17.438480,0 days 00:00:26.085275,prod,0.0009613233970260427,2,4,bell,COMPLETE
20,0.30249999999999994,2025-10-01 09:11:17.438903,2025-10-01 09:11:43.669508,0 days 00:00:26.230605,luka,0.0004977349730496897,2,4,bell,COMPLETE
21,0.8675,2025-10-01 09:11:43.669905,2025-10-01 09:12:09.707355,0 days 00:00:26.037450,prod,0.0009513566830037604,2,5,bell,COMPLETE
22,0.8141666666666667,2025-10-01 09:12:09.707841,2025-10-01 09:12:35.777949,0 days 00:00:26.070108,prod,0.0006489063453640146,2,4,bell,COMPLETE
23,0.8541666666666667,2025-10-01 09:12:35.778339,2025-10-01 09:13:01.851839,0 days 00:00:26.073500,prod,0.00031789286436850864,2,5,bell,COMPLETE
24,0.8675,2025-10-01 09:13:01.852236,2025-10-01 09:13:27.882656,0 days 00:00:26.030420,prod,0.0006872277708681725,2,3,bell,COMPLETE
25,0.8425,2025-10-01 09:13:27.883154,2025-10-01 09:13:50.412071,0 days 00:00:22.528917,frank,0.0004207684344490107,2,4,sigmoid,COMPLETE
26,0.8275,2025-10-01 09:13:50.412473,2025-10-01 09:14:16.551663,0 days 00:00:26.139190,prod,0.00020521277690500826,3,5,bell,COMPLETE
27,0.8275,2025-10-01 09:14:16.552060,2025-10-01 09:14:42.622223,0 days 00:00:26.070163,prod,0.000965967085261253,2,5,bell,COMPLETE
28,0.8408333333333335,2025-10-01 09:14:42.622626,2025-10-01 09:15:08.678372,0 days 00:00:26.055746,prod,0.0006026113515434125,3,4,bell,COMPLETE
29,0.8808333333333334,2025-10-01 09:15:08.678903,2025-10-01 09:15:31.200802,0 days 00:00:22.521899,frank,0.0007172855049629105,2,3,sigmoid,COMPLETE
30,0.8550000000000001,2025-10-01 09:15:31.201191,2025-10-01 09:15:53.708281,0 days 00:00:22.507090,frank,0.00027617250459414206,2,3,sigmoid,COMPLETE
31,0.8541666666666667,2025-10-01 09:15:53.708667,2025-10-01 09:16:16.002509,0 days 00:00:22.293842,frank,0.0007034486198862331,2,2,sigmoid,COMPLETE
32,0.8141666666666667,2025-10-01 09:16:16.002903,2025-10-01 09:16:36.465503,0 days 00:00:20.462600,min,0.0003704535136671172,2,3,sigmoid,COMPLETE
33,0.8550000000000001,2025-10-01 09:16:36.465899,2025-10-01 09:16:58.961308,0 days 00:00:22.495409,frank,0.0005394858053675339,2,3,sigmoid,COMPLETE
34,0.8416666666666668,2025-10-01 09:16:58.961684,2025-10-01 09:17:20.899425,0 days 00:00:21.937741,hamacher,0.0008020056872080935,2,4,sigmoid,COMPLETE
35,0.5025,2025-10-01 09:17:20.899830,2025-10-01 09:17:47.104983,0 days 00:00:26.205153,luka,7.110526450269647e-05,3,2,bell,COMPLETE
36,0.8166666666666668,2025-10-01 09:17:47.105476,2025-10-01 09:18:08.959458,0 days 00:00:21.853982,hamacher,0.00023537129353980236,2,3,sigmoid,COMPLETE
37,0.7483333333333333,2025-10-01 09:18:08.959842,2025-10-01 09:18:33.352174,0 days 00:00:24.392332,frank,0.00013756119566958006,2,4,gaussian,COMPLETE
38,0.8691666666666666,2025-10-01 09:18:33.352578,2025-10-01 09:18:59.240784,0 days 00:00:25.888206,min,0.0007896774406943991,4,3,bell,COMPLETE
39,0.8416666666666668,2025-10-01 09:18:59.241180,2025-10-01 09:19:21.302145,0 days 00:00:22.060965,min,0.000406725967333945,4,3,gaussian,COMPLETE
40,0.7108333333333333,2025-10-01 09:19:21.302553,2025-10-01 09:19:41.751928,0 days 00:00:20.449375,min,2.6485944660842553e-05,4,2,sigmoid,COMPLETE
41,0.8941666666666667,2025-10-01 09:19:41.752330,2025-10-01 09:20:07.627855,0 days 00:00:25.875525,min,0.0008151827532126633,4,3,bell,COMPLETE
42,0.8541666666666667,2025-10-01 09:20:07.628330,2025-10-01 09:20:33.592290,0 days 00:00:25.963960,min,0.0007693840035929849,4,3,bell,COMPLETE
43,0.8541666666666667,2025-10-01 09:20:33.592707,2025-10-01 09:20:59.471555,0 days 00:00:25.878848,min,0.0005589141044243539,4,3,bell,COMPLETE
44,0.8541666666666666,2025-10-01 09:20:59.471951,2025-10-01 09:21:25.392330,0 days 00:00:25.920379,min,0.0008529110340490414,5,3,bell,COMPLETE
45,0.8283333333333334,2025-10-01 09:21:25.392824,2025-10-01 09:21:51.291760,0 days 00:00:25.898936,min,0.0006966981924831365,4,3,bell,COMPLETE
46,0.8683333333333334,2025-10-01 09:21:51.292170,2025-10-01 09:22:13.280607,0 days 00:00:21.988437,min,0.0005159205911576596,4,2,gaussian,COMPLETE
47,0.7875,2025-10-01 09:22:13.281002,2025-10-01 09:22:35.297390,0 days 00:00:22.016388,min,0.0005545611780387183,4,2,gaussian,COMPLETE
48,0.8408333333333333,2025-10-01 09:22:35.297790,2025-10-01 09:22:57.304337,0 days 00:00:22.006547,min,0.0003623017373851143,5,2,gaussian,COMPLETE
49,0.7374999999999999,2025-10-01 09:22:57.304736,2025-10-01 09:23:19.277784,0 days 00:00:21.973048,min,8.060972225673375e-05,4,2,gaussian,COMPLETE
50,0.4091666666666667,2025-10-01 09:23:19.278183,2025-10-01 09:23:41.733023,0 days 00:00:22.454840,luka,0.0002863566327162923,4,3,gaussian,COMPLETE
51,0.8274999999999999,2025-10-01 09:23:41.733418,2025-10-01 09:24:07.466108,0 days 00:00:25.732690,min,0.0008139302819378123,4,4,bell,COMPLETE
52,0.8408333333333333,2025-10-01 09:24:07.466640,2025-10-01 09:24:31.012111,0 days 00:00:23.545471,hamacher,0.0009905125695510086,4,3,gaussian,COMPLETE
53,0.7750000000000001,2025-10-01 09:24:31.012521,2025-10-01 09:24:56.879694,0 days 00:00:25.867173,min,0.0004809098749570612,3,2,bell,COMPLETE
54,0.8408333333333335,2025-10-01 09:24:56.880100,2025-10-01 09:25:24.785123,0 days 00:00:27.905023,frank,0.000614550176172468,4,3,bell,COMPLETE
55,0.8666666666666666,2025-10-01 09:25:24.785523,2025-10-01 09:25:50.741432,0 days 00:00:25.955909,min,0.0007972074636621757,3,4,bell,COMPLETE
56,0.30249999999999994,2025-10-01 09:25:50.741954,2025-10-01 09:26:13.198292,0 days 00:00:22.456338,luka,0.0007066577883394819,5,3,gaussian,COMPLETE
57,0.8408333333333335,2025-10-01 09:26:13.198691,2025-10-01 09:26:41.153291,0 days 00:00:27.954600,frank,0.00045518050730557343,4,4,bell,COMPLETE
58,0.5641666666666667,2025-10-01 09:26:41.153715,2025-10-01 09:27:06.995282,0 days 00:00:25.841567,min,1.1320802505454942e-05,3,2,bell,COMPLETE
59,0.8275,2025-10-01 09:27:06.995794,2025-10-01 09:27:27.591362,0 days 00:00:20.595568,prod,0.0008836163238149694,4,3,sigmoid,COMPLETE
60,0.8283333333333335,2025-10-01 09:27:27.591760,2025-10-01 09:27:54.965661,0 days 00:00:27.373901,hamacher,0.000161639980230323,3,4,bell,COMPLETE
61,0.8408333333333335,2025-10-01 09:27:54.966080,2025-10-01 09:28:21.016780,0 days 00:00:26.050700,prod,0.0009983116681737058,2,5,bell,COMPLETE
62,0.8141666666666667,2025-10-01 09:28:21.017173,2025-10-01 09:28:47.130561,0 days 00:00:26.113388,prod,0.000602854547890066,2,5,bell,COMPLETE
63,0.8141666666666667,2025-10-01 09:28:47.131062,2025-10-01 09:29:13.176838,0 days 00:00:26.045776,prod,0.0007233405717152918,2,5,bell,COMPLETE
64,0.8541666666666667,2025-10-01 09:29:13.177248,2025-10-01 09:29:39.298733,0 days 00:00:26.121485,prod,0.0008755135808902894,2,5,bell,COMPLETE
65,0.8558333333333333,2025-10-01 09:29:39.299144,2025-10-01 09:30:05.418268,0 days 00:00:26.119124,prod,0.0005171741293513751,4,5,bell,COMPLETE
66,0.8675,2025-10-01 09:30:05.418760,2025-10-01 09:30:31.536846,0 days 00:00:26.118086,prod,0.0006568477806111836,2,5,bell,COMPLETE
67,0.8675,2025-10-01 09:30:31.537267,2025-10-01 09:30:53.895095,0 days 00:00:22.357828,frank,0.0008681873882565744,3,3,sigmoid,COMPLETE
68,0.8283333333333335,2025-10-01 09:30:53.895491,2025-10-01 09:31:19.853748,0 days 00:00:25.958257,prod,0.0003902628362613515,4,4,bell,COMPLETE
69,0.8541666666666666,2025-10-01 09:31:19.854172,2025-10-01 09:31:41.824005,0 days 00:00:21.969833,min,0.0009903140485286281,2,3,gaussian,COMPLETE
70,0.8683333333333334,2025-10-01 09:31:41.824405,2025-10-01 09:32:04.599126,0 days 00:00:22.774721,frank,0.0005881294166911045,3,5,sigmoid,COMPLETE
71,0.8675,2025-10-01 09:32:04.599548,2025-10-01 09:32:27.446172,0 days 00:00:22.846624,frank,0.0007510358512030427,3,5,sigmoid,COMPLETE
72,0.8808333333333334,2025-10-01 09:32:27.446686,2025-10-01 09:32:50.217959,0 days 00:00:22.771273,frank,0.000574072188194998,3,5,sigmoid,COMPLETE
73,0.8808333333333334,2025-10-01 09:32:50.218370,2025-10-01 09:33:13.030349,0 days 00:00:22.811979,frank,0.0005905727829606915,3,5,sigmoid,COMPLETE
74,0.8416666666666666,2025-10-01 09:33:13.030843,2025-10-01 09:33:35.800445,0 days 00:00:22.769602,frank,0.00032032105870894394,3,5,sigmoid,COMPLETE
75,0.8941666666666667,2025-10-01 09:33:35.800851,2025-10-01 09:33:58.709522,0 days 00:00:22.908671,frank,0.0005682916160162096,3,5,sigmoid,COMPLETE
76,0.8675,2025-10-01 09:33:58.709935,2025-10-01 09:34:21.567048,0 days 00:00:22.857113,frank,0.00045683086364967015,3,5,sigmoid,COMPLETE
77,0.8808333333333334,2025-10-01 09:34:21.567447,2025-10-01 09:34:44.424103,0 days 00:00:22.856656,frank,0.0005125576080665536,3,5,sigmoid,COMPLETE
78,0.8675,2025-10-01 09:34:44.424527,2025-10-01 09:35:07.204643,0 days 00:00:22.780116,frank,0.0003489484545364462,3,5,sigmoid,COMPLETE
79,0.8675,2025-10-01 09:35:07.205142,2025-10-01 09:35:29.999372,0 days 00:00:22.794230,frank,0.0004125099398733184,3,5,sigmoid,COMPLETE
80,0.8808333333333334,2025-10-01 09:35:29.999798,2025-10-01 09:35:52.828290,0 days 00:00:22.828492,frank,0.0006528546525174689,3,5,sigmoid,COMPLETE
81,0.8808333333333334,2025-10-01 09:35:52.828717,2025-10-01 09:36:15.569540,0 days 00:00:22.740823,frank,0.0006720925536727115,3,5,sigmoid,COMPLETE
82,0.8808333333333334,2025-10-01 09:36:15.569943,2025-10-01 09:36:38.563573,0 days 00:00:22.993630,frank,0.0006234768288047792,3,5,sigmoid,COMPLETE
83,0.8941666666666668,2025-10-01 09:36:38.563991,2025-10-01 09:37:01.299164,0 days 00:00:22.735173,frank,0.0002549140257956857,3,5,sigmoid,COMPLETE
84,0.8950000000000001,2025-10-01 09:37:01.299581,2025-10-01 09:37:23.930223,0 days 00:00:22.630642,frank,0.0002656301890986502,3,5,sigmoid,COMPLETE
85,0.8675,2025-10-01 09:37:23.930650,2025-10-01 09:37:46.704667,0 days 00:00:22.774017,frank,0.00025991038582715074,3,5,sigmoid,COMPLETE
86,0.8141666666666667,2025-10-01 09:37:46.705183,2025-10-01 09:38:09.445711,0 days 00:00:22.740528,frank,0.00023381524618335317,3,5,sigmoid,COMPLETE
87,0.8683333333333334,2025-10-01 09:38:09.446109,2025-10-01 09:38:32.245681,0 days 00:00:22.799572,frank,0.00043485027798483104,3,5,sigmoid,COMPLETE
88,0.8016666666666665,2025-10-01 09:38:32.246092,2025-10-01 09:38:55.035515,0 days 00:00:22.789423,frank,9.836827084327492e-05,3,5,sigmoid,COMPLETE
89,0.8541666666666666,2025-10-01 09:38:55.035913,2025-10-01 09:39:17.795899,0 days 00:00:22.759986,frank,0.0001778604523378048,3,5,sigmoid,COMPLETE
90,0.8683333333333334,2025-10-01 09:39:17.796312,2025-10-01 09:39:40.577532,0 days 00:00:22.781220,frank,0.0004994563278882949,3,5,sigmoid,COMPLETE
91,0.8408333333333333,2025-10-01 09:39:40.577931,2025-10-01 09:40:03.463832,0 days 00:00:22.885901,frank,0.0005414080856010829,3,5,sigmoid,COMPLETE
92,0.8808333333333334,2025-10-01 09:40:03.464288,2025-10-01 09:40:26.335858,0 days 00:00:22.871570,frank,0.000653258619556205,3,5,sigmoid,COMPLETE
93,0.7875,2025-10-01 09:40:26.336292,2025-10-01 09:40:49.408956,0 days 00:00:23.072664,frank,0.00012417258304540555,3,5,sigmoid,COMPLETE
94,0.8816666666666668,2025-10-01 09:40:49.409405,2025-10-01 09:41:12.377340,0 days 00:00:22.967935,frank,0.00034326878920285864,3,5,sigmoid,COMPLETE
95,0.8150000000000001,2025-10-01 09:41:12.377831,2025-10-01 09:41:35.418310,0 days 00:00:23.040479,frank,0.0003050859560477299,3,5,sigmoid,COMPLETE
96,0.8416666666666666,2025-10-01 09:41:35.418775,2025-10-01 09:41:58.211881,0 days 00:00:22.793106,frank,0.00037111493949678514,3,5,sigmoid,COMPLETE
97,0.8675,2025-10-01 09:41:58.212321,2025-10-01 09:42:20.896898,0 days 00:00:22.684577,frank,0.0002524841570577033,3,5,sigmoid,COMPLETE
98,0.8541666666666666,2025-10-01 09:42:20.897336,2025-10-01 09:42:43.755419,0 days 00:00:22.858083,frank,0.0003459418829130878,3,5,sigmoid,COMPLETE
99,0.8550000000000001,2025-10-01 09:42:43.755862,2025-10-01 09:43:06.528222,0 days 00:00:22.772360,frank,0.0001967169012618513,3,5,sigmoid,COMPLETE
100,0.6625,2025-10-01 09:43:06.528796,2025-10-01 09:43:29.316391,0 days 00:00:22.787595,frank,3.6299169011224496e-05,3,5,sigmoid,COMPLETE
101,0.8550000000000001,2025-10-01 09:43:29.316851,2025-10-01 09:43:52.245119,0 days 00:00:22.928268,frank,0.0005642012291682813,3,5,sigmoid,COMPLETE
102,0.8675,2025-10-01 09:43:52.245547,2025-10-01 09:44:15.247647,0 days 00:00:23.002100,frank,0.0006872851659670426,3,5,sigmoid,COMPLETE
103,0.8941666666666667,2025-10-01 09:44:15.248093,2025-10-01 09:44:38.249683,0 days 00:00:23.001590,frank,0.00048313683022929195,3,5,sigmoid,COMPLETE
104,0.8416666666666666,2025-10-01 09:44:38.250113,2025-10-01 09:44:59.289139,0 days 00:00:21.039026,luka,0.0004331742182309515,3,5,sigmoid,COMPLETE
105,0.8683333333333334,2025-10-01 09:44:59.289582,2025-10-01 09:45:22.119457,0 days 00:00:22.829875,frank,0.0004719302742676866,3,5,sigmoid,COMPLETE
106,0.8941666666666667,2025-10-01 09:45:22.119885,2025-10-01 09:45:45.080694,0 days 00:00:22.960809,frank,0.00051511982144562,3,5,sigmoid,COMPLETE
107,0.9075000000000001,2025-10-01 09:45:45.081140,2025-10-01 09:46:07.871180,0 days 00:00:22.790040,frank,0.0002983890611606017,3,5,sigmoid,COMPLETE
108,0.8416666666666666,2025-10-01 09:46:07.871708,2025-10-01 09:46:29.911352,0 days 00:00:22.039644,hamacher,0.000400360076512064,3,5,sigmoid,COMPLETE
109,0.8149999999999998,2025-10-01 09:46:29.911775,2025-10-01 09:46:52.731214,0 days 00:00:22.819439,frank,0.00029956682000647133,3,5,sigmoid,COMPLETE
110,0.8425,2025-10-01 09:46:52.731660,2025-10-01 09:47:15.501476,0 days 00:00:22.769816,frank,0.00021659116888790632,3,5,sigmoid,COMPLETE
111,0.8808333333333334,2025-10-01 09:47:15.501901,2025-10-01 09:47:38.266032,0 days 00:00:22.764131,frank,0.00033413570579139874,3,5,sigmoid,COMPLETE
112,0.8675,2025-10-01 09:47:38.266474,2025-10-01 09:48:01.168458,0 days 00:00:22.901984,frank,0.0005076074547038128,3,5,sigmoid,COMPLETE
113,0.8675,2025-10-01 09:48:01.168904,2025-10-01 09:48:24.084338,0 days 00:00:22.915434,frank,0.000549808985491107,3,5,sigmoid,COMPLETE
114,0.8008333333333333,2025-10-01 09:48:24.084801,2025-10-01 09:48:46.933339,0 days 00:00:22.848538,frank,0.00026494604779528277,3,5,sigmoid,COMPLETE
115,0.8808333333333334,2025-10-01 09:48:46.933882,2025-10-01 09:49:09.773529,0 days 00:00:22.839647,frank,0.0003850821648724916,3,5,sigmoid,COMPLETE
116,0.8675,2025-10-01 09:49:09.773973,2025-10-01 09:49:32.808435,0 days 00:00:23.034462,frank,0.0007602403251856986,3,5,sigmoid,COMPLETE
117,0.8675,2025-10-01 09:49:32.808898,2025-10-01 09:49:55.572667,0 days 00:00:22.763769,frank,0.000598136547768785,3,5,sigmoid,COMPLETE
118,0.8550000000000001,2025-10-01 09:49:55.573128,2025-10-01 09:50:18.607941,0 days 00:00:23.034813,frank,0.00023885747634599504,3,5,sigmoid,COMPLETE
119,0.8416666666666666,2025-10-01 09:50:18.608418,2025-10-01 09:50:39.523174,0 days 00:00:20.914756,luka,0.0004533131189770494,3,5,sigmoid,COMPLETE
120,0.8941666666666667,2025-10-01 09:50:39.523623,2025-10-01 09:51:02.259804,0 days 00:00:22.736181,frank,0.000514327452288141,3,5,sigmoid,COMPLETE
121,0.8675,2025-10-01 09:51:02.260244,2025-10-01 09:51:25.220415,0 days 00:00:22.960171,frank,0.0005025416700301874,3,5,sigmoid,COMPLETE
122,0.8816666666666666,2025-10-01 09:51:25.220863,2025-10-01 09:51:48.055121,0 days 00:00:22.834258,frank,0.0005669214068710979,3,5,sigmoid,COMPLETE
123,0.8675,2025-10-01 09:51:48.055665,2025-10-01 09:52:10.830323,0 days 00:00:22.774658,frank,0.000588308724270286,3,5,sigmoid,COMPLETE
124,0.8408333333333333,2025-10-01 09:52:10.830771,2025-10-01 09:52:33.800436,0 days 00:00:22.969665,frank,0.00028515034956593796,3,5,sigmoid,COMPLETE
125,0.8550000000000001,2025-10-01 09:52:33.800877,2025-10-01 09:52:56.408788,0 days 00:00:22.607911,frank,0.0008149455184221138,3,3,sigmoid,COMPLETE
126,0.8808333333333334,2025-10-01 09:52:56.409277,2025-10-01 09:53:19.297195,0 days 00:00:22.887918,frank,0.0007269832501618537,3,5,sigmoid,COMPLETE
127,0.8416666666666666,2025-10-01 09:53:19.297651,2025-10-01 09:53:41.305190,0 days 00:00:22.007539,hamacher,0.0004256039210236309,3,5,sigmoid,COMPLETE
128,0.8291666666666666,2025-10-01 09:53:41.305636,2025-10-01 09:54:04.170876,0 days 00:00:22.865240,frank,0.00017506798349015596,3,5,sigmoid,COMPLETE
129,0.8408333333333333,2025-10-01 09:54:04.171343,2025-10-01 09:54:26.949756,0 days 00:00:22.778413,frank,0.00046982607797072765,5,5,sigmoid,COMPLETE
130,0.8675,2025-10-01 09:54:26.950308,2025-10-01 09:54:49.358047,0 days 00:00:22.407739,frank,0.0003252247340466525,3,3,sigmoid,COMPLETE
131,0.8675,2025-10-01 09:54:49.358513,2025-10-01 09:55:12.476631,0 days 00:00:23.118118,frank,0.0005412210468029198,3,5,sigmoid,COMPLETE
132,0.8941666666666667,2025-10-01 09:55:12.477118,2025-10-01 09:55:35.519516,0 days 00:00:23.042398,frank,0.0006070758463376457,3,5,sigmoid,COMPLETE
133,0.8808333333333334,2025-10-01 09:55:35.519998,2025-10-01 09:55:58.684978,0 days 00:00:23.164980,frank,0.0006682451831466173,3,5,sigmoid,COMPLETE
134,0.8808333333333334,2025-10-01 09:55:58.685428,2025-10-01 09:56:21.772829,0 days 00:00:23.087401,frank,0.0006118326023284315,3,5,sigmoid,COMPLETE
135,0.8941666666666668,2025-10-01 09:56:21.773311,2025-10-01 09:56:44.818965,0 days 00:00:23.045654,frank,0.0003670431755541108,3,5,sigmoid,COMPLETE
136,0.8541666666666666,2025-10-01 09:56:44.819435,2025-10-01 09:57:07.613344,0 days 00:00:22.793909,frank,0.0003669781063158416,3,5,sigmoid,COMPLETE
137,0.8808333333333334,2025-10-01 09:57:07.613897,2025-10-01 09:57:30.370835,0 days 00:00:22.756938,frank,0.0004064059711880438,3,5,sigmoid,COMPLETE
138,0.735,2025-10-01 09:57:30.371299,2025-10-01 09:57:53.235898,0 days 00:00:22.864599,frank,5.995680901292356e-05,3,5,sigmoid,COMPLETE
139,0.8541666666666666,2025-10-01 09:57:53.236354,2025-10-01 09:58:16.188295,0 days 00:00:22.951941,frank,0.00021688787854740372,3,5,sigmoid,COMPLETE
140,0.8416666666666668,2025-10-01 09:58:16.188752,2025-10-01 09:58:38.952416,0 days 00:00:22.763664,frank,0.00027803225412129855,3,5,sigmoid,COMPLETE
141,0.8808333333333334,2025-10-01 09:58:38.952838,2025-10-01 09:59:01.896228,0 days 00:00:22.943390,frank,0.0005652186218920422,3,5,sigmoid,COMPLETE
142,0.9075000000000001,2025-10-01 09:59:01.896721,2025-10-01 09:59:24.724771,0 days 00:00:22.828050,frank,0.0004767227626298111,3,5,sigmoid,COMPLETE
143,0.8683333333333334,2025-10-01 09:59:24.725218,2025-10-01 09:59:47.894951,0 days 00:00:23.169733,frank,0.00035324590863873524,3,5,sigmoid,COMPLETE
144,0.8541666666666666,2025-10-01 09:59:47.895512,2025-10-01 10:00:10.749933,0 days 00:00:22.854421,frank,0.0004649128278311701,3,5,sigmoid,COMPLETE
145,0.8416666666666666,2025-10-01 10:00:10.750431,2025-10-01 10:00:31.646989,0 days 00:00:20.896558,luka,0.0005085197352908805,3,5,sigmoid,COMPLETE
146,0.8816666666666666,2025-10-01 10:00:31.647424,2025-10-01 10:00:54.594018,0 days 00:00:22.946594,frank,0.00030570264729833194,3,5,sigmoid,COMPLETE
147,0.8416666666666666,2025-10-01 10:00:54.594496,2025-10-01 10:01:17.013426,0 days 00:00:22.418930,frank,0.0003053792577004132,3,3,sigmoid,COMPLETE
148,0.8408333333333333,2025-10-01 10:01:17.013856,2025-10-01 10:01:37.713054,0 days 00:00:20.699198,min,0.00039832208801312256,3,5,sigmoid,COMPLETE
149,0.8408333333333333,2025-10-01 10:01:37.713522,2025-10-01 10:01:59.707206,0 days 00:00:21.993684,hamacher,0.0003684071536768557,3,5,sigmoid,COMPLETE
150,0.8408333333333333,2025-10-01 10:01:59.707653,2025-10-01 10:02:22.505319,0 days 00:00:22.797666,frank,0.00033707512851050095,4,5,sigmoid,COMPLETE
151,0.8683333333333334,2025-10-01 10:02:22.505784,2025-10-01 10:02:45.362776,0 days 00:00:22.856992,frank,0.0004389557683012105,3,5,sigmoid,COMPLETE
152,0.8808333333333334,2025-10-01 10:02:45.363237,2025-10-01 10:03:08.226990,0 days 00:00:22.863753,frank,0.0007333321949043003,3,5,sigmoid,COMPLETE
153,0.8283333333333335,2025-10-01 10:03:08.227557,2025-10-01 10:03:30.973103,0 days 00:00:22.745546,frank,0.00024474216252311687,3,5,sigmoid,COMPLETE
154,0.8808333333333334,2025-10-01 10:03:30.973566,2025-10-01 10:03:53.812719,0 days 00:00:22.839153,frank,0.0006420653551679677,3,5,sigmoid,COMPLETE
155,0.8808333333333334,2025-10-01 10:03:53.813167,2025-10-01 10:04:16.656417,0 days 00:00:22.843250,frank,0.00028835690110460654,3,5,sigmoid,COMPLETE
156,0.8408333333333335,2025-10-01 10:04:16.656899,2025-10-01 10:04:41.587604,0 days 00:00:24.930705,frank,0.0005310813288948057,3,5,gaussian,COMPLETE
157,0.8675,2025-10-01 10:04:41.588075,2025-10-01 10:05:04.487891,0 days 00:00:22.899816,frank,0.0009096112512738562,3,5,sigmoid,COMPLETE
158,0.8675,2025-10-01 10:05:04.488372,2025-10-01 10:05:26.885212,0 days 00:00:22.396840,frank,0.0004890688525943434,3,3,sigmoid,COMPLETE
159,0.8941666666666667,2025-10-01 10:05:26.885753,2025-10-01 10:05:49.778979,0 days 00:00:22.893226,frank,0.0003208848925213308,3,5,sigmoid,COMPLETE
160,0.8283333333333334,2025-10-01 10:05:49.779441,2025-10-01 10:06:12.620277,0 days 00:00:22.840836,frank,0.000305918822710394,3,5,sigmoid,COMPLETE
161,0.8808333333333334,2025-10-01 10:06:12.620757,2025-10-01 10:06:35.481671,0 days 00:00:22.860914,frank,0.0003287365654627767,3,5,sigmoid,COMPLETE
162,0.8541666666666666,2025-10-01 10:06:35.482107,2025-10-01 10:06:58.389207,0 days 00:00:22.907100,frank,0.00042427309929144407,3,5,sigmoid,COMPLETE
163,0.8808333333333334,2025-10-01 10:06:58.389663,2025-10-01 10:07:21.129350,0 days 00:00:22.739687,frank,0.00026681645089314223,3,5,sigmoid,COMPLETE
164,0.8675,2025-10-01 10:07:21.129807,2025-10-01 10:07:43.979079,0 days 00:00:22.849272,frank,0.0003893560088225258,3,5,sigmoid,COMPLETE
165,0.6174999999999999,2025-10-01 10:07:43.979542,2025-10-01 10:08:04.613519,0 days 00:00:20.633977,min,1.808072564006748e-05,3,5,sigmoid,COMPLETE
166,0.8808333333333334,2025-10-01 10:08:04.614005,2025-10-01 10:08:27.350031,0 days 00:00:22.736026,frank,0.0005843769114092823,3,5,sigmoid,COMPLETE
167,0.8808333333333334,2025-10-01 10:08:27.350594,2025-10-01 10:08:50.186836,0 days 00:00:22.836242,frank,0.0007822420410184094,3,5,sigmoid,COMPLETE
168,0.8416666666666666,2025-10-01 10:08:50.187310,2025-10-01 10:09:13.179221,0 days 00:00:22.991911,frank,0.0002182828339218293,3,5,sigmoid,COMPLETE
169,0.9075,2025-10-01 10:09:13.179685,2025-10-01 10:09:35.940537,0 days 00:00:22.760852,frank,0.0006888609989546332,3,5,sigmoid,COMPLETE
170,0.8675,2025-10-01 10:09:35.940992,2025-10-01 10:09:58.550461,0 days 00:00:22.609469,frank,0.0008410332208221927,2,4,sigmoid,COMPLETE
171,0.8675,2025-10-01 10:09:58.550899,2025-10-01 10:10:21.405617,0 days 00:00:22.854718,frank,0.0006984699730490815,3,5,sigmoid,COMPLETE
172,0.8808333333333334,2025-10-01 10:10:21.406093,2025-10-01 10:10:44.275119,0 days 00:00:22.869026,frank,0.0006625786559209074,3,5,sigmoid,COMPLETE
173,0.8808333333333334,2025-10-01 10:10:44.275549,2025-10-01 10:11:07.129010,0 days 00:00:22.853461,frank,0.0005436622408651862,3,5,sigmoid,COMPLETE
174,0.8941666666666667,2025-10-01 10:11:07.129572,2025-10-01 10:11:29.966832,0 days 00:00:22.837260,frank,0.0006324655204991349,3,5,sigmoid,COMPLETE
175,0.8941666666666668,2025-10-01 10:11:29.967312,2025-10-01 10:11:52.814111,0 days 00:00:22.846799,frank,0.0006260088922439649,3,5,sigmoid,COMPLETE
176,0.8541666666666667,2025-10-01 10:11:52.814545,2025-10-01 10:12:15.918402,0 days 00:00:23.103857,frank,0.00046993367520468086,3,5,sigmoid,COMPLETE
177,0.8941666666666667,2025-10-01 10:12:15.918890,2025-10-01 10:12:36.842359,0 days 00:00:20.923469,luka,0.0006367132999758587,3,5,sigmoid,COMPLETE
178,0.8675,2025-10-01 10:12:36.842826,2025-10-01 10:12:57.749063,0 days 00:00:20.906237,luka,0.0006138055884746666,3,5,sigmoid,COMPLETE
179,0.7750000000000001,2025-10-01 10:12:59.965328,2025-10-01 10:13:20.827387,0 days 00:00:20.862059,luka,0.0006436235872425945,3,5,sigmoid,COMPLETE
180,0.30249999999999994,2025-10-01 10:13:20.827804,2025-10-01 10:13:43.505516,0 days 00:00:22.677712,luka,0.0007235303226476845,3,5,gaussian,COMPLETE
181,0.9075000000000001,2025-10-01 10:13:43.506023,2025-10-01 10:14:06.368359,0 days 00:00:22.862336,frank,0.00052195585263031,3,5,sigmoid,COMPLETE
182,0.8941666666666667,2025-10-01 10:14:06.368827,2025-10-01 10:14:29.239273,0 days 00:00:22.870446,frank,0.0005044241934882718,3,5,sigmoid,COMPLETE
183,0.7750000000000001,2025-10-01 10:14:30.077138,2025-10-01 10:14:51.353835,0 days 00:00:21.276697,luka,0.0005101064663979641,3,5,sigmoid,COMPLETE
184,0.8941666666666667,2025-10-01 10:14:51.354326,2025-10-01 10:15:12.340551,0 days 00:00:20.986225,luka,0.00047023675127667516,3,5,sigmoid,COMPLETE
185,0.7608333333333334,2025-10-01 10:15:12.340992,2025-10-01 10:15:33.236077,0 days 00:00:20.895085,luka,0.0004678677157673959,3,5,sigmoid,COMPLETE
186,0.8408333333333333,2025-10-01 10:15:33.236550,2025-10-01 10:15:54.140188,0 days 00:00:20.903638,luka,0.0005362579542203152,3,5,sigmoid,COMPLETE
187,0.8941666666666667,2025-10-01 10:15:54.140624,2025-10-01 10:16:15.052967,0 days 00:00:20.912343,luka,0.0004345490876324731,3,5,sigmoid,COMPLETE
188,0.8541666666666666,2025-10-01 10:16:15.053429,2025-10-01 10:16:36.008372,0 days 00:00:20.954943,luka,0.0005990514884434027,3,5,sigmoid,COMPLETE
189,0.8408333333333333,2025-10-01 10:16:36.008819,2025-10-01 10:16:57.998796,0 days 00:00:21.989977,hamacher,0.00048523103617544017,3,5,sigmoid,COMPLETE
190,0.8408333333333333,2025-10-01 10:16:57.999297,2025-10-01 10:17:18.589252,0 days 00:00:20.589955,min,0.0006453689140827041,3,5,sigmoid,COMPLETE
191,0.7741666666666667,2025-10-01 10:17:18.589699,2025-10-01 10:17:39.533279,0 days 00:00:20.943580,luka,0.00043134654502770546,3,5,sigmoid,COMPLETE
192,0.8541666666666666,2025-10-01 10:17:39.533746,2025-10-01 10:18:00.466123,0 days 00:00:20.932377,luka,0.0005103699630369838,3,5,sigmoid,COMPLETE
193,0.8416666666666666,2025-10-01 10:18:00.466553,2025-10-01 10:18:21.340104,0 days 00:00:20.873551,luka,0.00043735034560757666,3,5,sigmoid,COMPLETE
194,0.8541666666666666,2025-10-01 10:18:21.340571,2025-10-01 10:18:42.208430,0 days 00:00:20.867859,luka,0.0005541802431521989,3,5,sigmoid,COMPLETE
195,0.8541666666666666,2025-10-01 10:18:42.208851,2025-10-01 10:19:03.087043,0 days 00:00:20.878192,luka,0.00039304032656926533,3,5,sigmoid,COMPLETE
196,0.8550000000000001,2025-10-01 10:19:03.087491,2025-10-01 10:19:23.967621,0 days 00:00:20.880130,luka,0.000611086992216853,3,5,sigmoid,COMPLETE
197,0.9083333333333334,2025-10-01 10:19:23.968044,2025-10-01 10:19:46.705237,0 days 00:00:22.737193,frank,0.00046875811135733416,3,5,sigmoid,COMPLETE
198,0.8416666666666666,2025-10-01 10:19:46.705679,2025-10-01 10:20:09.494082,0 days 00:00:22.788403,frank,0.0007831941694588841,3,5,sigmoid,COMPLETE
199,0.8675,2025-10-01 10:20:09.494630,2025-10-01 10:20:32.281943,0 days 00:00:22.787313,frank,0.00048667714306497185,3,5,sigmoid,COMPLETE
200,0.8550000000000001,2025-10-01 10:20:32.282399,2025-10-01 10:21:00.438756,0 days 00:00:28.156357,frank,0.0005371917394492315,3,5,bell,COMPLETE
201,0.8541666666666666,2025-10-01 10:21:00.439250,2025-10-01 10:21:23.346029,0 days 00:00:22.906779,frank,0.000443901615049911,3,5,sigmoid,COMPLETE
202,0.8675,2025-10-01 10:21:23.346476,2025-10-01 10:21:46.287972,0 days 00:00:22.941496,frank,0.00039904343822966113,3,5,sigmoid,COMPLETE
203,0.8675,2025-10-01 10:21:46.288426,2025-10-01 10:22:09.226138,0 days 00:00:22.937712,frank,0.0005793974462514194,3,5,sigmoid,COMPLETE
204,0.8675,2025-10-01 10:22:09.226596,2025-10-01 10:22:32.193335,0 days 00:00:22.966739,frank,0.0004771855840276461,3,5,sigmoid,COMPLETE
205,0.8283333333333334,2025-10-01 10:22:32.193890,2025-10-01 10:22:55.087787,0 days 00:00:22.893897,frank,0.0003636179080871816,3,5,sigmoid,COMPLETE
206,0.8675,2025-10-01 10:22:55.088253,2025-10-01 10:23:15.638229,0 days 00:00:20.549976,min,0.0005369161428812291,3,5,sigmoid,COMPLETE
207,0.8675,2025-10-01 10:23:15.638662,2025-10-01 10:23:38.408707,0 days 00:00:22.770045,frank,0.0006837546740544667,3,5,sigmoid,COMPLETE
208,0.9208333333333334,2025-10-01 10:23:38.409166,2025-10-01 10:24:01.227777,0 days 00:00:22.818611,frank,0.00042549822471166145,3,5,sigmoid,COMPLETE
209,0.8808333333333334,2025-10-01 10:24:01.228210,2025-10-01 10:24:24.129396,0 days 00:00:22.901186,frank,0.0006241660813277007,3,5,sigmoid,COMPLETE
210,0.8541666666666666,2025-10-01 10:24:24.129857,2025-10-01 10:24:47.032291,0 days 00:00:22.902434,frank,0.0004996786171741697,3,5,sigmoid,COMPLETE
211,0.8675,2025-10-01 10:24:47.032730,2025-10-01 10:25:09.784693,0 days 00:00:22.751963,frank,0.00044459990440425,3,5,sigmoid,COMPLETE
212,0.8808333333333334,2025-10-01 10:25:09.785232,2025-10-01 10:25:32.682751,0 days 00:00:22.897519,frank,0.00041526196105796514,3,5,sigmoid,COMPLETE
213,0.8416666666666668,2025-10-01 10:25:32.683240,2025-10-01 10:25:55.497004,0 days 00:00:22.813764,frank,0.0003728072114117562,3,5,sigmoid,COMPLETE
214,0.8808333333333334,2025-10-01 10:25:55.497461,2025-10-01 10:26:18.385127,0 days 00:00:22.887666,frank,0.0004619682789948482,3,5,sigmoid,COMPLETE
215,0.8675,2025-10-01 10:26:18.385606,2025-10-01 10:26:41.279084,0 days 00:00:22.893478,frank,0.0005575003691435705,3,5,sigmoid,COMPLETE
216,0.8541666666666666,2025-10-01 10:26:41.279523,2025-10-01 10:27:02.130014,0 days 00:00:20.850491,luka,0.000506413893676072,3,5,sigmoid,COMPLETE
217,0.8941666666666667,2025-10-01 10:27:02.130465,2025-10-01 10:27:24.962931,0 days 00:00:22.832466,frank,0.00042332986347555545,3,5,sigmoid,COMPLETE
218,0.8283333333333335,2025-10-01 10:27:24.963372,2025-10-01 10:27:49.831122,0 days 00:00:24.867750,frank,0.0007076420310537987,3,5,gaussian,COMPLETE
219,0.8941666666666668,2025-10-01 10:27:49.831657,2025-10-01 10:28:12.557104,0 days 00:00:22.725447,frank,0.00033675691115881107,3,5,sigmoid,COMPLETE
220,0.8541666666666667,2025-10-01 10:28:12.557589,2025-10-01 10:28:40.663473,0 days 00:00:28.105884,frank,0.0003245921903990583,3,5,bell,COMPLETE
221,0.8275,2025-10-01 10:28:40.663926,2025-10-01 10:29:03.555560,0 days 00:00:22.891634,frank,0.00036641369809463283,3,5,sigmoid,COMPLETE
222,0.8675,2025-10-01 10:29:03.556031,2025-10-01 10:29:26.366103,0 days 00:00:22.810072,frank,0.0005900766127900817,3,5,sigmoid,COMPLETE
223,0.8675,2025-10-01 10:29:26.366537,2025-10-01 10:29:49.108139,0 days 00:00:22.741602,frank,0.0002880582351999974,5,5,sigmoid,COMPLETE
224,0.8408333333333333,2025-10-01 10:29:49.108635,2025-10-01 10:30:11.826710,0 days 00:00:22.718075,frank,0.0003422411419147783,3,5,sigmoid,COMPLETE
225,0.8808333333333334,2025-10-01 10:30:11.827311,2025-10-01 10:30:34.621674,0 days 00:00:22.794363,frank,0.00044891470051027123,3,5,sigmoid,COMPLETE
226,0.8150000000000001,2025-10-01 10:30:34.622142,2025-10-01 10:30:56.596376,0 days 00:00:21.974234,hamacher,0.00040269275628586153,3,5,sigmoid,COMPLETE
227,0.8416666666666666,2025-10-01 10:30:56.596850,2025-10-01 10:31:19.434819,0 days 00:00:22.837969,frank,0.00026399557003350867,3,5,sigmoid,COMPLETE
228,0.7875000000000001,2025-10-01 10:31:19.435263,2025-10-01 10:31:40.334870,0 days 00:00:20.899607,luka,0.0005113478158781012,3,5,sigmoid,COMPLETE
229,0.8816666666666666,2025-10-01 10:31:40.335342,2025-10-01 10:32:03.206255,0 days 00:00:22.870913,frank,0.000641277651374878,3,5,sigmoid,COMPLETE
230,0.8450000000000001,2025-10-01 10:32:03.206691,2025-10-01 10:32:23.670536,0 days 00:00:20.463845,min,0.0005685191396154228,3,5,sigmoid,COMPLETE
231,0.8808333333333334,2025-10-01 10:32:23.671012,2025-10-01 10:32:46.506449,0 days 00:00:22.835437,frank,0.00042302008068002226,3,5,sigmoid,COMPLETE
232,0.8675,2025-10-01 10:32:46.506908,2025-10-01 10:33:09.282297,0 days 00:00:22.775389,frank,0.000464274969710263,3,5,sigmoid,COMPLETE
233,0.8675,2025-10-01 10:33:09.282762,2025-10-01 10:33:32.034621,0 days 00:00:22.751859,frank,0.00038453317966872456,3,5,sigmoid,COMPLETE
234,0.7216666666666666,2025-10-01 10:33:32.035217,2025-10-01 10:33:54.703242,0 days 00:00:22.668025,frank,0.00010449467346331693,3,5,sigmoid,COMPLETE
235,0.8816666666666666,2025-10-01 10:33:54.703707,2025-10-01 10:34:17.694029,0 days 00:00:22.990322,frank,0.0005011626804220765,3,5,sigmoid,COMPLETE
236,0.8808333333333334,2025-10-01 10:34:17.694533,2025-10-01 10:34:40.475172,0 days 00:00:22.780639,frank,0.0004232504035912503,3,5,sigmoid,COMPLETE
237,0.8416666666666668,2025-10-01 10:34:40.475633,2025-10-01 10:35:03.318536,0 days 00:00:22.842903,frank,0.0003234511631116347,3,5,sigmoid,COMPLETE
238,0.9075000000000001,2025-10-01 10:35:03.319011,2025-10-01 10:35:26.308006,0 days 00:00:22.988995,frank,0.0007538211128500149,3,5,sigmoid,COMPLETE
239,0.8541666666666667,2025-10-01 10:35:26.308449,2025-10-01 10:35:47.184673,0 days 00:00:20.876224,luka,0.0008566561998330387,3,5,sigmoid,COMPLETE
240,0.8941666666666668,2025-10-01 10:35:47.185180,2025-10-01 10:36:10.028252,0 days 00:00:22.843072,frank,0.0007562496098638355,3,5,sigmoid,COMPLETE
241,0.8808333333333334,2025-10-01 10:36:10.028833,2025-10-01 10:36:32.979379,0 days 00:00:22.950546,frank,0.0007719270654210803,3,5,sigmoid,COMPLETE
242,0.8941666666666667,2025-10-01 10:36:32.979842,2025-10-01 10:36:55.775324,0 days 00:00:22.795482,frank,0.0007426074278758892,3,5,sigmoid,COMPLETE
243,0.8808333333333334,2025-10-01 10:36:55.775822,2025-10-01 10:37:18.616091,0 days 00:00:22.840269,frank,0.0008237392111172043,3,5,sigmoid,COMPLETE
244,0.8950000000000001,2025-10-01 10:37:18.616535,2025-10-01 10:37:41.510017,0 days 00:00:22.893482,frank,0.0006620166131681347,3,5,sigmoid,COMPLETE
245,0.8675,2025-10-01 10:37:41.510500,2025-10-01 10:38:04.223656,0 days 00:00:22.713156,frank,0.0006911811119442399,3,5,sigmoid,COMPLETE
246,0.8941666666666667,2025-10-01 10:38:04.224101,2025-10-01 10:38:27.004304,0 days 00:00:22.780203,frank,0.0009292526439088081,3,5,sigmoid,COMPLETE
247,0.8541666666666667,2025-10-01 10:38:27.004804,2025-10-01 10:38:55.144893,0 days 00:00:28.140089,frank,0.0006218281036742071,3,5,bell,COMPLETE
248,0.8941666666666667,2025-10-01 10:38:55.145474,2025-10-01 10:39:17.978905,0 days 00:00:22.833431,frank,0.000684331503071428,3,5,sigmoid,COMPLETE
249,0.8808333333333334,2025-10-01 10:39:17.979353,2025-10-01 10:39:40.828311,0 days 00:00:22.848958,frank,0.0007562174651087725,3,5,sigmoid,COMPLETE
250,0.8808333333333334,2025-10-01 10:39:40.828803,2025-10-01 10:40:03.643978,0 days 00:00:22.815175,frank,0.0006616915213875931,3,5,sigmoid,COMPLETE
251,0.8941666666666667,2025-10-01 10:40:03.644442,2025-10-01 10:40:26.361838,0 days 00:00:22.717396,frank,0.0005713485273026897,3,5,sigmoid,COMPLETE
252,0.8408333333333333,2025-10-01 10:40:26.362316,2025-10-01 10:40:49.267760,0 days 00:00:22.905444,frank,0.000811494297491618,3,5,sigmoid,COMPLETE
253,0.8541666666666666,2025-10-01 10:40:49.268238,2025-10-01 10:41:11.816844,0 days 00:00:22.548606,frank,0.0007150175910687096,3,4,sigmoid,COMPLETE
254,0.8808333333333334,2025-10-01 10:41:11.817432,2025-10-01 10:41:34.623746,0 days 00:00:22.806314,frank,0.0005950334720940631,3,5,sigmoid,COMPLETE
255,0.8541666666666667,2025-10-01 10:41:34.624244,2025-10-01 10:41:55.136383,0 days 00:00:20.512139,min,0.0005468532515697709,4,5,sigmoid,COMPLETE
256,0.8541666666666667,2025-10-01 10:41:55.136832,2025-10-01 10:42:17.722781,0 days 00:00:22.585949,prod,0.000610628161864841,3,5,gaussian,COMPLETE
257,0.655,2025-10-01 10:42:17.723258,2025-10-01 10:42:40.458139,0 days 00:00:22.734881,frank,3.358264796564109e-05,3,5,sigmoid,COMPLETE
258,0.8941666666666667,2025-10-01 10:42:40.458599,2025-10-01 10:43:03.294337,0 days 00:00:22.835738,frank,0.0008944282329758077,3,5,sigmoid,COMPLETE
259,0.8416666666666668,2025-10-01 10:43:03.294818,2025-10-01 10:43:31.524209,0 days 00:00:28.229391,frank,0.0006511389516572868,3,5,bell,COMPLETE
260,0.8816666666666666,2025-10-01 10:43:31.524788,2025-10-01 10:43:54.343091,0 days 00:00:22.818303,frank,0.0005157708382786876,3,5,sigmoid,COMPLETE
261,0.8683333333333334,2025-10-01 10:43:54.343568,2025-10-01 10:44:16.824818,0 days 00:00:22.481250,frank,0.000299553042466733,3,2,sigmoid,COMPLETE
262,0.8416666666666666,2025-10-01 10:44:16.825292,2025-10-01 10:44:39.713583,0 days 00:00:22.888291,frank,0.00024811833648041403,3,5,sigmoid,COMPLETE
263,0.8808333333333334,2025-10-01 10:44:39.714021,2025-10-01 10:45:02.532634,0 days 00:00:22.818613,frank,0.0007431860845276082,3,5,sigmoid,COMPLETE
264,0.8675,2025-10-01 10:45:02.533104,2025-10-01 10:45:25.302771,0 days 00:00:22.769667,frank,0.0001495257817957307,3,5,sigmoid,COMPLETE
265,0.8808333333333334,2025-10-01 10:45:25.303213,2025-10-01 10:45:47.264562,0 days 00:00:21.961349,hamacher,0.0005324905856132135,3,5,sigmoid,COMPLETE
266,0.8541666666666666,2025-10-01 10:45:47.265028,2025-10-01 10:46:09.969954,0 days 00:00:22.704926,frank,0.00048063283717812325,3,5,sigmoid,COMPLETE
267,0.8808333333333334,2025-10-01 10:46:09.970437,2025-10-01 10:46:32.758405,0 days 00:00:22.787968,frank,0.000616125965600063,3,5,sigmoid,COMPLETE
268,0.8675,2025-10-01 10:46:32.759013,2025-10-01 10:46:53.251280,0 days 00:00:20.492267,min,0.0006840535476619697,3,5,sigmoid,COMPLETE
269,0.8808333333333334,2025-10-01 10:46:53.251773,2025-10-01 10:47:16.155359,0 days 00:00:22.903586,frank,0.0005577821687377311,3,5,sigmoid,COMPLETE
270,0.8675,2025-10-01 10:47:16.155839,2025-10-01 10:47:38.846976,0 days 00:00:22.691137,frank,0.0008029651094211604,3,5,sigmoid,COMPLETE
271,0.8283333333333334,2025-10-01 10:47:38.847476,2025-10-01 10:48:07.057809,0 days 00:00:28.210333,frank,0.0003535878833561698,3,5,bell,COMPLETE
272,0.8550000000000001,2025-10-01 10:48:07.058295,2025-10-01 10:48:29.829667,0 days 00:00:22.771372,frank,0.00027590921316706073,3,5,sigmoid,COMPLETE
273,0.8675,2025-10-01 10:48:29.830196,2025-10-01 10:48:52.491184,0 days 00:00:22.660988,frank,0.00047679467172511716,3,5,sigmoid,COMPLETE
274,0.8941666666666667,2025-10-01 10:48:52.491789,2025-10-01 10:49:15.361121,0 days 00:00:22.869332,frank,0.0006451317100128526,3,5,sigmoid,COMPLETE
275,0.9075,2025-10-01 10:49:15.361597,2025-10-01 10:49:38.260872,0 days 00:00:22.899275,frank,0.0005833461583699179,3,5,sigmoid,COMPLETE
276,0.8541666666666667,2025-10-01 10:49:38.261381,2025-10-01 10:50:01.051286,0 days 00:00:22.789905,frank,0.0005860392969380741,4,5,sigmoid,COMPLETE
277,0.8150000000000001,2025-10-01 10:50:01.051739,2025-10-01 10:50:25.632365,0 days 00:00:24.580626,frank,0.0007649661882561229,3,4,gaussian,COMPLETE
278,0.8808333333333334,2025-10-01 10:50:25.632885,2025-10-01 10:50:48.459735,0 days 00:00:22.826850,frank,0.0007119678182875741,3,5,sigmoid,COMPLETE
279,0.8675,2025-10-01 10:50:48.460214,2025-10-01 10:51:11.198023,0 days 00:00:22.737809,frank,0.000530789191954736,3,5,sigmoid,COMPLETE
280,0.8675,2025-10-01 10:51:11.198612,2025-10-01 10:51:34.007404,0 days 00:00:22.808792,frank,0.0006307894175773857,3,5,sigmoid,COMPLETE
281,0.8408333333333333,2025-10-01 10:51:34.007906,2025-10-01 10:51:56.784408,0 days 00:00:22.776502,frank,0.000322120866247867,3,5,sigmoid,COMPLETE
282,0.8675,2025-10-01 10:51:56.784900,2025-10-01 10:52:19.488628,0 days 00:00:22.703728,frank,0.0005914166346120469,3,5,sigmoid,COMPLETE
283,0.8541666666666666,2025-10-01 10:52:19.489133,2025-10-01 10:52:40.153869,0 days 00:00:20.664736,prod,0.0005315364305009356,3,5,sigmoid,COMPLETE
284,0.6291666666666667,2025-10-01 10:52:40.154344,2025-10-01 10:53:03.044540,0 days 00:00:22.890196,frank,4.4635406599627565e-05,3,5,sigmoid,COMPLETE
285,0.8675,2025-10-01 10:53:03.045063,2025-10-01 10:53:31.362442,0 days 00:00:28.317379,frank,0.0008628622479076899,3,5,bell,COMPLETE
286,0.9075000000000001,2025-10-01 10:53:31.363056,2025-10-01 10:53:52.063832,0 days 00:00:20.700776,min,0.0007029291057885792,3,5,sigmoid,COMPLETE
287,0.8675,2025-10-01 10:53:52.064305,2025-10-01 10:54:12.715362,0 days 00:00:20.651057,min,0.0007169804748144594,3,5,sigmoid,COMPLETE
288,0.8541666666666666,2025-10-01 10:54:12.715885,2025-10-01 10:54:33.338365,0 days 00:00:20.622480,min,0.0006807963198140571,3,5,sigmoid,COMPLETE
289,0.8683333333333334,2025-10-01 10:54:33.338876,2025-10-01 10:54:53.823783,0 days 00:00:20.484907,min,0.0007728040753046898,3,5,sigmoid,COMPLETE
290,0.8683333333333334,2025-10-01 10:54:53.824289,2025-10-01 10:55:14.420739,0 days 00:00:20.596450,min,0.0006338392164683566,3,5,sigmoid,COMPLETE
291,0.8416666666666668,2025-10-01 10:55:14.421222,2025-10-01 10:55:37.208835,0 days 00:00:22.787613,frank,0.0002312625489883479,3,5,sigmoid,COMPLETE
292,0.8675,2025-10-01 10:55:37.209365,2025-10-01 10:55:57.712821,0 days 00:00:20.503456,min,0.0008671507015244052,3,5,sigmoid,COMPLETE
293,0.8541666666666666,2025-10-01 10:55:57.713267,2025-10-01 10:56:17.956677,0 days 00:00:20.243410,min,0.0006670098658943893,3,3,sigmoid,COMPLETE
294,0.8550000000000001,2025-10-01 10:56:17.957159,2025-10-01 10:56:40.742060,0 days 00:00:22.784901,frank,0.0002965480752166149,3,5,sigmoid,COMPLETE
295,0.8941666666666667,2025-10-01 10:56:40.742509,2025-10-01 10:57:02.754573,0 days 00:00:22.012064,hamacher,0.0009953472944489977,3,5,sigmoid,COMPLETE
296,0.8550000000000001,2025-10-01 10:57:02.755063,2025-10-01 10:57:31.040120,0 days 00:00:28.285057,frank,0.0005897187843496968,3,5,bell,COMPLETE
297,0.8558333333333333,2025-10-01 10:57:31.040745,2025-10-01 10:57:53.754663,0 days 00:00:22.713918,frank,0.0003480077705026256,3,5,sigmoid,COMPLETE
298,0.8808333333333334,2025-10-01 10:57:53.755147,2025-10-01 10:58:16.497905,0 days 00:00:22.742758,frank,0.0007202547525572606,3,5,sigmoid,COMPLETE
299,0.8675,2025-10-01 10:58:16.498427,2025-10-01 10:58:39.291161,0 days 00:00:22.792734,frank,0.0007938161043891052,3,5,sigmoid,COMPLETE
300,0.8141666666666667,2025-10-01 10:58:39.291621,2025-10-01 10:59:04.013700,0 days 00:00:24.722079,frank,0.00038281846158823047,3,5,gaussian,COMPLETE
301,0.8675,2025-10-01 10:59:04.014215,2025-10-01 10:59:26.739850,0 days 00:00:22.725635,frank,0.0005606622372647207,3,5,sigmoid,COMPLETE
302,0.8408333333333333,2025-10-01 10:59:26.740333,2025-10-01 10:59:47.260483,0 days 00:00:20.520150,min,0.0002624626444330992,3,5,sigmoid,COMPLETE
303,0.9075,2025-10-01 10:59:47.261002,2025-10-01 11:00:10.065398,0 days 00:00:22.804396,frank,0.0006556826166974255,3,5,sigmoid,COMPLETE
304,0.8808333333333334,2025-10-01 11:00:10.065893,2025-10-01 11:00:32.913708,0 days 00:00:22.847815,frank,0.0006872245061178194,3,5,sigmoid,COMPLETE
305,0.8941666666666668,2025-10-01 11:00:32.914338,2025-10-01 11:00:55.753984,0 days 00:00:22.839646,frank,0.0005779420837771048,3,5,sigmoid,COMPLETE
306,0.8541666666666666,2025-10-01 11:00:55.754501,2025-10-01 11:01:18.357236,0 days 00:00:22.602735,frank,0.00048806665665098706,3,5,sigmoid,COMPLETE
307,0.8541666666666666,2025-10-01 11:01:18.357710,2025-10-01 11:01:41.153445,0 days 00:00:22.795735,frank,0.0003150766175476583,4,5,sigmoid,COMPLETE
308,0.8408333333333335,2025-10-01 11:01:41.153974,2025-10-01 11:02:03.720250,0 days 00:00:22.566276,frank,0.000443919379848828,5,3,sigmoid,COMPLETE
309,0.8808333333333334,2025-10-01 11:02:03.720710,2025-10-01 11:02:26.519713,0 days 00:00:22.799003,frank,0.0005451886808098273,3,5,sigmoid,COMPLETE
310,0.8150000000000001,2025-10-01 11:02:26.520215,2025-10-01 11:02:54.702781,0 days 00:00:28.182566,frank,0.0005726550455911151,3,5,bell,COMPLETE
311,0.7216666666666666,2025-10-01 11:02:54.703426,2025-10-01 11:03:17.363298,0 days 00:00:22.659872,frank,8.748432480264247e-05,3,5,sigmoid,COMPLETE
312,0.7616666666666667,2025-10-01 11:03:17.363791,2025-10-01 11:03:40.127666,0 days 00:00:22.763875,frank,1.2838867275900518e-05,3,5,sigmoid,COMPLETE
313,0.8550000000000001,2025-10-01 11:03:40.128200,2025-10-01 11:04:02.758195,0 days 00:00:22.629995,frank,0.00018950954069250314,3,5,sigmoid,COMPLETE
314,0.8941666666666668,2025-10-01 11:04:02.758667,2025-10-01 11:04:23.404076,0 days 00:00:20.645409,prod,0.0004026090340256898,3,5,sigmoid,COMPLETE
315,0.8683333333333334,2025-10-01 11:04:23.404599,2025-10-01 11:04:44.031227,0 days 00:00:20.626628,prod,0.0003882921846781652,3,5,sigmoid,COMPLETE
316,0.8541666666666666,2025-10-01 11:04:44.031683,2025-10-01 11:05:04.699566,0 days 00:00:20.667883,prod,0.0004176925041655062,3,5,sigmoid,COMPLETE
317,0.8808333333333334,2025-10-01 11:05:04.700068,2025-10-01 11:05:25.351022,0 days 00:00:20.650954,prod,0.0004634370966696157,3,5,sigmoid,COMPLETE
318,0.8275,2025-10-01 11:05:25.351509,2025-10-01 11:05:45.736308,0 days 00:00:20.384799,min,0.0005021307186209681,3,2,sigmoid,COMPLETE
319,0.8941666666666667,2025-10-01 11:05:45.736809,2025-10-01 11:06:06.425796,0 days 00:00:20.688987,prod,0.0007536884253073856,3,5,sigmoid,COMPLETE
320,0.8541666666666667,2025-10-01 11:06:06.426295,2025-10-01 11:06:27.116929,0 days 00:00:20.690634,prod,0.0008190477289560511,3,5,sigmoid,COMPLETE
321,0.8808333333333334,2025-10-01 11:06:27.117482,2025-10-01 11:06:47.814027,0 days 00:00:20.696545,prod,0.0005978097210207465,3,5,sigmoid,COMPLETE
322,0.8408333333333333,2025-10-01 11:06:47.814522,2025-10-01 11:07:12.547785,0 days 00:00:24.733263,frank,0.0005218873095546896,3,5,gaussian,COMPLETE
323,0.8675,2025-10-01 11:07:12.548421,2025-10-01 11:07:35.386028,0 days 00:00:22.837607,frank,0.0006718008687050843,3,5,sigmoid,COMPLETE
324,0.8141666666666667,2025-10-01 11:07:35.386568,2025-10-01 11:08:03.433765,0 days 00:00:28.047197,frank,0.00012286284076741758,3,5,bell,COMPLETE
325,0.8675,2025-10-01 11:08:03.434268,2025-10-01 11:08:25.438128,0 days 00:00:22.003860,hamacher,0.00044963613533542446,4,5,sigmoid,COMPLETE
326,0.8008333333333333,2025-10-01 11:08:25.438661,2025-10-01 11:08:48.178714,0 days 00:00:22.740053,frank,6.398755395588736e-05,3,5,sigmoid,COMPLETE
327,0.8675,2025-10-01 11:08:48.179236,2025-10-01 11:09:10.876187,0 days 00:00:22.696951,frank,0.0004011665368880663,3,5,sigmoid,COMPLETE
328,0.8541666666666666,2025-10-01 11:09:10.876803,2025-10-01 11:09:33.224845,0 days 00:00:22.348042,frank,0.00035788334783450445,3,3,sigmoid,COMPLETE
329,0.8175000000000001,2025-10-01 11:09:33.225377,2025-10-01 11:09:53.689804,0 days 00:00:20.464427,min,0.0006061175827305039,3,4,sigmoid,COMPLETE
330,0.8416666666666666,2025-10-01 11:09:53.690285,2025-10-01 11:10:16.540049,0 days 00:00:22.849764,frank,0.0007122315191262948,3,5,sigmoid,COMPLETE
331,0.8675,2025-10-01 11:10:16.540562,2025-10-01 11:10:39.327340,0 days 00:00:22.786778,frank,0.0008949440599563318,3,5,sigmoid,COMPLETE
332,0.8941666666666668,2025-10-01 11:10:39.327839,2025-10-01 11:11:02.098482,0 days 00:00:22.770643,frank,0.0005418825822419082,3,5,sigmoid,COMPLETE
333,0.8808333333333334,2025-10-01 11:11:02.098995,2025-10-01 11:11:25.105710,0 days 00:00:23.006715,frank,0.0005260429844864287,3,5,sigmoid,COMPLETE
334,0.8541666666666666,2025-10-01 11:11:25.106227,2025-10-01 11:11:45.768890,0 days 00:00:20.662663,prod,0.0004815822912946129,3,5,sigmoid,COMPLETE
335,0.8675,2025-10-01 11:11:45.769429,2025-10-01 11:12:08.477397,0 days 00:00:22.707968,frank,0.00043755290818738626,3,5,sigmoid,COMPLETE
336,0.8408333333333333,2025-10-01 11:12:08.477899,2025-10-01 11:12:36.709665,0 days 00:00:28.231766,frank,0.0005602752892739026,3,5,bell,COMPLETE
337,0.8816666666666666,2025-10-01 11:12:36.710308,2025-10-01 11:12:59.587593,0 days 00:00:22.877285,frank,0.0003986917208852394,3,5,sigmoid,COMPLETE
338,0.8808333333333334,2025-10-01 11:12:59.588122,2025-10-01 11:13:22.321674,0 days 00:00:22.733552,frank,0.0006461094514961335,3,5,sigmoid,COMPLETE
339,0.8675,2025-10-01 11:13:22.322154,2025-10-01 11:13:42.916557,0 days 00:00:20.594403,min,0.000465377219332283,3,5,sigmoid,COMPLETE
340,0.8416666666666668,2025-10-01 11:13:42.917114,2025-10-01 11:14:05.787889,0 days 00:00:22.870775,frank,0.0005059955869414619,3,5,sigmoid,COMPLETE
341,0.8941666666666667,2025-10-01 11:14:05.788405,2025-10-01 11:14:28.517528,0 days 00:00:22.729123,frank,0.000745303946393986,3,5,sigmoid,COMPLETE
342,0.8275,2025-10-01 11:14:28.518080,2025-10-01 11:14:51.391843,0 days 00:00:22.873763,frank,0.0005668870747790246,3,5,sigmoid,COMPLETE
343,0.8941666666666668,2025-10-01 11:14:51.392473,2025-10-01 11:15:14.346576,0 days 00:00:22.954103,frank,0.0003487073608096822,3,5,sigmoid,COMPLETE
344,0.9075000000000001,2025-10-01 11:15:14.347066,2025-10-01 11:15:37.082472,0 days 00:00:22.735406,frank,0.0003427848988741328,3,5,sigmoid,COMPLETE
345,0.8550000000000001,2025-10-01 11:15:37.083008,2025-10-01 11:15:59.872708,0 days 00:00:22.789700,frank,0.0003448296217324363,3,5,sigmoid,COMPLETE
346,0.8675,2025-10-01 11:15:59.873203,2025-10-01 11:16:22.837115,0 days 00:00:22.963912,frank,0.0002857210393372545,4,5,sigmoid,COMPLETE
347,0.8408333333333333,2025-10-01 11:16:22.837668,2025-10-01 11:16:45.434025,0 days 00:00:22.596357,frank,0.0003710393288029948,3,5,sigmoid,COMPLETE
348,0.8275,2025-10-01 11:16:45.434488,2025-10-01 11:17:07.466849,0 days 00:00:22.032361,min,0.00033256697984017017,3,5,gaussian,COMPLETE
349,0.8675,2025-10-01 11:17:07.467371,2025-10-01 11:17:30.269828,0 days 00:00:22.802457,frank,0.00029175258510558263,3,5,sigmoid,COMPLETE
350,0.8683333333333334,2025-10-01 11:17:30.270352,2025-10-01 11:17:52.949162,0 days 00:00:22.678810,frank,0.00035811345180526336,3,5,sigmoid,COMPLETE
351,0.8283333333333334,2025-10-01 11:17:52.949780,2025-10-01 11:18:18.916522,0 days 00:00:25.966742,prod,0.00033527358786962573,5,5,bell,COMPLETE
352,0.8550000000000001,2025-10-01 11:18:18.917062,2025-10-01 11:18:41.758048,0 days 00:00:22.840986,frank,0.0003117373143466055,3,5,sigmoid,COMPLETE
353,0.8416666666666666,2025-10-01 11:18:41.758570,2025-10-01 11:19:03.712563,0 days 00:00:21.953993,hamacher,0.000396573236038793,3,5,sigmoid,COMPLETE
354,0.8675,2025-10-01 11:19:03.713088,2025-10-01 11:19:26.444474,0 days 00:00:22.731386,frank,0.0008253367901014712,3,5,sigmoid,COMPLETE
355,0.8675,2025-10-01 11:19:26.444963,2025-10-01 11:19:48.817557,0 days 00:00:22.372594,frank,0.0002453478057519989,3,3,sigmoid,COMPLETE
356,0.8675,2025-10-01 11:19:48.818101,2025-10-01 11:20:11.627902,0 days 00:00:22.809801,frank,0.0003873573472061485,3,5,sigmoid,COMPLETE
357,0.5883333333333333,2025-10-01 11:20:11.628540,2025-10-01 11:20:34.304641,0 days 00:00:22.676101,frank,2.061688204610606e-05,3,5,sigmoid,COMPLETE
358,0.8541666666666666,2025-10-01 11:20:34.305134,2025-10-01 11:20:57.081081,0 days 00:00:22.775947,frank,0.000351333471606378,3,5,sigmoid,COMPLETE
359,0.8141666666666666,2025-10-01 11:20:57.081610,2025-10-01 11:21:17.583698,0 days 00:00:20.502088,min,0.0003053082550382651,3,5,sigmoid,COMPLETE
360,0.8808333333333334,2025-10-01 11:21:17.584195,2025-10-01 11:21:40.479660,0 days 00:00:22.895465,frank,0.0006722158901432015,3,5,sigmoid,COMPLETE
361,0.8550000000000001,2025-10-01 11:21:40.480214,2025-10-01 11:22:03.261759,0 days 00:00:22.781545,frank,0.00041878410866472854,3,5,sigmoid,COMPLETE
362,0.8016666666666667,2025-10-01 11:22:03.262258,2025-10-01 11:22:31.232472,0 days 00:00:27.970214,frank,0.00027459937271347016,3,5,bell,COMPLETE
363,0.8425,2025-10-01 11:22:31.233099,2025-10-01 11:22:53.951511,0 days 00:00:22.718412,frank,0.0002204699771253407,3,5,sigmoid,COMPLETE
364,0.8808333333333334,2025-10-01 11:22:53.952065,2025-10-01 11:23:16.727579,0 days 00:00:22.775514,frank,0.0009459820940653034,3,5,sigmoid,COMPLETE
365,0.8808333333333334,2025-10-01 11:23:16.728082,2025-10-01 11:23:37.384408,0 days 00:00:20.656326,prod,0.0007691926925267304,3,5,sigmoid,COMPLETE
366,0.8408333333333333,2025-10-01 11:23:37.384960,2025-10-01 11:24:00.148753,0 days 00:00:22.763793,frank,0.0007011273511865,4,5,sigmoid,COMPLETE
367,0.8283333333333334,2025-10-01 11:24:00.149240,2025-10-01 11:24:22.698049,0 days 00:00:22.548809,frank,0.00032991736898071593,3,4,sigmoid,COMPLETE
368,0.8408333333333333,2025-10-01 11:24:22.698592,2025-10-01 11:24:45.551126,0 days 00:00:22.852534,frank,0.0003698033812048469,3,5,sigmoid,COMPLETE
369,0.8550000000000001,2025-10-01 11:24:45.551645,2025-10-01 11:25:07.648935,0 days 00:00:22.097290,min,0.0006356926614719799,3,5,gaussian,COMPLETE
370,0.8416666666666668,2025-10-01 11:25:07.649487,2025-10-01 11:25:30.343716,0 days 00:00:22.694229,frank,0.000442895155800556,3,5,sigmoid,COMPLETE
371,0.8941666666666667,2025-10-01 11:25:30.344255,2025-10-01 11:25:53.188459,0 days 00:00:22.844204,frank,0.0008744415046515217,3,5,sigmoid,COMPLETE
372,0.8541666666666667,2025-10-01 11:25:53.189123,2025-10-01 11:26:15.964001,0 days 00:00:22.774878,frank,0.0007365827265939267,3,5,sigmoid,COMPLETE
373,0.8541666666666667,2025-10-01 11:26:15.964552,2025-10-01 11:26:38.625037,0 days 00:00:22.660485,frank,0.00026424620380518366,3,5,sigmoid,COMPLETE
374,0.8825000000000001,2025-10-01 11:26:38.625536,2025-10-01 11:27:01.411546,0 days 00:00:22.786010,frank,0.0006006378539242451,3,5,sigmoid,COMPLETE
375,0.8141666666666667,2025-10-01 11:27:01.412121,2025-10-01 11:27:29.598188,0 days 00:00:28.186067,frank,0.0004077511934836951,3,5,bell,COMPLETE
376,0.8675,2025-10-01 11:27:29.598735,2025-10-01 11:27:49.860508,0 days 00:00:20.261773,min,0.0008308862813303863,3,3,sigmoid,COMPLETE
377,0.8941666666666667,2025-10-01 11:27:49.861088,2025-10-01 11:28:12.673455,0 days 00:00:22.812367,frank,0.0006532860584100757,3,5,sigmoid,COMPLETE
378,0.8550000000000001,2025-10-01 11:28:12.674116,2025-10-01 11:28:34.622156,0 days 00:00:21.948040,hamacher,0.0005555170126833931,3,5,sigmoid,COMPLETE
379,0.8808333333333334,2025-10-01 11:28:34.622633,2025-10-01 11:28:55.289112,0 days 00:00:20.666479,prod,0.0004753803240274543,3,5,sigmoid,COMPLETE
380,0.8408333333333335,2025-10-01 11:28:55.289653,2025-10-01 11:29:17.753051,0 days 00:00:22.463398,frank,0.00030787236076009795,3,2,sigmoid,COMPLETE
381,0.8808333333333334,2025-10-01 11:29:17.753529,2025-10-01 11:29:40.539498,0 days 00:00:22.785969,frank,0.0003780071378241103,3,5,sigmoid,COMPLETE
382,0.8808333333333334,2025-10-01 11:29:40.540044,2025-10-01 11:30:03.323541,0 days 00:00:22.783497,frank,0.0007843814410693797,3,5,sigmoid,COMPLETE
383,0.8683333333333334,2025-10-01 11:30:03.324042,2025-10-01 11:30:26.051610,0 days 00:00:22.727568,frank,0.0004254127477480784,3,5,sigmoid,COMPLETE
384,0.8941666666666667,2025-10-01 11:30:26.052148,2025-10-01 11:30:48.786390,0 days 00:00:22.734242,frank,0.0006029532187584356,3,5,sigmoid,COMPLETE
385,0.8675,2025-10-01 11:30:48.786927,2025-10-01 11:31:11.567225,0 days 00:00:22.780298,frank,0.0006784202029718121,3,5,sigmoid,COMPLETE
386,0.8008333333333333,2025-10-01 11:31:11.567878,2025-10-01 11:31:32.046199,0 days 00:00:20.478321,min,0.0005376201254079966,3,5,sigmoid,COMPLETE
387,0.8408333333333333,2025-10-01 11:31:32.046731,2025-10-01 11:32:00.229642,0 days 00:00:28.182911,frank,0.00034866776176142546,3,5,bell,COMPLETE
388,0.8541666666666666,2025-10-01 11:32:00.230178,2025-10-01 11:32:23.113169,0 days 00:00:22.882991,frank,0.0004874831918302683,3,5,sigmoid,COMPLETE
389,0.8675,2025-10-01 11:32:23.113741,2025-10-01 11:32:45.834592,0 days 00:00:22.720851,frank,0.0002837721383476554,3,5,sigmoid,COMPLETE
390,0.8675,2025-10-01 11:32:45.835145,2025-10-01 11:33:08.615261,0 days 00:00:22.780116,frank,0.000715537536690045,3,5,sigmoid,COMPLETE
391,0.8808333333333334,2025-10-01 11:33:08.615797,2025-10-01 11:33:31.437639,0 days 00:00:22.821842,frank,0.0006147708368609671,4,5,sigmoid,COMPLETE
392,0.8550000000000001,2025-10-01 11:33:31.438293,2025-10-01 11:33:53.786961,0 days 00:00:22.348668,frank,0.0005550943669673418,3,3,sigmoid,COMPLETE
393,0.8683333333333334,2025-10-01 11:33:53.787471,2025-10-01 11:34:14.452649,0 days 00:00:20.665178,prod,0.0003784084321308991,3,5,sigmoid,COMPLETE
394,0.8683333333333334,2025-10-01 11:34:14.453192,2025-10-01 11:34:37.278469,0 days 00:00:22.825277,frank,0.000448284353069297,3,5,sigmoid,COMPLETE
395,0.8541666666666666,2025-10-01 11:34:37.278985,2025-10-01 11:35:01.982236,0 days 00:00:24.703251,frank,0.0003282021130172312,3,5,gaussian,COMPLETE
396,0.8675,2025-10-01 11:35:01.982807,2025-10-01 11:35:22.468637,0 days 00:00:20.485830,min,0.0007502671827267085,3,5,sigmoid,COMPLETE
397,0.8550000000000001,2025-10-01 11:35:22.469153,2025-10-01 11:35:45.291483,0 days 00:00:22.822330,frank,0.0005227442033989995,3,5,sigmoid,COMPLETE
398,0.8675,2025-10-01 11:35:45.292057,2025-10-01 11:36:08.146215,0 days 00:00:22.854158,frank,0.0002063880018999419,3,5,sigmoid,COMPLETE
399,0.8941666666666668,2025-10-01 11:36:08.146742,2025-10-01 11:36:30.711267,0 days 00:00:22.564525,frank,0.0006589646553474337,3,4,sigmoid,COMPLETE
400,0.8275,2025-10-01 11:36:30.711845,2025-10-01 11:36:58.437867,0 days 00:00:27.726022,frank,0.0006462856807250895,3,3,bell,COMPLETE
401,0.8808333333333334,2025-10-01 11:36:58.438532,2025-10-01 11:37:20.972253,0 days 00:00:22.533721,frank,0.0008022432548573032,3,4,sigmoid,COMPLETE
402,0.8541666666666666,2025-10-01 11:37:20.972736,2025-10-01 11:37:43.518819,0 days 00:00:22.546083,frank,0.0006697935523372144,3,4,sigmoid,COMPLETE
403,0.8675,2025-10-01 11:37:43.519391,2025-10-01 11:38:05.434291,0 days 00:00:21.914900,hamacher,0.0009036387009732051,3,4,sigmoid,COMPLETE
404,0.8808333333333334,2025-10-01 11:38:05.434800,2025-10-01 11:38:28.210664,0 days 00:00:22.775864,frank,0.0007228510454442851,3,5,sigmoid,COMPLETE
405,0.8941666666666668,2025-10-01 11:38:28.211249,2025-10-01 11:38:50.739937,0 days 00:00:22.528688,frank,0.0005993125036197285,3,4,sigmoid,COMPLETE
406,0.8416666666666666,2025-10-01 11:38:50.740453,2025-10-01 11:39:11.237918,0 days 00:00:20.497465,min,0.0005930132734130016,3,4,sigmoid,COMPLETE
407,0.8683333333333334,2025-10-01 11:39:11.238495,2025-10-01 11:39:31.843475,0 days 00:00:20.604980,prod,0.0006801929252497972,3,4,sigmoid,COMPLETE
408,0.8550000000000001,2025-10-01 11:39:31.844106,2025-10-01 11:39:54.362243,0 days 00:00:22.518137,frank,0.0008090674765404571,3,4,sigmoid,COMPLETE
409,0.8675,2025-10-01 11:39:54.362758,2025-10-01 11:40:16.896730,0 days 00:00:22.533972,frank,0.000625846843519554,3,4,sigmoid,COMPLETE
410,0.8683333333333334,2025-10-01 11:40:16.897271,2025-10-01 11:40:39.420146,0 days 00:00:22.522875,frank,0.00024340903387185228,3,4,sigmoid,COMPLETE
411,0.8275,2025-10-01 11:40:39.420643,2025-10-01 11:41:01.954759,0 days 00:00:22.534116,frank,0.00016587597449686795,3,4,sigmoid,COMPLETE
412,0.8808333333333334,2025-10-01 11:41:01.955324,2025-10-01 11:41:24.506013,0 days 00:00:22.550689,frank,0.0007411443405217142,3,4,sigmoid,COMPLETE
413,0.8150000000000001,2025-10-01 11:41:24.506545,2025-10-01 11:41:52.200576,0 days 00:00:27.694031,frank,0.00030318341980074094,3,3,bell,COMPLETE
414,0.8541666666666666,2025-10-01 11:41:52.201245,2025-10-01 11:42:14.913755,0 days 00:00:22.712510,frank,0.000584005102130989,4,5,sigmoid,COMPLETE
415,0.8550000000000001,2025-10-01 11:42:14.914335,2025-10-01 11:42:36.956942,0 days 00:00:22.042607,min,0.0006545408206781771,3,5,gaussian,COMPLETE
416,0.8016666666666665,2025-10-01 11:42:36.957628,2025-10-01 11:42:59.437254,0 days 00:00:22.479626,frank,0.00035840798090152454,2,4,sigmoid,COMPLETE
417,0.8283333333333334,2025-10-01 11:42:59.437806,2025-10-01 11:43:22.204932,0 days 00:00:22.767126,frank,0.00026464054516425723,3,5,sigmoid,COMPLETE
418,0.8675,2025-10-01 11:43:22.205417,2025-10-01 11:43:45.041050,0 days 00:00:22.835633,frank,0.0007126397978949618,3,5,sigmoid,COMPLETE
419,0.8283333333333334,2025-10-01 11:43:45.041578,2025-10-01 11:44:07.367456,0 days 00:00:22.325878,frank,0.00032928157621907165,3,3,sigmoid,COMPLETE
420,0.8675,2025-10-01 11:44:07.367959,2025-10-01 11:44:28.016791,0 days 00:00:20.648832,prod,0.0007874889507344245,3,5,sigmoid,COMPLETE
421,0.8683333333333334,2025-10-01 11:44:28.017360,2025-10-01 11:44:50.897545,0 days 00:00:22.880185,frank,0.00039252082628867625,3,5,sigmoid,COMPLETE
422,0.8808333333333334,2025-10-01 11:44:50.898078,2025-10-01 11:45:13.645944,0 days 00:00:22.747866,frank,0.0006215464849818686,3,5,sigmoid,COMPLETE
423,0.8675,2025-10-01 11:45:13.646625,2025-10-01 11:45:36.466763,0 days 00:00:22.820138,frank,0.0005611158493305955,3,5,sigmoid,COMPLETE
424,0.8675,2025-10-01 11:45:36.467337,2025-10-01 11:45:59.275253,0 days 00:00:22.807916,frank,0.0008746213223726624,3,5,sigmoid,COMPLETE
425,0.8941666666666668,2025-10-01 11:45:59.275914,2025-10-01 11:46:19.813307,0 days 00:00:20.537393,min,0.0004232547309763394,3,5,sigmoid,COMPLETE
426,0.5025,2025-10-01 11:46:19.813890,2025-10-01 11:46:42.543879,0 days 00:00:22.729989,frank,2.9624952838165502e-05,3,5,sigmoid,COMPLETE
427,0.8283333333333334,2025-10-01 11:46:42.544381,2025-10-01 11:47:03.026394,0 days 00:00:20.482013,min,0.0004136667304774581,3,5,sigmoid,COMPLETE
428,0.7116666666666667,2025-10-01 11:47:03.026946,2025-10-01 11:47:25.740255,0 days 00:00:22.713309,frank,5.14365266503128e-05,3,5,sigmoid,COMPLETE
429,0.8550000000000001,2025-10-01 11:47:25.740771,2025-10-01 11:47:48.539057,0 days 00:00:22.798286,frank,0.00044700934169768263,3,5,sigmoid,COMPLETE
430,0.8808333333333334,2025-10-01 11:47:48.539659,2025-10-01 11:48:10.495428,0 days 00:00:21.955769,hamacher,0.0004920244861819458,3,5,sigmoid,COMPLETE
431,0.8808333333333334,2025-10-01 11:48:10.495937,2025-10-01 11:48:33.142628,0 days 00:00:22.646691,frank,0.0003906894472305363,3,5,sigmoid,COMPLETE
432,0.8275,2025-10-01 11:48:33.143293,2025-10-01 11:48:55.938689,0 days 00:00:22.795396,frank,0.0003569172985756589,3,5,sigmoid,COMPLETE
433,0.8675,2025-10-01 11:48:55.939299,2025-10-01 11:49:18.639561,0 days 00:00:22.700262,frank,0.00042222714659606077,3,5,sigmoid,COMPLETE
434,0.8808333333333334,2025-10-01 11:49:18.640065,2025-10-01 11:49:41.388485,0 days 00:00:22.748420,frank,0.0005221507713269166,3,5,sigmoid,COMPLETE
435,0.8541666666666666,2025-10-01 11:49:41.389041,2025-10-01 11:50:02.034579,0 days 00:00:20.645538,prod,0.000481088044332197,3,5,sigmoid,COMPLETE
436,0.8408333333333333,2025-10-01 11:50:02.035087,2025-10-01 11:50:24.893038,0 days 00:00:22.857951,frank,0.00031808459936986293,3,5,sigmoid,COMPLETE
437,0.8283333333333334,2025-10-01 11:50:24.893612,2025-10-01 11:50:45.371689,0 days 00:00:20.478077,min,0.0002827059249928706,3,5,sigmoid,COMPLETE
438,0.8941666666666667,2025-10-01 11:50:45.372178,2025-10-01 11:51:08.033483,0 days 00:00:22.661305,frank,0.0003632056448216386,3,5,sigmoid,COMPLETE
439,0.8683333333333334,2025-10-01 11:51:08.034054,2025-10-01 11:51:30.900558,0 days 00:00:22.866504,frank,0.00044661383970556566,3,5,sigmoid,COMPLETE
440,0.9075000000000001,2025-10-01 11:51:30.901112,2025-10-01 11:51:53.686276,0 days 00:00:22.785164,frank,0.0005861777644994016,3,5,sigmoid,COMPLETE
441,0.8816666666666666,2025-10-01 11:51:53.686964,2025-10-01 11:52:16.444551,0 days 00:00:22.757587,frank,0.000584013706426196,3,5,sigmoid,COMPLETE
442,0.8675,2025-10-01 11:52:16.445122,2025-10-01 11:52:39.212969,0 days 00:00:22.767847,frank,0.0006423494036201452,3,5,sigmoid,COMPLETE
443,0.8541666666666666,2025-10-01 11:52:39.213451,2025-10-01 11:53:02.081351,0 days 00:00:22.867900,frank,0.0005610806319066033,3,5,sigmoid,COMPLETE
444,0.8283333333333335,2025-10-01 11:53:02.081923,2025-10-01 11:53:26.740615,0 days 00:00:24.658692,frank,0.000621865149601539,3,5,gaussian,COMPLETE
445,0.8683333333333334,2025-10-01 11:53:26.741111,2025-10-01 11:53:49.504204,0 days 00:00:22.763093,frank,0.0005227311000518541,3,5,sigmoid,COMPLETE
446,0.8941666666666667,2025-10-01 11:53:49.504807,2025-10-01 11:54:12.355618,0 days 00:00:22.850811,frank,0.0006870989137088317,3,5,sigmoid,COMPLETE
447,0.8541666666666666,2025-10-01 11:54:12.356301,2025-10-01 11:54:35.203868,0 days 00:00:22.847567,frank,0.0005754520668840221,3,5,sigmoid,COMPLETE
448,0.8675,2025-10-01 11:54:35.204354,2025-10-01 11:54:58.016325,0 days 00:00:22.811971,frank,0.0006405134377452582,3,5,sigmoid,COMPLETE
449,0.9075000000000001,2025-10-01 11:54:58.016904,2025-10-01 11:55:20.833274,0 days 00:00:22.816370,frank,0.00052242208635646,3,5,sigmoid,COMPLETE
450,0.8808333333333334,2025-10-01 11:55:20.833795,2025-10-01 11:55:43.586116,0 days 00:00:22.752321,frank,0.0005168794734797222,3,5,sigmoid,COMPLETE
451,0.8541666666666666,2025-10-01 11:55:43.586684,2025-10-01 11:56:06.297301,0 days 00:00:22.710617,frank,0.00047443081534501104,3,5,sigmoid,COMPLETE
452,0.8808333333333334,2025-10-01 11:56:06.297805,2025-10-01 11:56:29.216773,0 days 00:00:22.918968,frank,0.0005428193136926123,3,5,sigmoid,COMPLETE
453,0.8683333333333334,2025-10-01 11:56:29.217371,2025-10-01 11:56:51.828369,0 days 00:00:22.610998,frank,0.00029960994781862024,3,5,sigmoid,COMPLETE
454,0.8941666666666667,2025-10-01 11:56:51.828878,2025-10-01 11:57:14.628611,0 days 00:00:22.799733,frank,0.000712065240632346,3,5,sigmoid,COMPLETE
455,0.8941666666666667,2025-10-01 11:57:14.629200,2025-10-01 11:57:37.383765,0 days 00:00:22.754565,frank,0.00048691510383927267,3,5,sigmoid,COMPLETE
456,0.7483333333333333,2025-10-01 11:57:37.384348,2025-10-01 11:58:00.042176,0 days 00:00:22.657828,frank,0.00011603563701936023,3,5,sigmoid,COMPLETE
457,0.7741666666666667,2025-10-01 11:58:00.042739,2025-10-01 11:58:22.677582,0 days 00:00:22.634843,frank,7.451599229787316e-05,3,5,sigmoid,COMPLETE
458,0.8541666666666666,2025-10-01 11:58:22.678150,2025-10-01 11:58:43.338336,0 days 00:00:20.660186,prod,0.0005435257174436337,3,5,sigmoid,COMPLETE
459,0.8408333333333333,2025-10-01 11:58:43.338864,2025-10-01 11:59:06.055413,0 days 00:00:22.716549,frank,0.00034197682743120945,3,5,sigmoid,COMPLETE
460,0.8675,2025-10-01 11:59:06.056010,2025-10-01 11:59:28.910504,0 days 00:00:22.854494,frank,0.0006638349454206206,3,5,sigmoid,COMPLETE
461,0.8675,2025-10-01 11:59:28.911049,2025-10-01 11:59:51.679159,0 days 00:00:22.768110,frank,0.000266439715803323,3,5,sigmoid,COMPLETE
462,0.8683333333333334,2025-10-01 11:59:51.679740,2025-10-01 12:00:13.625047,0 days 00:00:21.945307,hamacher,0.00023220834924458174,3,5,sigmoid,COMPLETE
463,0.8675,2025-10-01 12:00:13.625730,2025-10-01 12:00:36.390812,0 days 00:00:22.765082,frank,0.0003899342071507061,3,5,sigmoid,COMPLETE
464,0.8808333333333334,2025-10-01 12:00:36.391320,2025-10-01 12:00:59.101707,0 days 00:00:22.710387,frank,0.0005764575614551992,3,5,sigmoid,COMPLETE
465,0.8550000000000001,2025-10-01 12:00:59.102303,2025-10-01 12:01:23.750847,0 days 00:00:24.648544,frank,0.0004536436154950867,3,5,gaussian,COMPLETE
466,0.8808333333333334,2025-10-01 12:01:23.751364,2025-10-01 12:01:46.526493,0 days 00:00:22.775129,frank,0.0007147881932411854,3,5,sigmoid,COMPLETE
467,0.8808333333333334,2025-10-01 12:01:46.527107,2025-10-01 12:02:09.394041,0 days 00:00:22.866934,frank,0.00032384359997503784,3,5,sigmoid,COMPLETE
468,0.8675,2025-10-01 12:02:09.394588,2025-10-01 12:02:30.063206,0 days 00:00:20.668618,prod,0.0005064188873172623,3,5,sigmoid,COMPLETE
469,0.8941666666666667,2025-10-01 12:02:30.063796,2025-10-01 12:02:52.908364,0 days 00:00:22.844568,frank,0.0006011145355112845,3,5,sigmoid,COMPLETE
470,0.5508333333333334,2025-10-01 12:02:52.909074,2025-10-01 12:03:15.610342,0 days 00:00:22.701268,frank,1.0723137101977087e-05,3,5,sigmoid,COMPLETE
471,0.8675,2025-10-01 12:03:15.610893,2025-10-01 12:03:38.462875,0 days 00:00:22.851982,frank,0.00041564940496998244,3,5,sigmoid,COMPLETE
472,0.8416666666666668,2025-10-01 12:03:38.463448,2025-10-01 12:04:01.238585,0 days 00:00:22.775137,frank,0.0003713294364720532,3,5,sigmoid,COMPLETE
473,0.8675,2025-10-01 12:04:01.239116,2025-10-01 12:04:23.973802,0 days 00:00:22.734686,frank,0.0007450817962248557,3,5,sigmoid,COMPLETE
474,0.8808333333333334,2025-10-01 12:04:23.974567,2025-10-01 12:04:46.699841,0 days 00:00:22.725274,frank,0.0006613782824033571,3,5,sigmoid,COMPLETE
475,0.8675,2025-10-01 12:04:46.700373,2025-10-01 12:05:09.503432,0 days 00:00:22.803059,frank,0.0002906893310917556,3,5,sigmoid,COMPLETE
476,0.8275,2025-10-01 12:05:09.504040,2025-10-01 12:05:32.231275,0 days 00:00:22.727235,frank,0.00014910057744533037,3,5,sigmoid,COMPLETE
477,0.8941666666666667,2025-10-01 12:05:32.231955,2025-10-01 12:05:54.952189,0 days 00:00:22.720234,frank,0.0004992030295798877,3,5,sigmoid,COMPLETE
478,0.8675,2025-10-01 12:05:54.952742,2025-10-01 12:06:17.818937,0 days 00:00:22.866195,frank,0.0005489750859974731,3,5,sigmoid,COMPLETE
479,0.8675,2025-10-01 12:06:17.819567,2025-10-01 12:06:40.607406,0 days 00:00:22.787839,frank,0.0004482689637963807,3,5,sigmoid,COMPLETE
480,0.8675,2025-10-01 12:06:40.607921,2025-10-01 12:07:03.353741,0 days 00:00:22.745820,frank,0.0006197215544848822,3,5,sigmoid,COMPLETE
481,0.8683333333333334,2025-10-01 12:07:03.354350,2025-10-01 12:07:23.987248,0 days 00:00:20.632898,prod,0.00033369749696188754,3,5,sigmoid,COMPLETE
482,0.8808333333333334,2025-10-01 12:07:23.987763,2025-10-01 12:07:46.962746,0 days 00:00:22.974983,frank,0.0007573858781877485,3,5,sigmoid,COMPLETE
483,0.8808333333333334,2025-10-01 12:07:46.963386,2025-10-01 12:08:09.802499,0 days 00:00:22.839113,frank,0.0005315021759940076,3,5,sigmoid,COMPLETE
484,0.8550000000000001,2025-10-01 12:08:09.803053,2025-10-01 12:08:32.529249,0 days 00:00:22.726196,frank,0.0006850250095031847,3,5,sigmoid,COMPLETE
485,0.8941666666666667,2025-10-01 12:08:32.529920,2025-10-01 12:08:54.482666,0 days 00:00:21.952746,hamacher,0.0005831117721837105,3,5,sigmoid,COMPLETE
486,0.8283333333333334,2025-10-01 12:08:54.483241,2025-10-01 12:09:19.418768,0 days 00:00:24.935527,frank,0.00046774907017957314,3,5,gaussian,COMPLETE
487,0.8550000000000001,2025-10-01 12:09:19.419333,2025-10-01 12:09:42.173534,0 days 00:00:22.754201,frank,0.0008154642020621109,2,5,sigmoid,COMPLETE
488,0.6183333333333334,2025-10-01 12:09:42.174161,2025-10-01 12:10:05.028844,0 days 00:00:22.854683,frank,1.6634191208844406e-05,3,5,sigmoid,COMPLETE
489,0.8675,2025-10-01 12:10:05.029394,2025-10-01 12:10:27.893832,0 days 00:00:22.864438,frank,0.00036802515890046,3,5,sigmoid,COMPLETE
490,0.8683333333333334,2025-10-01 12:10:27.894449,2025-10-01 12:10:50.559391,0 days 00:00:22.664942,frank,0.0003010492879880621,3,5,sigmoid,COMPLETE
491,0.8550000000000001,2025-10-01 12:10:50.559941,2025-10-01 12:11:13.429283,0 days 00:00:22.869342,frank,0.0004048770026273701,3,5,sigmoid,COMPLETE
492,0.8683333333333334,2025-10-01 12:11:13.429995,2025-10-01 12:11:36.108826,0 days 00:00:22.678831,frank,0.00024960735390998633,3,5,sigmoid,COMPLETE
493,0.9075000000000001,2025-10-01 12:11:36.109436,2025-10-01 12:11:58.921460,0 days 00:00:22.812024,frank,0.0006549468589994467,3,5,sigmoid,COMPLETE
494,0.8541666666666666,2025-10-01 12:11:58.921999,2025-10-01 12:12:21.716189,0 days 00:00:22.794190,frank,0.0005086734326045426,3,5,sigmoid,COMPLETE
495,0.9208333333333334,2025-10-01 12:12:21.716811,2025-10-01 12:12:42.377825,0 days 00:00:20.661014,prod,0.0006050744826804126,3,5,sigmoid,COMPLETE
496,0.8941666666666667,2025-10-01 12:12:42.378358,2025-10-01 12:13:02.996443,0 days 00:00:20.618085,prod,0.0005777918426565706,3,5,sigmoid,COMPLETE
497,0.8541666666666667,2025-10-01 12:13:02.997025,2025-10-01 12:13:23.616753,0 days 00:00:20.619728,prod,0.0006270488279371738,3,5,sigmoid,COMPLETE
498,0.8941666666666667,2025-10-01 12:13:23.617268,2025-10-01 12:13:44.286916,0 days 00:00:20.669648,prod,0.0007023214376094751,3,5,sigmoid,COMPLETE
499,0.8808333333333334,2025-10-01 12:13:44.287501,2025-10-01 12:14:04.961459,0 days 00:00:20.673958,prod,0.0006004588273659174,3,5,sigmoid,COMPLETE
