number,value,datetime_start,datetime_complete,duration,params_and_operator,params_batch_size,params_lr,params_n_sets_protein,params_n_sets_salt,params_shape,state
0,0.3327272727272727,2025-08-26 12:26:41.967213,2025-08-26 12:26:44.836427,0 days 00:00:02.869214,prod,16,1.2147637862742288e-05,6,2,bell,COMPLETE
1,0.37272727272727274,2025-08-26 12:26:44.836721,2025-08-26 12:26:46.955641,0 days 00:00:02.118920,prod,16,6.386113847142744e-05,3,4,bell,COMPLETE
2,0.41090909090909084,2025-08-26 12:26:46.955912,2025-08-26 12:26:47.451823,0 days 00:00:00.495911,prod,64,0.0004943102946697181,2,2,sigmoid,COMPLETE
3,0.31636363636363635,2025-08-26 12:26:47.452029,2025-08-26 12:26:48.780159,0 days 00:00:01.328130,prod,32,5.801584471573335e-05,4,3,gaussian,COMPLETE
4,0.5509090909090909,2025-08-26 12:26:48.780425,2025-08-26 12:26:50.684770,0 days 00:00:01.904345,min,16,0.00036875631236710005,2,7,sigmoid,COMPLETE
5,0.4327272727272726,2025-08-26 12:26:50.685029,2025-08-26 12:26:51.529212,0 days 00:00:00.844183,prod,64,3.5867949008293865e-05,6,3,sigmoid,COMPLETE
6,0.25636363636363635,2025-08-26 12:26:51.529469,2025-08-26 12:26:52.420762,0 days 00:00:00.891293,prod,64,7.130187733258125e-05,4,5,sigmoid,COMPLETE
7,0.3181818181818182,2025-08-26 12:26:52.421243,2025-08-26 12:26:54.085922,0 days 00:00:01.664679,min,32,0.00016943671122880073,3,7,gaussian,COMPLETE
8,0.429090909090909,2025-08-26 12:26:54.086186,2025-08-26 12:26:57.274759,0 days 00:00:03.188573,min,16,6.749411344853322e-05,6,5,bell,COMPLETE
9,0.43272727272727274,2025-08-26 12:26:57.275033,2025-08-26 12:26:59.890742,0 days 00:00:02.615709,min,16,9.964046145654275e-05,7,3,bell,COMPLETE
10,0.78,2025-08-26 12:26:59.891008,2025-08-26 12:27:01.802935,0 days 00:00:01.911927,min,16,0.0009938460051834366,2,7,sigmoid,COMPLETE
11,0.7454545454545454,2025-08-26 12:27:01.803176,2025-08-26 12:27:03.713921,0 days 00:00:01.910745,min,16,0.0009719287834629997,2,7,sigmoid,COMPLETE
12,0.7,2025-08-26 12:27:03.714168,2025-08-26 12:27:05.494024,0 days 00:00:01.779856,min,16,0.0009680105778217545,2,6,sigmoid,COMPLETE
13,0.8399999999999999,2025-08-26 12:27:05.494251,2025-08-26 12:27:07.666267,0 days 00:00:02.172016,min,16,0.0009499589482700919,3,6,sigmoid,COMPLETE
14,0.6072727272727272,2025-08-26 12:27:07.666531,2025-08-26 12:27:09.839865,0 days 00:00:02.173334,min,16,0.0003204230001591431,3,6,sigmoid,COMPLETE
15,0.610909090909091,2025-08-26 12:27:09.840335,2025-08-26 12:27:11.585354,0 days 00:00:01.745019,min,32,0.0006098523238426879,4,6,sigmoid,COMPLETE
16,0.6672727272727274,2025-08-26 12:27:11.585617,2025-08-26 12:27:13.832211,0 days 00:00:02.246594,min,16,0.00021078336713785257,3,6,gaussian,COMPLETE
17,0.4254545454545455,2025-08-26 12:27:13.832484,2025-08-26 12:27:16.425379,0 days 00:00:02.592895,min,16,0.00021027340005976876,5,5,sigmoid,COMPLETE
18,0.5036363636363637,2025-08-26 12:27:16.425652,2025-08-26 12:27:17.300465,0 days 00:00:00.874813,min,64,0.0006527869333632243,3,7,sigmoid,COMPLETE
19,0.3181818181818182,2025-08-26 12:27:17.300734,2025-08-26 12:27:19.353728,0 days 00:00:02.052994,min,32,2.3143321070855776e-05,5,6,gaussian,COMPLETE
20,0.5236363636363637,2025-08-26 12:27:19.354010,2025-08-26 12:27:20.882071,0 days 00:00:01.528061,min,16,0.000381289077800056,2,4,sigmoid,COMPLETE
21,0.7254545454545456,2025-08-26 12:27:20.882338,2025-08-26 12:27:22.800793,0 days 00:00:01.918455,min,16,0.0007987003941016555,2,7,sigmoid,COMPLETE
22,0.76,2025-08-26 12:27:22.801065,2025-08-26 12:27:24.717138,0 days 00:00:01.916073,min,16,0.0009167172740771137,2,7,sigmoid,COMPLETE
23,0.74,2025-08-26 12:27:24.717405,2025-08-26 12:27:27.088213,0 days 00:00:02.370808,min,16,0.000489154104121842,3,7,sigmoid,COMPLETE
24,0.5472727272727272,2025-08-26 12:27:27.088484,2025-08-26 12:27:28.877265,0 days 00:00:01.788781,min,16,0.0002838007324324471,2,6,sigmoid,COMPLETE
25,0.78,2025-08-26 12:27:28.877524,2025-08-26 12:27:31.246977,0 days 00:00:02.369453,min,16,0.0006061704709592993,3,7,sigmoid,COMPLETE
26,0.6818181818181818,2025-08-26 12:27:31.247219,2025-08-26 12:27:33.801862,0 days 00:00:02.554643,min,16,0.0005610543158520874,4,6,sigmoid,COMPLETE
27,0.3745454545454545,2025-08-26 12:27:33.802136,2025-08-26 12:27:35.788003,0 days 00:00:01.985867,min,16,0.0001438609545241523,3,5,sigmoid,COMPLETE
28,0.6309090909090909,2025-08-26 12:27:35.788266,2025-08-26 12:27:37.761801,0 days 00:00:01.973535,min,32,0.0004501499470087679,4,7,gaussian,COMPLETE
29,0.46545454545454545,2025-08-26 12:27:37.762078,2025-08-26 12:27:38.994218,0 days 00:00:01.232140,prod,64,1.0674238602833851e-05,5,6,bell,COMPLETE
30,0.8399999999999999,2025-08-26 12:27:38.994494,2025-08-26 12:27:41.624694,0 days 00:00:02.630200,min,16,0.0006516133137726807,3,7,bell,COMPLETE
31,0.8399999999999999,2025-08-26 12:27:41.625325,2025-08-26 12:27:44.256839,0 days 00:00:02.631514,min,16,0.000649405932223727,3,7,bell,COMPLETE
32,0.7072727272727273,2025-08-26 12:27:44.257108,2025-08-26 12:27:46.887417,0 days 00:00:02.630309,min,16,0.0007651544083671763,3,7,bell,COMPLETE
33,0.8036363636363635,2025-08-26 12:27:46.887679,2025-08-26 12:27:49.519771,0 days 00:00:02.632092,min,16,0.0007392682544335978,3,7,bell,COMPLETE
34,0.5545454545454546,2025-08-26 12:27:49.520036,2025-08-26 12:27:52.500218,0 days 00:00:02.980182,prod,16,0.0003021863211901793,4,6,bell,COMPLETE
35,0.82,2025-08-26 12:27:52.500489,2025-08-26 12:27:55.131956,0 days 00:00:02.631467,min,16,0.0007329381658188152,3,7,bell,COMPLETE
36,0.6854545454545455,2025-08-26 12:27:55.132226,2025-08-26 12:27:58.113612,0 days 00:00:02.981386,prod,16,0.0004160682723594805,4,6,bell,COMPLETE
37,0.3927272727272727,2025-08-26 12:27:58.113879,2025-08-26 12:27:58.744732,0 days 00:00:00.630853,min,64,0.00024367044402096374,3,2,bell,COMPLETE
38,0.7436363636363637,2025-08-26 12:27:58.744934,2025-08-26 12:28:01.140626,0 days 00:00:02.395692,prod,16,0.0004983526508095332,4,4,bell,COMPLETE
39,0.2927272727272728,2025-08-26 12:28:01.140901,2025-08-26 12:28:02.942688,0 days 00:00:01.801787,min,32,2.759051225867334e-05,3,7,bell,COMPLETE
40,0.7,2025-08-26 12:28:02.942936,2025-08-26 12:28:03.986410,0 days 00:00:01.043474,min,64,0.0006849819453403478,5,5,bell,COMPLETE
41,0.7836363636363636,2025-08-26 12:28:03.986680,2025-08-26 12:28:06.617725,0 days 00:00:02.631045,min,16,0.0007688438997409565,3,7,bell,COMPLETE
42,0.78,2025-08-26 12:28:06.617996,2025-08-26 12:28:09.249418,0 days 00:00:02.631422,min,16,0.0005486680009859171,3,7,bell,COMPLETE
43,0.82,2025-08-26 12:28:09.249694,2025-08-26 12:28:12.323676,0 days 00:00:03.073982,min,16,0.0003773456762796586,4,7,bell,COMPLETE
44,0.5490909090909091,2025-08-26 12:28:12.323950,2025-08-26 12:28:15.396842,0 days 00:00:03.072892,min,16,0.00010041325536111831,4,7,bell,COMPLETE
45,0.7,2025-08-26 12:28:15.397120,2025-08-26 12:28:18.215871,0 days 00:00:02.818751,min,16,0.00037502141620938424,4,6,bell,COMPLETE
46,0.3545454545454545,2025-08-26 12:28:18.216151,2025-08-26 12:28:20.992788,0 days 00:00:02.776637,prod,16,4.678461312634544e-05,3,7,bell,COMPLETE
47,0.7454545454545455,2025-08-26 12:28:20.993067,2025-08-26 12:28:25.373710,0 days 00:00:04.380643,min,16,0.0008508985542683818,7,7,bell,COMPLETE
48,0.6872727272727274,2025-08-26 12:28:25.373992,2025-08-26 12:28:27.425022,0 days 00:00:02.051030,min,16,0.00045335871656269173,2,6,bell,COMPLETE
49,0.4709090909090909,2025-08-26 12:28:27.425292,2025-08-26 12:28:30.136057,0 days 00:00:02.710765,min,32,0.00016021600675124024,6,7,bell,COMPLETE
50,0.74,2025-08-26 12:28:30.136333,2025-08-26 12:28:32.765953,0 days 00:00:02.629620,min,16,0.0003326742694063547,4,6,gaussian,COMPLETE
51,0.8399999999999999,2025-08-26 12:28:32.766236,2025-08-26 12:28:35.398263,0 days 00:00:02.632027,min,16,0.0007657290055676437,3,7,bell,COMPLETE
52,0.78,2025-08-26 12:28:35.398540,2025-08-26 12:28:38.031890,0 days 00:00:02.633350,min,16,0.0006165337259123534,3,7,bell,COMPLETE
53,0.8399999999999999,2025-08-26 12:28:38.032159,2025-08-26 12:28:40.665725,0 days 00:00:02.633566,min,16,0.0009550417857295512,3,7,bell,COMPLETE
54,0.82,2025-08-26 12:28:40.666002,2025-08-26 12:28:42.850147,0 days 00:00:02.184145,min,16,0.0009994471196488593,2,7,bell,COMPLETE
55,0.76,2025-08-26 12:28:42.850420,2025-08-26 12:28:45.292593,0 days 00:00:02.442173,min,16,0.0007743095668778339,3,6,bell,COMPLETE
56,0.8036363636363635,2025-08-26 12:28:45.292867,2025-08-26 12:28:47.084573,0 days 00:00:01.791706,min,16,0.0008736884013254464,2,4,bell,COMPLETE
57,0.6872727272727273,2025-08-26 12:28:47.084854,2025-08-26 12:28:47.987335,0 days 00:00:00.902481,min,64,0.0006303915377733122,3,7,gaussian,COMPLETE
58,0.8218181818181819,2025-08-26 12:28:47.987580,2025-08-26 12:28:50.173244,0 days 00:00:02.185664,min,16,0.0005332021839808428,2,7,bell,COMPLETE
59,0.7818181818181819,2025-08-26 12:28:50.173514,2025-08-26 12:28:52.224361,0 days 00:00:02.050847,min,16,0.0005168870695477283,2,6,bell,COMPLETE
60,0.29454545454545455,2025-08-26 12:28:52.224608,2025-08-26 12:28:53.594094,0 days 00:00:01.369486,prod,32,1.9215346072733477e-05,2,5,bell,COMPLETE
61,0.8036363636363635,2025-08-26 12:28:53.594338,2025-08-26 12:28:56.226948,0 days 00:00:02.632610,min,16,0.0006732564535204445,3,7,bell,COMPLETE
62,0.8399999999999999,2025-08-26 12:28:56.227215,2025-08-26 12:28:58.861182,0 days 00:00:02.633967,min,16,0.0009969689125848985,3,7,bell,COMPLETE
63,0.8399999999999999,2025-08-26 12:28:58.861462,2025-08-26 12:29:01.044449,0 days 00:00:02.182987,min,16,0.0009947685314028237,2,7,bell,COMPLETE
64,0.8,2025-08-26 12:29:01.044738,2025-08-26 12:29:03.678538,0 days 00:00:02.633800,min,16,0.0008636739560335157,3,7,bell,COMPLETE
65,0.8399999999999999,2025-08-26 12:29:03.678811,2025-08-26 12:29:06.128546,0 days 00:00:02.449735,min,16,0.0009718362897766327,3,7,gaussian,COMPLETE
66,0.7854545454545454,2025-08-26 12:29:06.128839,2025-08-26 12:29:08.312210,0 days 00:00:02.183371,min,16,0.0009891825779348004,2,7,bell,COMPLETE
67,0.82,2025-08-26 12:29:08.312486,2025-08-26 12:29:10.753101,0 days 00:00:02.440615,min,16,0.0008261220436531127,3,6,bell,COMPLETE
68,0.78,2025-08-26 12:29:10.753374,2025-08-26 12:29:12.672804,0 days 00:00:01.919430,min,16,0.0006884636055417846,2,7,sigmoid,COMPLETE
69,0.5509090909090908,2025-08-26 12:29:12.673079,2025-08-26 12:29:14.338650,0 days 00:00:01.665571,min,16,0.0005793157610340375,3,2,bell,COMPLETE
70,0.7054545454545454,2025-08-26 12:29:14.338920,2025-08-26 12:29:15.240478,0 days 00:00:00.901558,min,64,0.000442737039323055,3,6,bell,COMPLETE
71,0.7854545454545454,2025-08-26 12:29:15.240758,2025-08-26 12:29:17.687466,0 days 00:00:02.446708,min,16,0.0008870553296004598,3,7,gaussian,COMPLETE
72,0.8036363636363635,2025-08-26 12:29:17.687738,2025-08-26 12:29:20.135901,0 days 00:00:02.448163,min,16,0.0009841140847408549,3,7,gaussian,COMPLETE
73,0.749090909090909,2025-08-26 12:29:20.136178,2025-08-26 12:29:22.584437,0 days 00:00:02.448259,min,16,0.0007461727495350349,3,7,gaussian,COMPLETE
74,0.630909090909091,2025-08-26 12:29:22.584717,2025-08-26 12:29:24.249579,0 days 00:00:01.664862,min,16,0.0008466758820817833,3,3,gaussian,COMPLETE
75,0.82,2025-08-26 12:29:24.249850,2025-08-26 12:29:27.135481,0 days 00:00:02.885631,min,16,0.0006746846426263479,4,7,gaussian,COMPLETE
76,0.7018181818181819,2025-08-26 12:29:27.135765,2025-08-26 12:29:29.056453,0 days 00:00:01.920688,min,16,0.0009999445379180367,2,7,sigmoid,COMPLETE
77,0.72,2025-08-26 12:29:29.056747,2025-08-26 12:29:30.884119,0 days 00:00:01.827372,prod,32,0.000621066807058649,3,7,gaussian,COMPLETE
78,0.82,2025-08-26 12:29:30.884395,2025-08-26 12:29:34.405950,0 days 00:00:03.521555,min,16,0.000756499444418756,5,7,bell,COMPLETE
79,0.2545454545454546,2025-08-26 12:29:34.406229,2025-08-26 12:29:36.196865,0 days 00:00:01.790636,min,16,8.504547372375591e-05,2,6,sigmoid,COMPLETE
80,0.82,2025-08-26 12:29:36.197138,2025-08-26 12:29:39.269911,0 days 00:00:03.072773,min,16,0.0009065704857119624,4,7,bell,COMPLETE
81,0.6436363636363637,2025-08-26 12:29:39.270191,2025-08-26 12:29:41.454770,0 days 00:00:02.184579,min,16,0.000518049237304031,2,7,bell,COMPLETE
82,0.8,2025-08-26 12:29:41.455033,2025-08-26 12:29:43.638073,0 days 00:00:02.183040,min,16,0.0008040784595317807,2,7,bell,COMPLETE
83,0.86,2025-08-26 12:29:43.638332,2025-08-26 12:29:46.271098,0 days 00:00:02.632766,min,16,0.0005695885149128827,3,7,bell,COMPLETE
84,0.8399999999999999,2025-08-26 12:29:46.271371,2025-08-26 12:29:48.904064,0 days 00:00:02.632693,min,16,0.0007054489038560068,3,7,bell,COMPLETE
85,0.78,2025-08-26 12:29:48.904342,2025-08-26 12:29:51.539904,0 days 00:00:02.635562,min,16,0.0005903693001833767,3,7,bell,COMPLETE
86,0.82,2025-08-26 12:29:51.540179,2025-08-26 12:29:53.982888,0 days 00:00:02.442709,min,16,0.0008515619162233281,3,6,bell,COMPLETE
87,0.76,2025-08-26 12:29:53.983166,2025-08-26 12:29:56.618832,0 days 00:00:02.635666,min,16,0.0004669083964180511,3,7,bell,COMPLETE
88,0.4745454545454545,2025-08-26 12:29:56.619116,2025-08-26 12:29:57.545123,0 days 00:00:00.926007,prod,64,0.0004096327159153052,3,7,sigmoid,COMPLETE
89,0.82,2025-08-26 12:29:57.545398,2025-08-26 12:30:00.368018,0 days 00:00:02.822620,min,16,0.0006906922256410615,4,6,bell,COMPLETE
90,0.76,2025-08-26 12:30:00.368300,2025-08-26 12:30:03.005044,0 days 00:00:02.636744,min,16,0.0002647861883580928,3,7,bell,COMPLETE
91,0.8,2025-08-26 12:30:03.005316,2025-08-26 12:30:05.640725,0 days 00:00:02.635409,min,16,0.0007161778941458214,3,7,bell,COMPLETE
92,0.7109090909090909,2025-08-26 12:30:05.641012,2025-08-26 12:30:08.278534,0 days 00:00:02.637522,min,16,0.0009208952372634854,3,7,bell,COMPLETE
93,0.82,2025-08-26 12:30:08.278812,2025-08-26 12:30:10.914816,0 days 00:00:02.636004,min,16,0.0005629454597874516,3,7,bell,COMPLETE
94,0.8399999999999999,2025-08-26 12:30:10.915069,2025-08-26 12:30:13.550201,0 days 00:00:02.635132,min,16,0.0008096555666428223,3,7,bell,COMPLETE
95,0.7436363636363638,2025-08-26 12:30:13.550486,2025-08-26 12:30:16.186181,0 days 00:00:02.635695,min,16,0.0006502307536216164,3,7,bell,COMPLETE
96,0.7654545454545454,2025-08-26 12:30:16.186469,2025-08-26 12:30:18.285117,0 days 00:00:02.098648,min,32,0.0007407341121351182,4,7,bell,COMPLETE
97,0.8399999999999999,2025-08-26 12:30:18.285401,2025-08-26 12:30:20.736212,0 days 00:00:02.450811,min,16,0.0009155581930540918,3,7,gaussian,COMPLETE
98,0.5909090909090909,2025-08-26 12:30:20.736496,2025-08-26 12:30:23.112549,0 days 00:00:02.376053,min,16,0.00034880819225556264,3,7,sigmoid,COMPLETE
99,0.8,2025-08-26 12:30:23.112837,2025-08-26 12:30:25.749107,0 days 00:00:02.636270,min,16,0.0006249975792612169,3,7,bell,COMPLETE
100,0.8399999999999999,2025-08-26 12:30:25.749398,2025-08-26 12:30:28.573427,0 days 00:00:02.824029,min,16,0.0007972444636522521,4,6,bell,COMPLETE
101,0.8399999999999999,2025-08-26 12:30:28.573717,2025-08-26 12:30:31.208284,0 days 00:00:02.634567,min,16,0.0007959507054982939,3,7,bell,COMPLETE
102,0.82,2025-08-26 12:30:31.208569,2025-08-26 12:30:33.843460,0 days 00:00:02.634891,min,16,0.0008750306958212883,3,7,bell,COMPLETE
103,0.82,2025-08-26 12:30:33.843741,2025-08-26 12:30:36.478022,0 days 00:00:02.634281,min,16,0.0007088129630356265,3,7,bell,COMPLETE
104,0.8399999999999999,2025-08-26 12:30:36.478302,2025-08-26 12:30:39.110699,0 days 00:00:02.632397,min,16,0.0009158108816616153,3,7,bell,COMPLETE
105,0.8036363636363635,2025-08-26 12:30:39.110973,2025-08-26 12:30:41.744242,0 days 00:00:02.633269,min,16,0.0005699415670315193,3,7,bell,COMPLETE
106,0.6254545454545454,2025-08-26 12:30:41.744530,2025-08-26 12:30:42.713045,0 days 00:00:00.968515,min,64,0.0005034030718743815,3,7,bell,COMPLETE
107,0.37636363636363634,2025-08-26 12:30:42.713325,2025-08-26 12:30:45.490866,0 days 00:00:02.777541,prod,16,5.097502158248689e-05,3,7,bell,COMPLETE
108,0.7636363636363637,2025-08-26 12:30:45.491166,2025-08-26 12:30:48.827791,0 days 00:00:03.336625,min,16,0.0009890194953313116,7,5,gaussian,COMPLETE
109,0.3527272727272728,2025-08-26 12:30:48.828095,2025-08-26 12:30:50.621025,0 days 00:00:01.792930,min,16,1.4767247677731343e-05,2,6,sigmoid,COMPLETE
110,0.8399999999999999,2025-08-26 12:30:50.621317,2025-08-26 12:30:53.256162,0 days 00:00:02.634845,min,16,0.0008063625648901904,3,7,bell,COMPLETE
111,0.8399999999999999,2025-08-26 12:30:53.256449,2025-08-26 12:30:55.705786,0 days 00:00:02.449337,min,16,0.0009043139418021211,3,7,gaussian,COMPLETE
112,0.82,2025-08-26 12:30:55.706074,2025-08-26 12:30:58.154947,0 days 00:00:02.448873,min,16,0.0006678347476033033,3,7,gaussian,COMPLETE
113,0.8218181818181817,2025-08-26 12:30:58.155234,2025-08-26 12:31:00.604664,0 days 00:00:02.449430,min,16,0.0009224473172599241,3,7,gaussian,COMPLETE
114,0.76,2025-08-26 12:31:00.604947,2025-08-26 12:31:02.272405,0 days 00:00:01.667458,min,16,0.000754128612748629,3,3,gaussian,COMPLETE
115,0.6418181818181818,2025-08-26 12:31:02.272680,2025-08-26 12:31:04.721898,0 days 00:00:02.449218,min,16,0.00013354408023450945,3,7,gaussian,COMPLETE
116,0.82,2025-08-26 12:31:04.722186,2025-08-26 12:31:06.526885,0 days 00:00:01.804699,min,32,0.0008384733947205211,3,7,bell,COMPLETE
117,0.8218181818181817,2025-08-26 12:31:06.527173,2025-08-26 12:31:09.601770,0 days 00:00:03.074597,min,16,0.0006057672315833279,4,7,bell,COMPLETE
118,0.7999999999999999,2025-08-26 12:31:09.602059,2025-08-26 12:31:12.051845,0 days 00:00:02.449786,min,16,0.000706542692650841,3,7,gaussian,COMPLETE
119,0.8,2025-08-26 12:31:12.052137,2025-08-26 12:31:14.236944,0 days 00:00:02.184807,min,16,0.0009330466555962148,2,7,bell,COMPLETE
120,0.7254545454545454,2025-08-26 12:31:14.237238,2025-08-26 12:31:16.612637,0 days 00:00:02.375399,min,16,0.0007834432017561792,3,7,sigmoid,COMPLETE
121,0.82,2025-08-26 12:31:16.612938,2025-08-26 12:31:19.821206,0 days 00:00:03.208268,min,16,0.0009968433629406778,6,5,bell,COMPLETE
122,0.8399999999999999,2025-08-26 12:31:19.821507,2025-08-26 12:31:22.644635,0 days 00:00:02.823128,min,16,0.0008287553393631971,4,6,bell,COMPLETE
123,0.82,2025-08-26 12:31:22.644938,2025-08-26 12:31:25.718718,0 days 00:00:03.073780,min,16,0.000778914419216953,4,7,bell,COMPLETE
124,0.7799999999999999,2025-08-26 12:31:25.718984,2025-08-26 12:31:27.772056,0 days 00:00:02.053072,min,16,0.0006304409756615264,3,4,bell,COMPLETE
125,0.8399999999999999,2025-08-26 12:31:27.772339,2025-08-26 12:31:30.981614,0 days 00:00:03.209275,min,16,0.000864845974397539,5,6,bell,COMPLETE
126,0.8399999999999999,2025-08-26 12:31:30.981900,2025-08-26 12:31:33.759493,0 days 00:00:02.777593,prod,16,0.000718371677397087,3,7,bell,COMPLETE
127,0.7818181818181817,2025-08-26 12:31:33.759777,2025-08-26 12:31:34.729829,0 days 00:00:00.970052,min,64,0.0006712292655044292,3,7,bell,COMPLETE
128,0.8399999999999999,2025-08-26 12:31:34.730107,2025-08-26 12:31:37.363883,0 days 00:00:02.633776,min,16,0.0008034444567825685,3,7,bell,COMPLETE
129,0.8399999999999999,2025-08-26 12:31:37.364179,2025-08-26 12:31:39.622147,0 days 00:00:02.257968,min,16,0.0005517435659358182,3,6,gaussian,COMPLETE
130,0.8399999999999999,2025-08-26 12:31:39.622437,2025-08-26 12:31:42.698898,0 days 00:00:03.076461,min,16,0.000997821867487293,4,7,bell,COMPLETE
131,0.8399999999999999,2025-08-26 12:31:42.699198,2025-08-26 12:31:45.334241,0 days 00:00:02.635043,min,16,0.0007949178741542305,3,7,bell,COMPLETE
132,0.8399999999999999,2025-08-26 12:31:45.334529,2025-08-26 12:31:47.967875,0 days 00:00:02.633346,min,16,0.0009131856612450399,3,7,bell,COMPLETE
133,0.8200000000000001,2025-08-26 12:31:47.968166,2025-08-26 12:31:50.602753,0 days 00:00:02.634587,min,16,0.000729948424013664,3,7,bell,COMPLETE
134,0.8399999999999999,2025-08-26 12:31:50.603042,2025-08-26 12:31:53.237949,0 days 00:00:02.634907,min,16,0.0008525360232145838,3,7,bell,COMPLETE
135,0.7799999999999999,2025-08-26 12:31:53.238232,2025-08-26 12:31:55.874021,0 days 00:00:02.635789,min,16,0.0006505755465619773,3,7,bell,COMPLETE
136,0.44727272727272727,2025-08-26 12:31:55.874306,2025-08-26 12:31:58.511362,0 days 00:00:02.637056,min,16,3.1170600625219226e-05,3,7,bell,COMPLETE
137,0.43272727272727274,2025-08-26 12:31:58.511663,2025-08-26 12:32:00.891727,0 days 00:00:02.380064,min,16,0.00021635277584596487,3,7,sigmoid,COMPLETE
138,0.82,2025-08-26 12:32:00.892018,2025-08-26 12:32:02.398280,0 days 00:00:01.506262,min,32,0.0007764726236719564,2,7,bell,COMPLETE
139,0.8399999999999999,2025-08-26 12:32:02.398565,2025-08-26 12:32:05.035013,0 days 00:00:02.636448,min,16,0.0009166999388630619,3,7,bell,COMPLETE
140,0.7454545454545454,2025-08-26 12:32:05.035305,2025-08-26 12:32:07.672403,0 days 00:00:02.637098,min,16,0.0005804941480849298,3,7,bell,COMPLETE
141,0.82,2025-08-26 12:32:07.672704,2025-08-26 12:32:10.308963,0 days 00:00:02.636259,min,16,0.0008980895794983919,3,7,bell,COMPLETE
142,0.8,2025-08-26 12:32:10.309255,2025-08-26 12:32:12.944539,0 days 00:00:02.635284,min,16,0.0008520782484160578,3,7,bell,COMPLETE
143,0.8399999999999999,2025-08-26 12:32:12.944833,2025-08-26 12:32:15.581746,0 days 00:00:02.636913,min,16,0.0009956801237464717,3,7,bell,COMPLETE
144,0.7999999999999999,2025-08-26 12:32:15.582035,2025-08-26 12:32:19.110377,0 days 00:00:03.528342,min,16,0.0007303856540566892,5,7,bell,COMPLETE
145,0.82,2025-08-26 12:32:19.110670,2025-08-26 12:32:21.560735,0 days 00:00:02.450065,min,16,0.0008073612143522274,3,7,gaussian,COMPLETE
146,0.8218181818181817,2025-08-26 12:32:21.561014,2025-08-26 12:32:24.195347,0 days 00:00:02.634333,min,16,0.0009241051647886233,3,7,bell,COMPLETE
147,0.8399999999999999,2025-08-26 12:32:24.195637,2025-08-26 12:32:26.974594,0 days 00:00:02.778957,prod,16,0.0006517431200291452,3,7,bell,COMPLETE
148,0.7254545454545455,2025-08-26 12:32:26.974889,2025-08-26 12:32:28.964311,0 days 00:00:01.989422,min,16,0.0007244443281782801,3,5,sigmoid,COMPLETE
149,0.8,2025-08-26 12:32:28.964598,2025-08-26 12:32:31.602865,0 days 00:00:02.638267,min,16,0.0008338744483609512,3,7,bell,COMPLETE
150,0.6218181818181818,2025-08-26 12:32:31.603158,2025-08-26 12:32:32.508640,0 days 00:00:00.905482,min,64,0.0004800836582392937,3,7,gaussian,COMPLETE
151,0.8,2025-08-26 12:32:32.508928,2025-08-26 12:32:35.147086,0 days 00:00:02.638158,min,16,0.0007946389896179298,3,7,bell,COMPLETE
152,0.8218181818181817,2025-08-26 12:32:35.147379,2025-08-26 12:32:37.785018,0 days 00:00:02.637639,min,16,0.0009983534806351534,3,7,bell,COMPLETE
153,0.8399999999999999,2025-08-26 12:32:37.785317,2025-08-26 12:32:40.422019,0 days 00:00:02.636702,min,16,0.0008917224896910582,3,7,bell,COMPLETE
154,0.7636363636363634,2025-08-26 12:32:40.422318,2025-08-26 12:32:43.058373,0 days 00:00:02.636055,min,16,0.0008095762708967643,3,7,bell,COMPLETE
155,0.7272727272727272,2025-08-26 12:32:43.058668,2025-08-26 12:32:45.695385,0 days 00:00:02.636717,min,16,0.0006868708820854337,3,7,bell,COMPLETE
156,0.8036363636363635,2025-08-26 12:32:45.695672,2025-08-26 12:32:48.331478,0 days 00:00:02.635806,min,16,0.0009279912758489037,3,7,bell,COMPLETE
157,0.82,2025-08-26 12:32:48.331781,2025-08-26 12:32:50.968847,0 days 00:00:02.637066,min,16,0.000598403391521421,3,7,bell,COMPLETE
158,0.8399999999999999,2025-08-26 12:32:50.969140,2025-08-26 12:32:53.414972,0 days 00:00:02.445832,min,16,0.0007677793734103873,3,6,bell,COMPLETE
159,0.8,2025-08-26 12:32:53.415271,2025-08-26 12:32:55.604042,0 days 00:00:02.188771,min,16,0.0005435171914782412,2,7,bell,COMPLETE
160,0.8399999999999999,2025-08-26 12:32:55.604330,2025-08-26 12:32:58.499960,0 days 00:00:02.895630,min,16,0.0008864277726364703,4,7,gaussian,COMPLETE
161,0.82,2025-08-26 12:32:58.500264,2025-08-26 12:33:00.954052,0 days 00:00:02.453788,min,16,0.0008991724927403334,3,7,gaussian,COMPLETE
162,0.8399999999999999,2025-08-26 12:33:00.954354,2025-08-26 12:33:03.405981,0 days 00:00:02.451627,min,16,0.0007410162362805789,3,7,gaussian,COMPLETE
163,0.7672727272727272,2025-08-26 12:33:03.406281,2025-08-26 12:33:05.860231,0 days 00:00:02.453950,min,16,0.0009968023107453717,3,7,gaussian,COMPLETE
164,0.82,2025-08-26 12:33:05.860540,2025-08-26 12:33:08.311876,0 days 00:00:02.451336,min,16,0.0008310968577436555,3,7,gaussian,COMPLETE
165,0.7636363636363634,2025-08-26 12:33:08.312168,2025-08-26 12:33:10.763814,0 days 00:00:02.451646,min,16,0.000665118199542315,3,7,gaussian,COMPLETE
166,0.6854545454545454,2025-08-26 12:33:10.764097,2025-08-26 12:33:13.306783,0 days 00:00:02.542686,min,32,0.0009019172485902304,6,7,sigmoid,COMPLETE
167,0.8399999999999999,2025-08-26 12:33:13.307080,2025-08-26 12:33:15.946527,0 days 00:00:02.639447,min,16,0.0007674337597725967,3,7,bell,COMPLETE
168,0.8218181818181817,2025-08-26 12:33:15.946828,2025-08-26 12:33:18.584033,0 days 00:00:02.637205,min,16,0.0008366676610053743,3,7,bell,COMPLETE
169,0.6654545454545454,2025-08-26 12:33:18.584336,2025-08-26 12:33:20.638081,0 days 00:00:02.053745,min,16,0.0007155874836253397,3,4,bell,COMPLETE
170,0.7799999999999999,2025-08-26 12:33:20.638376,2025-08-26 12:33:22.819012,0 days 00:00:02.180636,prod,16,0.000627551506283326,3,5,gaussian,COMPLETE
171,0.7799999999999999,2025-08-26 12:33:22.819314,2025-08-26 12:33:25.647215,0 days 00:00:02.827901,min,16,0.0008263412022260886,4,6,bell,COMPLETE
172,0.7672727272727272,2025-08-26 12:33:25.647510,2025-08-26 12:33:28.475785,0 days 00:00:02.828275,min,16,0.000927757970682428,4,6,bell,COMPLETE
173,0.7436363636363635,2025-08-26 12:33:28.476090,2025-08-26 12:33:31.304754,0 days 00:00:02.828664,min,16,0.00099861734937798,4,6,bell,COMPLETE
174,0.82,2025-08-26 12:33:31.305054,2025-08-26 12:33:33.944899,0 days 00:00:02.639845,min,16,0.000837029980488861,3,7,bell,COMPLETE
175,0.7290909090909091,2025-08-26 12:33:33.945195,2025-08-26 12:33:36.772136,0 days 00:00:02.826941,min,16,0.0007695571792200481,4,6,bell,COMPLETE
176,0.7799999999999999,2025-08-26 12:33:36.772426,2025-08-26 12:33:39.216948,0 days 00:00:02.444522,min,16,0.0006901100934413002,3,6,bell,COMPLETE
177,0.82,2025-08-26 12:33:39.217247,2025-08-26 12:33:41.853859,0 days 00:00:02.636612,min,16,0.000869242890465253,3,7,bell,COMPLETE
178,0.40727272727272723,2025-08-26 12:33:41.854158,2025-08-26 12:33:45.386559,0 days 00:00:03.532401,min,16,0.00011290748553354713,5,7,bell,COMPLETE
179,0.8399999999999999,2025-08-26 12:33:45.386861,2025-08-26 12:33:48.023902,0 days 00:00:02.637041,min,16,0.0009344844537408344,3,7,bell,COMPLETE
180,0.5254545454545454,2025-08-26 12:33:48.024202,2025-08-26 12:33:48.905222,0 days 00:00:00.881020,min,64,0.0007851569256277972,3,7,sigmoid,COMPLETE
181,0.8,2025-08-26 12:33:48.905479,2025-08-26 12:33:52.120762,0 days 00:00:03.215283,min,16,0.0008753567525952166,5,6,bell,COMPLETE
182,0.7254545454545454,2025-08-26 12:33:52.121075,2025-08-26 12:33:55.339025,0 days 00:00:03.217950,min,16,0.0008097600181173325,5,6,bell,COMPLETE
183,0.7636363636363637,2025-08-26 12:33:55.339335,2025-08-26 12:33:58.557611,0 days 00:00:03.218276,min,16,0.0007194701235519669,5,6,bell,COMPLETE
184,0.7799999999999999,2025-08-26 12:33:58.557919,2025-08-26 12:34:01.775758,0 days 00:00:03.217839,min,16,0.0009284607932158943,5,6,bell,COMPLETE
185,0.7818181818181819,2025-08-26 12:34:01.776060,2025-08-26 12:34:04.221457,0 days 00:00:02.445397,min,16,0.0008606948070889595,3,6,bell,COMPLETE
186,0.8399999999999999,2025-08-26 12:34:04.221753,2025-08-26 12:34:06.861842,0 days 00:00:02.640089,min,16,0.0009944216666563752,3,7,bell,COMPLETE
187,0.82,2025-08-26 12:34:06.862166,2025-08-26 12:34:09.316070,0 days 00:00:02.453904,min,16,0.00065234884396156,3,7,gaussian,COMPLETE
188,0.7854545454545454,2025-08-26 12:34:09.316377,2025-08-26 12:34:11.954638,0 days 00:00:02.638261,min,16,0.0007562905008616497,3,7,bell,COMPLETE
189,0.82,2025-08-26 12:34:11.954952,2025-08-26 12:34:15.036899,0 days 00:00:03.081947,min,16,0.0008517982504592789,4,7,bell,COMPLETE
190,0.7436363636363635,2025-08-26 12:34:15.037209,2025-08-26 12:34:17.483581,0 days 00:00:02.446372,min,16,0.0005849955300881018,3,6,bell,COMPLETE
191,0.7618181818181817,2025-08-26 12:34:17.483888,2025-08-26 12:34:20.265718,0 days 00:00:02.781830,prod,16,0.0007053936364217851,3,7,bell,COMPLETE
192,0.8399999999999999,2025-08-26 12:34:20.266031,2025-08-26 12:34:23.048764,0 days 00:00:02.782733,prod,16,0.000753735191320219,3,7,bell,COMPLETE
193,0.8399999999999999,2025-08-26 12:34:23.049074,2025-08-26 12:34:25.832284,0 days 00:00:02.783210,prod,16,0.0009186456513965589,3,7,bell,COMPLETE
194,0.7799999999999999,2025-08-26 12:34:25.832597,2025-08-26 12:34:28.616010,0 days 00:00:02.783413,prod,16,0.000814092695521022,3,7,bell,COMPLETE
195,0.450909090909091,2025-08-26 12:34:28.616317,2025-08-26 12:34:31.399120,0 days 00:00:02.782803,prod,16,7.494738035197287e-05,3,7,bell,COMPLETE
196,0.82,2025-08-26 12:34:31.399430,2025-08-26 12:34:34.184230,0 days 00:00:02.784800,prod,16,0.0006885496557674961,3,7,bell,COMPLETE
197,0.82,2025-08-26 12:34:34.184534,2025-08-26 12:34:35.868822,0 days 00:00:01.684288,min,32,0.0009983789208710475,3,7,gaussian,COMPLETE
198,0.82,2025-08-26 12:34:35.869129,2025-08-26 12:34:38.510341,0 days 00:00:02.641212,min,16,0.0006382594032630205,3,7,bell,COMPLETE
199,0.8,2025-08-26 12:34:38.510651,2025-08-26 12:34:40.891736,0 days 00:00:02.381085,min,16,0.0008800329758151268,3,7,sigmoid,COMPLETE
200,0.7290909090909091,2025-08-26 12:34:40.892048,2025-08-26 12:34:44.427162,0 days 00:00:03.535114,min,16,0.0007717956600097607,5,7,bell,COMPLETE
201,0.8,2025-08-26 12:34:44.427481,2025-08-26 12:34:47.066742,0 days 00:00:02.639261,min,16,0.0008118868650365106,3,7,bell,COMPLETE
202,0.82,2025-08-26 12:34:47.067039,2025-08-26 12:34:49.706250,0 days 00:00:02.639211,min,16,0.0009075752694794121,3,7,bell,COMPLETE
203,0.78,2025-08-26 12:34:49.706560,2025-08-26 12:34:52.345372,0 days 00:00:02.638812,min,16,0.0007123004297243604,3,7,bell,COMPLETE
204,0.8399999999999999,2025-08-26 12:34:52.345676,2025-08-26 12:34:54.985223,0 days 00:00:02.639547,min,16,0.0008101061745236675,3,7,bell,COMPLETE
205,0.8399999999999999,2025-08-26 12:34:54.985511,2025-08-26 12:34:57.626148,0 days 00:00:02.640637,min,16,0.0009999444736383063,3,7,bell,COMPLETE
206,0.8399999999999999,2025-08-26 12:34:57.626455,2025-08-26 12:35:00.266232,0 days 00:00:02.639777,min,16,0.000855684177372487,3,7,bell,COMPLETE
207,0.8399999999999999,2025-08-26 12:35:00.266531,2025-08-26 12:35:02.721586,0 days 00:00:02.455055,min,16,0.0007255597082159932,3,7,gaussian,COMPLETE
208,0.82,2025-08-26 12:35:02.721899,2025-08-26 12:35:05.361507,0 days 00:00:02.639608,min,16,0.0006136583288737302,3,7,bell,COMPLETE
209,0.74,2025-08-26 12:35:05.361819,2025-08-26 12:35:07.551884,0 days 00:00:02.190065,min,16,0.0009184414828934009,2,7,bell,COMPLETE
210,0.7836363636363636,2025-08-26 12:35:07.552201,2025-08-26 12:35:09.806390,0 days 00:00:02.254189,min,16,0.0007754135272863956,3,5,bell,COMPLETE
211,0.7072727272727273,2025-08-26 12:35:09.806698,2025-08-26 12:35:12.068379,0 days 00:00:02.261681,min,16,0.0005090805148238863,3,6,gaussian,COMPLETE
212,0.3127272727272727,2025-08-26 12:35:12.068695,2025-08-26 12:35:14.329518,0 days 00:00:02.260823,min,16,0.00017625037385073122,3,6,gaussian,COMPLETE
213,0.7818181818181819,2025-08-26 12:35:14.329836,2025-08-26 12:35:16.590379,0 days 00:00:02.260543,min,16,0.0005421698063875825,3,6,gaussian,COMPLETE
214,0.7672727272727272,2025-08-26 12:35:16.590699,2025-08-26 12:35:18.851448,0 days 00:00:02.260749,min,16,0.0006728047216172262,3,6,gaussian,COMPLETE
215,0.8399999999999999,2025-08-26 12:35:18.851750,2025-08-26 12:35:21.111171,0 days 00:00:02.259421,min,16,0.0008231448971485881,3,6,gaussian,COMPLETE
216,0.761818181818182,2025-08-26 12:35:21.111482,2025-08-26 12:35:22.550635,0 days 00:00:01.439153,min,64,0.0009251512238743349,6,7,bell,COMPLETE
217,0.8399999999999999,2025-08-26 12:35:22.550951,2025-08-26 12:35:24.813296,0 days 00:00:02.262345,min,16,0.0007484084313821588,3,6,gaussian,COMPLETE
218,0.82,2025-08-26 12:35:24.813610,2025-08-26 12:35:27.454502,0 days 00:00:02.640892,min,16,0.000594051986753066,3,7,bell,COMPLETE
219,0.7472727272727273,2025-08-26 12:35:27.454818,2025-08-26 12:35:29.834800,0 days 00:00:02.379982,min,16,0.0008420079920706769,3,7,sigmoid,COMPLETE
220,0.8399999999999999,2025-08-26 12:35:29.835111,2025-08-26 12:35:32.474390,0 days 00:00:02.639279,min,16,0.0009131186714022529,3,7,bell,COMPLETE
221,0.8399999999999999,2025-08-26 12:35:32.474704,2025-08-26 12:35:35.560143,0 days 00:00:03.085439,min,16,0.0009863159444769734,4,7,bell,COMPLETE
222,0.8399999999999999,2025-08-26 12:35:35.560471,2025-08-26 12:35:38.646774,0 days 00:00:03.086303,min,16,0.0009967254890186922,4,7,bell,COMPLETE
223,0.8399999999999999,2025-08-26 12:35:38.647090,2025-08-26 12:35:41.730543,0 days 00:00:03.083453,min,16,0.0008624943430355248,4,7,bell,COMPLETE
224,0.8,2025-08-26 12:35:41.730859,2025-08-26 12:35:44.813235,0 days 00:00:03.082376,min,16,0.0007987690919673574,4,7,bell,COMPLETE
225,0.8399999999999999,2025-08-26 12:35:44.813542,2025-08-26 12:35:47.895006,0 days 00:00:03.081464,min,16,0.0009315620015808301,4,7,bell,COMPLETE
226,0.7618181818181817,2025-08-26 12:35:47.895316,2025-08-26 12:35:50.676799,0 days 00:00:02.781483,prod,16,0.0007058528889158562,3,7,bell,COMPLETE
227,0.7799999999999999,2025-08-26 12:35:50.677123,2025-08-26 12:35:53.760676,0 days 00:00:03.083553,min,16,0.0008624869433105286,4,7,bell,COMPLETE
228,0.76,2025-08-26 12:35:53.760996,2025-08-26 12:35:56.207190,0 days 00:00:02.446194,min,16,0.0006519760336445367,3,6,bell,COMPLETE
229,0.82,2025-08-26 12:35:56.207505,2025-08-26 12:35:58.661991,0 days 00:00:02.454486,min,16,0.00076121838696407,3,7,gaussian,COMPLETE
230,0.5454545454545454,2025-08-26 12:35:58.662317,2025-08-26 12:36:00.331802,0 days 00:00:01.669485,min,16,0.0008971267226272297,3,2,bell,COMPLETE
231,0.8399999999999999,2025-08-26 12:36:00.332118,2025-08-26 12:36:02.971880,0 days 00:00:02.639762,min,16,0.0007909748628509769,3,7,bell,COMPLETE
232,0.82,2025-08-26 12:36:02.972198,2025-08-26 12:36:05.613593,0 days 00:00:02.641395,min,16,0.0008224688935608332,3,7,bell,COMPLETE
233,0.82,2025-08-26 12:36:05.613914,2025-08-26 12:36:08.252963,0 days 00:00:02.639049,min,16,0.0007326131932543012,3,7,bell,COMPLETE
234,0.8399999999999999,2025-08-26 12:36:08.253282,2025-08-26 12:36:10.895261,0 days 00:00:02.641979,min,16,0.0009475402835585243,3,7,bell,COMPLETE
235,0.8399999999999999,2025-08-26 12:36:10.895577,2025-08-26 12:36:12.705276,0 days 00:00:01.809699,min,32,0.00099395788352368,3,7,bell,COMPLETE
236,0.7418181818181818,2025-08-26 12:36:12.705556,2025-08-26 12:36:15.343052,0 days 00:00:02.637496,min,16,0.0008571909858386238,3,7,bell,COMPLETE
237,0.82,2025-08-26 12:36:15.343364,2025-08-26 12:36:17.984131,0 days 00:00:02.640767,min,16,0.0006631697990459685,3,7,bell,COMPLETE
238,0.8,2025-08-26 12:36:17.984443,2025-08-26 12:36:20.439504,0 days 00:00:02.455061,min,16,0.0007828513290946958,3,7,gaussian,COMPLETE
239,0.7836363636363636,2025-08-26 12:36:20.439826,2025-08-26 12:36:23.523497,0 days 00:00:03.083671,min,16,0.0005646446506700858,4,7,bell,COMPLETE
240,0.7854545454545454,2025-08-26 12:36:23.523820,2025-08-26 12:36:26.799404,0 days 00:00:03.275584,min,16,0.0008988979887326221,5,7,sigmoid,COMPLETE
241,0.7799999999999999,2025-08-26 12:36:26.799732,2025-08-26 12:36:29.442485,0 days 00:00:02.642753,min,16,0.000934655056002438,3,7,bell,COMPLETE
242,0.78,2025-08-26 12:36:29.442818,2025-08-26 12:36:32.085707,0 days 00:00:02.642889,min,16,0.0008504827054102979,3,7,bell,COMPLETE
243,0.8399999999999999,2025-08-26 12:36:32.086026,2025-08-26 12:36:34.727846,0 days 00:00:02.641820,min,16,0.0009936217410382226,3,7,bell,COMPLETE
244,0.82,2025-08-26 12:36:34.728175,2025-08-26 12:36:37.368627,0 days 00:00:02.640452,min,16,0.0007915391755158938,3,7,bell,COMPLETE
245,0.8218181818181817,2025-08-26 12:36:37.368952,2025-08-26 12:36:40.009063,0 days 00:00:02.640111,min,16,0.0007296944106552325,3,7,bell,COMPLETE
246,0.8400000000000001,2025-08-26 12:36:40.009319,2025-08-26 12:36:42.577946,0 days 00:00:02.568627,prod,16,0.0009022005344904396,3,6,bell,COMPLETE
247,0.8036363636363635,2025-08-26 12:36:42.578261,2025-08-26 12:36:45.027916,0 days 00:00:02.449655,min,16,0.0008565571746599663,3,6,bell,COMPLETE
248,0.82,2025-08-26 12:36:45.028239,2025-08-26 12:36:47.600972,0 days 00:00:02.572733,prod,16,0.0009135423778933843,3,6,bell,COMPLETE
249,0.8018181818181818,2025-08-26 12:36:47.601283,2025-08-26 12:36:50.048658,0 days 00:00:02.447375,prod,16,0.000697260222987231,3,6,gaussian,COMPLETE
250,0.82,2025-08-26 12:36:50.048979,2025-08-26 12:36:52.622146,0 days 00:00:02.573167,prod,16,0.0008016723891831534,3,6,bell,COMPLETE
251,0.82,2025-08-26 12:36:52.622466,2025-08-26 12:36:55.191919,0 days 00:00:02.569453,prod,16,0.0007571396140780391,3,6,bell,COMPLETE
252,0.82,2025-08-26 12:36:55.192227,2025-08-26 12:36:57.761775,0 days 00:00:02.569548,prod,16,0.0006207113246474751,3,6,bell,COMPLETE
253,0.5818181818181818,2025-08-26 12:36:57.762096,2025-08-26 12:36:58.634045,0 days 00:00:00.871949,prod,64,0.0009023945316377799,3,5,bell,COMPLETE
254,0.8399999999999999,2025-08-26 12:36:58.634318,2025-08-26 12:37:00.896832,0 days 00:00:02.262514,min,16,0.0008230281972569533,3,6,gaussian,COMPLETE
255,0.82,2025-08-26 12:37:00.897158,2025-08-26 12:37:03.086885,0 days 00:00:02.189727,min,16,0.0006802434900705542,2,7,bell,COMPLETE
256,0.8399999999999999,2025-08-26 12:37:03.087188,2025-08-26 12:37:05.727504,0 days 00:00:02.640316,min,16,0.0009912877447667012,3,7,bell,COMPLETE
257,0.8,2025-08-26 12:37:05.727819,2025-08-26 12:37:08.108207,0 days 00:00:02.380388,min,16,0.0008689157093357242,3,7,sigmoid,COMPLETE
258,0.4163636363636364,2025-08-26 12:37:08.108490,2025-08-26 12:37:10.940479,0 days 00:00:02.831989,min,16,4.194820310984118e-05,4,6,bell,COMPLETE
259,0.8399999999999999,2025-08-26 12:37:10.940823,2025-08-26 12:37:14.479150,0 days 00:00:03.538327,min,16,0.000764699718880695,5,7,bell,COMPLETE
260,0.8399999999999999,2025-08-26 12:37:14.479480,2025-08-26 12:37:17.241835,0 days 00:00:02.762355,prod,16,0.0009181790810306028,3,7,gaussian,COMPLETE
261,0.8399999999999999,2025-08-26 12:37:17.242158,2025-08-26 12:37:19.885738,0 days 00:00:02.643580,min,16,0.0008216436652062531,3,7,bell,COMPLETE
262,0.8399999999999999,2025-08-26 12:37:19.886053,2025-08-26 12:37:22.530529,0 days 00:00:02.644476,min,16,0.0009944385902517065,3,7,bell,COMPLETE
263,0.7854545454545454,2025-08-26 12:37:22.530861,2025-08-26 12:37:24.210781,0 days 00:00:01.679920,min,32,0.0007166365018636675,3,6,bell,COMPLETE
264,0.43454545454545457,2025-08-26 12:37:24.211091,2025-08-26 12:37:27.299580,0 days 00:00:03.088489,min,16,1.9747386336243872e-05,4,7,bell,COMPLETE
265,0.8399999999999999,2025-08-26 12:37:27.299916,2025-08-26 12:37:29.759203,0 days 00:00:02.459287,min,16,0.0006144492321185508,3,7,gaussian,COMPLETE
266,0.8018181818181818,2025-08-26 12:37:29.759531,2025-08-26 12:37:32.403305,0 days 00:00:02.643774,min,16,0.0004280623702931676,3,7,bell,COMPLETE
267,0.8399999999999999,2025-08-26 12:37:32.403619,2025-08-26 12:37:35.045661,0 days 00:00:02.642042,min,16,0.0008747014950192427,3,7,bell,COMPLETE
268,0.8,2025-08-26 12:37:35.045992,2025-08-26 12:37:38.621101,0 days 00:00:03.575109,min,16,0.0007874952847439668,6,6,bell,COMPLETE
269,0.5654545454545454,2025-08-26 12:37:38.621432,2025-08-26 12:37:41.003255,0 days 00:00:02.381823,min,16,0.0005456808168697529,3,7,sigmoid,COMPLETE
270,0.8399999999999999,2025-08-26 12:37:41.003609,2025-08-26 12:37:43.790791,0 days 00:00:02.787182,prod,16,0.0006730923524036913,3,7,bell,COMPLETE
271,0.8399999999999999,2025-08-26 12:37:43.791113,2025-08-26 12:37:46.248047,0 days 00:00:02.456934,min,16,0.0009981134097654663,3,7,gaussian,COMPLETE
272,0.8399999999999999,2025-08-26 12:37:46.248382,2025-08-26 12:37:48.890956,0 days 00:00:02.642574,min,16,0.0009003472667650029,3,7,bell,COMPLETE
273,0.82,2025-08-26 12:37:48.891279,2025-08-26 12:37:50.950623,0 days 00:00:02.059344,min,16,0.0007449481204315224,2,6,bell,COMPLETE
274,0.82,2025-08-26 12:37:50.950949,2025-08-26 12:37:53.592738,0 days 00:00:02.641789,min,16,0.0008363022581917222,3,7,bell,COMPLETE
275,0.23454545454545456,2025-08-26 12:37:53.593072,2025-08-26 12:37:54.721832,0 days 00:00:01.128760,min,64,5.929724056923245e-05,4,7,bell,COMPLETE
276,0.8399999999999999,2025-08-26 12:37:54.722167,2025-08-26 12:37:57.176942,0 days 00:00:02.454775,min,16,0.0009205817200192627,3,7,gaussian,COMPLETE
277,0.8399999999999999,2025-08-26 12:37:57.177264,2025-08-26 12:37:59.818621,0 days 00:00:02.641357,min,16,0.0007166851508555565,3,7,bell,COMPLETE
278,0.7618181818181817,2025-08-26 12:37:59.818944,2025-08-26 12:38:02.269166,0 days 00:00:02.450222,min,16,0.0008087818573560072,3,6,bell,COMPLETE
279,0.82,2025-08-26 12:38:02.269506,2025-08-26 12:38:06.049312,0 days 00:00:03.779806,prod,16,0.0006247358188926984,5,7,bell,COMPLETE
280,0.8018181818181818,2025-08-26 12:38:06.049647,2025-08-26 12:38:08.349245,0 days 00:00:02.299598,min,16,0.0009125257321037296,4,4,bell,COMPLETE
281,0.8218181818181817,2025-08-26 12:38:08.349570,2025-08-26 12:38:10.806837,0 days 00:00:02.457267,min,16,0.0009972963707069417,3,7,gaussian,COMPLETE
282,0.82,2025-08-26 12:38:10.807176,2025-08-26 12:38:13.452411,0 days 00:00:02.645235,min,16,0.0007735490641884528,3,7,bell,COMPLETE
283,0.6854545454545453,2025-08-26 12:38:13.452751,2025-08-26 12:38:15.834256,0 days 00:00:02.381505,min,16,0.000845774122981928,3,7,sigmoid,COMPLETE
284,0.7836363636363636,2025-08-26 12:38:15.834589,2025-08-26 12:38:18.285600,0 days 00:00:02.451011,min,16,0.0007068882159031544,3,6,bell,COMPLETE
285,0.7436363636363637,2025-08-26 12:38:18.285934,2025-08-26 12:38:20.930074,0 days 00:00:02.644140,min,16,0.0004943152608596747,3,7,bell,COMPLETE
286,0.8036363636363635,2025-08-26 12:38:20.930404,2025-08-26 12:38:22.743690,0 days 00:00:01.813286,min,32,0.0008575940503057314,3,7,bell,COMPLETE
287,0.8399999999999999,2025-08-26 12:38:22.744014,2025-08-26 12:38:25.445270,0 days 00:00:02.701256,prod,16,0.0006603805555093559,3,7,gaussian,COMPLETE
288,0.78,2025-08-26 12:38:25.445608,2025-08-26 12:38:28.989162,0 days 00:00:03.543554,min,16,0.0007835618060175789,7,5,bell,COMPLETE
289,0.6454545454545455,2025-08-26 12:38:28.989503,2025-08-26 12:38:31.050344,0 days 00:00:02.060841,min,16,0.0009198960028168868,4,3,bell,COMPLETE
290,0.6799999999999999,2025-08-26 12:38:31.050679,2025-08-26 12:38:33.504838,0 days 00:00:02.454159,min,16,0.0005861194953227328,3,6,bell,COMPLETE
291,0.5854545454545454,2025-08-26 12:38:33.505172,2025-08-26 12:38:35.700580,0 days 00:00:02.195408,min,16,0.0002832776760870498,2,7,bell,COMPLETE
292,0.7818181818181817,2025-08-26 12:38:35.700932,2025-08-26 12:38:38.161874,0 days 00:00:02.460942,min,16,0.0009978860746776496,3,7,gaussian,COMPLETE
293,0.8399999999999999,2025-08-26 12:38:38.162218,2025-08-26 12:38:40.806794,0 days 00:00:02.644576,min,16,0.0007425865091390056,3,7,bell,COMPLETE
294,0.7799999999999999,2025-08-26 12:38:40.807138,2025-08-26 12:38:44.031035,0 days 00:00:03.223897,min,16,0.0008425133134120659,5,6,bell,COMPLETE
295,0.6727272727272726,2025-08-26 12:38:44.031384,2025-08-26 12:38:46.564648,0 days 00:00:02.533264,prod,16,0.0009165800748129421,3,7,sigmoid,COMPLETE
296,0.8018181818181818,2025-08-26 12:38:46.564991,2025-08-26 12:38:47.694216,0 days 00:00:01.129225,min,64,0.0006875368636261188,4,7,bell,COMPLETE
297,0.7799999999999999,2025-08-26 12:38:47.694498,2025-08-26 12:38:50.335755,0 days 00:00:02.641257,min,16,0.0008032880518448315,3,7,bell,COMPLETE
298,0.82,2025-08-26 12:38:50.336083,2025-08-26 12:38:52.599021,0 days 00:00:02.262938,min,16,0.000903485685487402,3,6,gaussian,COMPLETE
299,0.8399999999999999,2025-08-26 12:38:52.599354,2025-08-26 12:38:55.242585,0 days 00:00:02.643231,min,16,0.0007471243674443719,3,7,bell,COMPLETE
300,0.7436363636363638,2025-08-26 12:38:55.242924,2025-08-26 12:38:57.886432,0 days 00:00:02.643508,min,16,0.0006413630799499357,3,7,bell,COMPLETE
301,0.82,2025-08-26 12:38:57.886771,2025-08-26 12:39:00.531282,0 days 00:00:02.644511,min,16,0.0008418673846302534,3,7,bell,COMPLETE
302,0.45272727272727276,2025-08-26 12:39:00.531630,2025-08-26 12:39:03.176116,0 days 00:00:02.644486,min,16,1.236785110843647e-05,3,7,bell,COMPLETE
303,0.82,2025-08-26 12:39:03.176462,2025-08-26 12:39:05.642003,0 days 00:00:02.465541,prod,16,0.0009269463228442153,3,6,gaussian,COMPLETE
304,0.78,2025-08-26 12:39:05.642343,2025-08-26 12:39:08.284903,0 days 00:00:02.642560,min,16,0.0005392063471055958,3,7,bell,COMPLETE
305,0.8018181818181818,2025-08-26 12:39:08.285244,2025-08-26 12:39:11.373426,0 days 00:00:03.088182,min,16,0.0007952326136237384,4,7,bell,COMPLETE
306,0.8399999999999999,2025-08-26 12:39:11.373762,2025-08-26 12:39:14.019889,0 days 00:00:02.646127,min,16,0.0007162404801307958,3,7,bell,COMPLETE
307,0.72,2025-08-26 12:39:14.020241,2025-08-26 12:39:15.524361,0 days 00:00:01.504120,min,32,0.0008479062385571651,3,6,sigmoid,COMPLETE
308,0.8018181818181818,2025-08-26 12:39:15.524686,2025-08-26 12:39:17.714856,0 days 00:00:02.190170,min,16,0.0009943979796741289,2,7,bell,COMPLETE
309,0.8399999999999999,2025-08-26 12:39:17.715188,2025-08-26 12:39:20.172676,0 days 00:00:02.457488,min,16,0.0009174834394474436,3,7,gaussian,COMPLETE
310,0.8399999999999999,2025-08-26 12:39:20.173038,2025-08-26 12:39:22.817459,0 days 00:00:02.644421,min,16,0.0007590100669981059,3,7,bell,COMPLETE
311,0.8399999999999999,2025-08-26 12:39:22.817791,2025-08-26 12:39:25.604413,0 days 00:00:02.786622,prod,16,0.0006514874884671092,3,7,bell,COMPLETE
312,0.82,2025-08-26 12:39:25.604754,2025-08-26 12:39:28.690846,0 days 00:00:03.086092,min,16,0.0005771683471391251,4,7,bell,COMPLETE
313,0.8036363636363635,2025-08-26 12:39:28.691185,2025-08-26 12:39:31.142626,0 days 00:00:02.451441,min,16,0.0008462251608162723,3,6,bell,COMPLETE
314,0.8399999999999999,2025-08-26 12:39:31.142961,2025-08-26 12:39:33.601315,0 days 00:00:02.458354,min,16,0.0009301109455856427,3,7,gaussian,COMPLETE
315,0.7854545454545454,2025-08-26 12:39:33.601678,2025-08-26 12:39:36.246503,0 days 00:00:02.644825,min,16,0.0006997044183871906,3,7,bell,COMPLETE
316,0.8399999999999999,2025-08-26 12:39:36.246849,2025-08-26 12:39:38.697373,0 days 00:00:02.450524,min,16,0.0009994425536198467,3,6,bell,COMPLETE
317,0.8399999999999999,2025-08-26 12:39:38.697697,2025-08-26 12:39:42.238648,0 days 00:00:03.540951,min,16,0.0007811809566620167,5,7,bell,COMPLETE
318,0.6472727272727272,2025-08-26 12:39:42.238985,2025-08-26 12:39:44.885172,0 days 00:00:02.646187,min,16,0.0002249917274430876,3,7,bell,COMPLETE
319,0.76,2025-08-26 12:39:44.885510,2025-08-26 12:39:45.878632,0 days 00:00:00.993122,prod,64,0.000861039732360221,3,7,gaussian,COMPLETE
320,0.82,2025-08-26 12:39:45.878947,2025-08-26 12:39:48.522131,0 days 00:00:02.643184,min,16,0.0008000898831716647,3,7,bell,COMPLETE
321,0.7854545454545454,2025-08-26 12:39:48.522480,2025-08-26 12:39:50.904696,0 days 00:00:02.382216,min,16,0.0009092773415291302,3,7,sigmoid,COMPLETE
322,0.82,2025-08-26 12:39:50.905041,2025-08-26 12:39:53.354962,0 days 00:00:02.449921,min,16,0.0006211523856743782,3,6,bell,COMPLETE
323,0.8,2025-08-26 12:39:53.355300,2025-08-26 12:39:56.441347,0 days 00:00:03.086047,min,16,0.0007154389675574174,4,7,bell,COMPLETE
324,0.8,2025-08-26 12:39:56.441698,2025-08-26 12:39:59.085357,0 days 00:00:02.643659,min,16,0.0008347252016497027,3,7,bell,COMPLETE
325,0.5836363636363637,2025-08-26 12:39:59.085706,2025-08-26 12:40:00.957308,0 days 00:00:01.871602,min,16,0.00018048990381769176,2,6,gaussian,COMPLETE
326,0.76,2025-08-26 12:40:00.957650,2025-08-26 12:40:04.045060,0 days 00:00:03.087410,min,16,0.0007587433705372403,4,7,bell,COMPLETE
327,0.44363636363636366,2025-08-26 12:40:04.045404,2025-08-26 12:40:06.832950,0 days 00:00:02.787546,prod,16,0.00010106300788824029,3,7,bell,COMPLETE
328,0.76,2025-08-26 12:40:06.833293,2025-08-26 12:40:08.893273,0 days 00:00:02.059980,min,16,0.0009240926159600606,3,4,bell,COMPLETE
329,0.78,2025-08-26 12:40:08.893613,2025-08-26 12:40:11.151368,0 days 00:00:02.257755,min,16,0.0008583683331019047,3,5,bell,COMPLETE
330,0.6836363636363637,2025-08-26 12:40:11.151718,2025-08-26 12:40:12.839924,0 days 00:00:01.688206,min,32,0.0006645678821932997,3,7,gaussian,COMPLETE
331,0.82,2025-08-26 12:40:12.840262,2025-08-26 12:40:15.485079,0 days 00:00:02.644817,min,16,0.000989744836004236,3,7,bell,COMPLETE
332,0.7436363636363637,2025-08-26 12:40:15.485430,2025-08-26 12:40:17.677856,0 days 00:00:02.192426,min,16,0.0007453088130590201,3,6,sigmoid,COMPLETE
333,0.5599999999999999,2025-08-26 12:40:17.678186,2025-08-26 12:40:20.323665,0 days 00:00:02.645479,min,16,0.00013250229646154243,3,7,bell,COMPLETE
334,0.7799999999999999,2025-08-26 12:40:20.324007,2025-08-26 12:40:22.969587,0 days 00:00:02.645580,min,16,0.0008185002020038697,3,7,bell,COMPLETE
335,0.8399999999999999,2025-08-26 12:40:22.969942,2025-08-26 12:40:26.250586,0 days 00:00:03.280644,prod,16,0.0009127090679688426,4,7,bell,COMPLETE
336,0.82,2025-08-26 12:40:26.250937,2025-08-26 12:40:28.709726,0 days 00:00:02.458789,min,16,0.0005882439444350599,3,7,gaussian,COMPLETE
337,0.8018181818181818,2025-08-26 12:40:28.710062,2025-08-26 12:40:30.769057,0 days 00:00:02.058995,min,16,0.000671988483283328,2,6,bell,COMPLETE
338,0.8399999999999999,2025-08-26 12:40:30.769323,2025-08-26 12:40:33.412260,0 days 00:00:02.642937,min,16,0.0009998124802555592,3,7,bell,COMPLETE
339,0.8018181818181818,2025-08-26 12:40:33.412613,2025-08-26 12:40:36.057376,0 days 00:00:02.644763,min,16,0.0007949660913383385,3,7,bell,COMPLETE
340,0.82,2025-08-26 12:40:36.057719,2025-08-26 12:40:39.599355,0 days 00:00:03.541636,min,16,0.0008764167446143996,5,7,bell,COMPLETE
341,0.6072727272727272,2025-08-26 12:40:39.599712,2025-08-26 12:40:40.441953,0 days 00:00:00.842241,min,64,0.0004846891870355763,3,6,gaussian,COMPLETE
342,0.82,2025-08-26 12:40:40.442255,2025-08-26 12:40:43.088433,0 days 00:00:02.646178,min,16,0.0007295852885998758,3,7,bell,COMPLETE
343,0.7672727272727272,2025-08-26 12:40:43.088790,2025-08-26 12:40:45.875745,0 days 00:00:02.786955,prod,16,0.0009133618768014113,3,7,bell,COMPLETE
344,0.82,2025-08-26 12:40:45.876089,2025-08-26 12:40:49.883476,0 days 00:00:04.007387,min,16,0.0007930523353681696,6,7,bell,COMPLETE
345,0.8399999999999999,2025-08-26 12:40:49.883834,2025-08-26 12:40:52.268846,0 days 00:00:02.385012,min,16,0.000858661138537022,3,7,sigmoid,COMPLETE
346,0.7654545454545454,2025-08-26 12:40:52.269192,2025-08-26 12:40:54.721629,0 days 00:00:02.452437,min,16,0.0006815794777923547,3,6,bell,COMPLETE
347,0.74,2025-08-26 12:40:54.721964,2025-08-26 12:40:56.393095,0 days 00:00:01.671131,min,16,0.0005307802944937131,3,3,gaussian,COMPLETE
348,0.34545454545454546,2025-08-26 12:40:56.393401,2025-08-26 12:40:59.482719,0 days 00:00:03.089318,min,16,2.8254780853668523e-05,4,7,bell,COMPLETE
349,0.8399999999999999,2025-08-26 12:40:59.483074,2025-08-26 12:41:02.130138,0 days 00:00:02.647064,min,16,0.0006137085577727474,3,7,bell,COMPLETE
350,0.8218181818181817,2025-08-26 12:41:02.130484,2025-08-26 12:41:04.778490,0 days 00:00:02.648006,min,16,0.0009999888811344899,3,7,bell,COMPLETE
351,0.7454545454545454,2025-08-26 12:41:04.778835,2025-08-26 12:41:06.544454,0 days 00:00:01.765619,prod,32,0.0007493823467015131,3,6,bell,COMPLETE
352,0.8399999999999999,2025-08-26 12:41:06.544795,2025-08-26 12:41:09.007815,0 days 00:00:02.463020,min,16,0.0008542010735318632,3,7,gaussian,COMPLETE
353,0.82,2025-08-26 12:41:09.008160,2025-08-26 12:41:12.551377,0 days 00:00:03.543217,min,16,0.0009261002523107992,5,7,bell,COMPLETE
354,0.7854545454545454,2025-08-26 12:41:12.551719,2025-08-26 12:41:15.643358,0 days 00:00:03.091639,min,16,0.0007883504719386226,4,7,bell,COMPLETE
355,0.86,2025-08-26 12:41:15.643708,2025-08-26 12:41:18.291194,0 days 00:00:02.647486,min,16,0.000726812252793385,3,7,bell,COMPLETE
356,0.8,2025-08-26 12:41:18.291539,2025-08-26 12:41:20.354819,0 days 00:00:02.063280,min,16,0.0006578241970749013,2,6,bell,COMPLETE
357,0.82,2025-08-26 12:41:20.355160,2025-08-26 12:41:23.001368,0 days 00:00:02.646208,min,16,0.0007115478629781994,3,7,bell,COMPLETE
358,0.650909090909091,2025-08-26 12:41:23.001722,2025-08-26 12:41:25.387306,0 days 00:00:02.385584,min,16,0.0005971804213435467,3,7,sigmoid,COMPLETE
359,0.8399999999999999,2025-08-26 12:41:25.387650,2025-08-26 12:41:27.848650,0 days 00:00:02.461000,min,16,0.0009092368515555718,3,7,gaussian,COMPLETE
360,0.8036363636363635,2025-08-26 12:41:27.849016,2025-08-26 12:41:30.638976,0 days 00:00:02.789960,prod,16,0.0008481385605115402,3,7,bell,COMPLETE
361,0.78,2025-08-26 12:41:30.639299,2025-08-26 12:41:33.474010,0 days 00:00:02.834711,min,16,0.0007195209534711737,4,6,bell,COMPLETE
362,0.82,2025-08-26 12:41:33.474354,2025-08-26 12:41:36.123244,0 days 00:00:02.648890,min,16,0.0009328352318432573,3,7,bell,COMPLETE
363,0.6636363636363637,2025-08-26 12:41:36.123592,2025-08-26 12:41:37.101905,0 days 00:00:00.978313,min,64,0.0009951135270096245,3,7,bell,COMPLETE
364,0.8399999999999999,2025-08-26 12:41:37.102229,2025-08-26 12:41:39.563483,0 days 00:00:02.461254,min,16,0.0007839574115592244,3,7,gaussian,COMPLETE
365,0.82,2025-08-26 12:41:39.563841,2025-08-26 12:41:42.213122,0 days 00:00:02.649281,min,16,0.0005604835038819286,3,7,bell,COMPLETE
366,0.8399999999999999,2025-08-26 12:41:42.213484,2025-08-26 12:41:44.670818,0 days 00:00:02.457334,min,16,0.0008421232114278771,3,6,bell,COMPLETE
367,0.7018181818181818,2025-08-26 12:41:44.671182,2025-08-26 12:41:47.320758,0 days 00:00:02.649576,min,16,0.00040249315223383385,3,7,bell,COMPLETE
368,0.7799999999999999,2025-08-26 12:41:47.321110,2025-08-26 12:41:50.113725,0 days 00:00:02.792615,prod,16,0.0006423220293545558,3,7,bell,COMPLETE
369,0.8,2025-08-26 12:41:50.114083,2025-08-26 12:41:52.574396,0 days 00:00:02.460313,min,16,0.0007479705553902484,3,7,gaussian,COMPLETE
370,0.8399999999999999,2025-08-26 12:41:52.574748,2025-08-26 12:41:55.798424,0 days 00:00:03.223676,min,16,0.0008771759405818632,5,6,bell,COMPLETE
371,0.8218181818181817,2025-08-26 12:41:55.798763,2025-08-26 12:41:58.625367,0 days 00:00:02.826604,min,16,0.0009994413805637704,4,7,sigmoid,COMPLETE
372,0.761818181818182,2025-08-26 12:41:58.625723,2025-08-26 12:42:00.886438,0 days 00:00:02.260715,min,16,0.0006933412012122553,3,5,bell,COMPLETE
373,0.82,2025-08-26 12:42:00.886791,2025-08-26 12:42:03.535746,0 days 00:00:02.648955,min,16,0.0008008747035330544,3,7,bell,COMPLETE
374,0.72,2025-08-26 12:42:03.536105,2025-08-26 12:42:05.352205,0 days 00:00:01.816100,min,32,0.0009099384002613842,3,7,bell,COMPLETE
375,0.8036363636363635,2025-08-26 12:42:05.352565,2025-08-26 12:42:07.815684,0 days 00:00:02.463119,min,16,0.0008200805421924609,3,7,gaussian,COMPLETE
376,0.7799999999999999,2025-08-26 12:42:07.816052,2025-08-26 12:42:09.961624,0 days 00:00:02.145572,prod,16,0.0007326370016290856,2,6,bell,COMPLETE
377,0.7799999999999999,2025-08-26 12:42:09.961972,2025-08-26 12:42:13.053667,0 days 00:00:03.091695,min,16,0.0006328911102201376,4,7,bell,COMPLETE
378,0.8399999999999999,2025-08-26 12:42:13.054031,2025-08-26 12:42:15.702788,0 days 00:00:02.648757,min,16,0.0009047186185726391,3,7,bell,COMPLETE
379,0.8399999999999999,2025-08-26 12:42:15.703147,2025-08-26 12:42:18.352889,0 days 00:00:02.649742,min,16,0.0007949698936138232,3,7,bell,COMPLETE
380,0.29818181818181816,2025-08-26 12:42:18.353245,2025-08-26 12:42:21.736554,0 days 00:00:03.383309,min,16,8.120440719236971e-05,6,6,gaussian,COMPLETE
381,0.78,2025-08-26 12:42:21.736939,2025-08-26 12:42:23.798597,0 days 00:00:02.061658,min,16,0.0009969331876417264,3,4,bell,COMPLETE
382,0.8399999999999999,2025-08-26 12:42:23.798951,2025-08-26 12:42:26.446757,0 days 00:00:02.647806,min,16,0.0008605676170873765,3,7,bell,COMPLETE
383,0.649090909090909,2025-08-26 12:42:26.447123,2025-08-26 12:42:28.833828,0 days 00:00:02.386705,min,16,0.0004626546821706129,3,7,sigmoid,COMPLETE
384,0.6199999999999999,2025-08-26 12:42:28.834193,2025-08-26 12:42:32.118152,0 days 00:00:03.283959,prod,16,0.0003156166943587976,4,7,bell,COMPLETE
385,0.8,2025-08-26 12:42:32.118520,2025-08-26 12:42:34.767936,0 days 00:00:02.649416,min,16,0.0006828911513459406,3,7,bell,COMPLETE
386,0.82,2025-08-26 12:42:34.768294,2025-08-26 12:42:37.035831,0 days 00:00:02.267537,min,16,0.0007486639975563163,3,6,gaussian,COMPLETE
387,0.66,2025-08-26 12:42:37.036192,2025-08-26 12:42:38.013595,0 days 00:00:00.977403,min,64,0.0009237660634298111,3,7,bell,COMPLETE
388,0.8,2025-08-26 12:42:38.013960,2025-08-26 12:42:41.558019,0 days 00:00:03.544059,min,16,0.0005535817377070217,5,7,bell,COMPLETE
389,0.7836363636363636,2025-08-26 12:42:41.558387,2025-08-26 12:42:43.753735,0 days 00:00:02.195348,min,16,0.0008320429297924588,2,7,bell,COMPLETE
390,0.8,2025-08-26 12:42:43.754066,2025-08-26 12:42:46.208842,0 days 00:00:02.454776,min,16,0.0006272875744937938,3,6,bell,COMPLETE
391,0.7836363636363636,2025-08-26 12:42:46.209170,2025-08-26 12:42:48.671103,0 days 00:00:02.461933,min,16,0.0007502988404395964,3,7,gaussian,COMPLETE
392,0.8399999999999999,2025-08-26 12:42:48.671469,2025-08-26 12:42:51.957253,0 days 00:00:03.285784,prod,16,0.000918063360808415,4,7,bell,COMPLETE
393,0.7036363636363635,2025-08-26 12:42:51.957620,2025-08-26 12:42:56.362145,0 days 00:00:04.404525,min,16,0.000685255257542494,7,7,bell,COMPLETE
394,0.8399999999999999,2025-08-26 12:42:56.362512,2025-08-26 12:42:58.817307,0 days 00:00:02.454795,min,16,0.000816083095327775,3,6,bell,COMPLETE
395,0.8399999999999999,2025-08-26 12:42:58.817670,2025-08-26 12:43:01.203551,0 days 00:00:02.385881,min,16,0.0009332878294870969,3,7,sigmoid,COMPLETE
396,0.7218181818181819,2025-08-26 12:43:01.203917,2025-08-26 12:43:02.759089,0 days 00:00:01.555172,min,32,0.0008529002858626081,3,5,bell,COMPLETE
397,0.6272727272727273,2025-08-26 12:43:02.759442,2025-08-26 12:43:04.246059,0 days 00:00:01.486617,min,16,0.0007716485817574322,3,2,gaussian,COMPLETE
398,0.82,2025-08-26 12:43:04.246418,2025-08-26 12:43:06.895118,0 days 00:00:02.648700,min,16,0.0009952408764189297,3,7,bell,COMPLETE
399,0.8,2025-08-26 12:43:06.895478,2025-08-26 12:43:09.543831,0 days 00:00:02.648353,min,16,0.0007122142214724911,3,7,bell,COMPLETE
400,0.7836363636363636,2025-08-26 12:43:09.544193,2025-08-26 12:43:12.000029,0 days 00:00:02.455836,min,16,0.0008558908931826015,3,6,bell,COMPLETE
401,0.82,2025-08-26 12:43:12.000384,2025-08-26 12:43:14.792320,0 days 00:00:02.791936,prod,16,0.000614753045594217,3,7,bell,COMPLETE
402,0.82,2025-08-26 12:43:14.792683,2025-08-26 12:43:17.253438,0 days 00:00:02.460755,min,16,0.0009061749117007471,3,7,gaussian,COMPLETE
403,0.74,2025-08-26 12:43:17.253811,2025-08-26 12:43:20.345827,0 days 00:00:03.092016,min,16,0.0005218969589685744,4,7,bell,COMPLETE
404,0.78,2025-08-26 12:43:20.346193,2025-08-26 12:43:22.994103,0 days 00:00:02.647910,min,16,0.000786013026175326,3,7,bell,COMPLETE
405,0.7836363636363636,2025-08-26 12:43:22.994463,2025-08-26 12:43:25.449391,0 days 00:00:02.454928,min,16,0.0006792414856255124,3,6,bell,COMPLETE
406,0.7836363636363636,2025-08-26 12:43:25.449752,2025-08-26 12:43:28.098190,0 days 00:00:02.648438,min,16,0.0009275436807677818,3,7,bell,COMPLETE
407,0.8399999999999999,2025-08-26 12:43:28.098559,2025-08-26 12:43:30.560688,0 days 00:00:02.462129,min,16,0.0008334588672987174,3,7,gaussian,COMPLETE
408,0.74,2025-08-26 12:43:30.561067,2025-08-26 12:43:32.759791,0 days 00:00:02.198724,min,16,0.0003521911076110904,2,7,bell,COMPLETE
409,0.7799999999999999,2025-08-26 12:43:32.760149,2025-08-26 12:43:35.293467,0 days 00:00:02.533318,prod,16,0.000744876100780646,3,7,sigmoid,COMPLETE
410,0.30727272727272725,2025-08-26 12:43:35.293839,2025-08-26 12:43:38.518478,0 days 00:00:03.224639,min,16,5.102784842075611e-05,5,6,bell,COMPLETE
411,0.7054545454545454,2025-08-26 12:43:38.518833,2025-08-26 12:43:39.495270,0 days 00:00:00.976437,min,64,0.000995779060251737,3,7,bell,COMPLETE
412,0.8799999999999999,2025-08-26 12:43:39.495506,2025-08-26 12:43:42.143617,0 days 00:00:02.648111,min,16,0.0005724451042355112,3,7,bell,COMPLETE
413,0.8399999999999999,2025-08-26 12:43:42.143980,2025-08-26 12:43:44.792427,0 days 00:00:02.648447,min,16,0.0005057218099721119,3,7,bell,COMPLETE
414,0.8399999999999999,2025-08-26 12:43:44.792801,2025-08-26 12:43:47.256010,0 days 00:00:02.463209,min,16,0.0005682060850012209,3,7,gaussian,COMPLETE
415,0.78,2025-08-26 12:43:47.256377,2025-08-26 12:43:49.713581,0 days 00:00:02.457204,min,16,0.0005701370088616712,3,6,bell,COMPLETE
416,0.82,2025-08-26 12:43:49.713951,2025-08-26 12:43:52.364680,0 days 00:00:02.650729,min,16,0.0005859363394657858,3,7,bell,COMPLETE
417,0.8399999999999999,2025-08-26 12:43:52.365056,2025-08-26 12:43:55.157947,0 days 00:00:02.792891,prod,16,0.0006387474163797285,3,7,bell,COMPLETE
418,0.82,2025-08-26 12:43:55.158314,2025-08-26 12:43:57.807133,0 days 00:00:02.648819,min,16,0.0006677743884680127,3,7,bell,COMPLETE
419,0.7818181818181819,2025-08-26 12:43:57.807489,2025-08-26 12:44:00.268513,0 days 00:00:02.461024,min,16,0.0004860195203287079,3,7,gaussian,COMPLETE
420,0.8,2025-08-26 12:44:00.268879,2025-08-26 12:44:02.726123,0 days 00:00:02.457244,min,16,0.0007280594916043704,3,6,bell,COMPLETE
421,0.7654545454545454,2025-08-26 12:44:02.726476,2025-08-26 12:44:04.541822,0 days 00:00:01.815346,min,32,0.0006560478102348736,3,7,bell,COMPLETE
422,0.8054545454545454,2025-08-26 12:44:04.542190,2025-08-26 12:44:06.541315,0 days 00:00:01.999125,min,16,0.0007900839561025908,3,5,sigmoid,COMPLETE
423,0.8399999999999999,2025-08-26 12:44:06.541664,2025-08-26 12:44:09.189361,0 days 00:00:02.647697,min,16,0.0007097388823194723,3,7,bell,COMPLETE
424,0.82,2025-08-26 12:44:09.189715,2025-08-26 12:44:11.838960,0 days 00:00:02.649245,min,16,0.0008558866237552842,3,7,bell,COMPLETE
425,0.7854545454545454,2025-08-26 12:44:11.839323,2025-08-26 12:44:14.263565,0 days 00:00:02.424242,prod,16,0.0006076394857170195,3,6,gaussian,COMPLETE
426,0.8399999999999999,2025-08-26 12:44:14.263945,2025-08-26 12:44:16.915471,0 days 00:00:02.651526,min,16,0.0005441077489217988,3,7,bell,COMPLETE
427,0.8399999999999999,2025-08-26 12:44:16.915843,2025-08-26 12:44:19.565969,0 days 00:00:02.650126,min,16,0.0007832409339628377,3,7,bell,COMPLETE
428,0.82,2025-08-26 12:44:19.566335,2025-08-26 12:44:22.216438,0 days 00:00:02.650103,min,16,0.0008593095254354768,3,7,bell,COMPLETE
429,0.82,2025-08-26 12:44:22.216820,2025-08-26 12:44:24.867135,0 days 00:00:02.650315,min,16,0.0007026189287919853,3,7,bell,COMPLETE
430,0.5072727272727272,2025-08-26 12:44:24.867510,2025-08-26 12:44:25.712193,0 days 00:00:00.844683,min,64,0.0004273300238859996,3,6,gaussian,COMPLETE
431,0.8399999999999999,2025-08-26 12:44:25.712524,2025-08-26 12:44:28.365219,0 days 00:00:02.652695,min,16,0.0007608475938130834,3,7,bell,COMPLETE
432,0.76,2025-08-26 12:44:28.365589,2025-08-26 12:44:31.015259,0 days 00:00:02.649670,min,16,0.0008940648844142237,3,7,bell,COMPLETE
433,0.7290909090909091,2025-08-26 12:44:31.015634,2025-08-26 12:44:33.160989,0 days 00:00:02.145355,prod,16,0.0006335339634430993,2,6,bell,COMPLETE
434,0.78,2025-08-26 12:44:33.161342,2025-08-26 12:44:35.546481,0 days 00:00:02.385139,min,16,0.00083991049855658,3,7,sigmoid,COMPLETE
435,0.76,2025-08-26 12:44:35.546827,2025-08-26 12:44:38.196415,0 days 00:00:02.649588,min,16,0.0007794485550398563,3,7,bell,COMPLETE
436,0.3,2025-08-26 12:44:38.196783,2025-08-26 12:44:40.657657,0 days 00:00:02.460874,min,16,3.4935938171780006e-05,3,7,gaussian,COMPLETE
437,0.8018181818181818,2025-08-26 12:44:40.658035,2025-08-26 12:44:44.668765,0 days 00:00:04.010730,min,16,0.0009206717295718048,6,7,bell,COMPLETE
438,0.8036363636363635,2025-08-26 12:44:44.669147,2025-08-26 12:44:47.896332,0 days 00:00:03.227185,min,16,0.0006964992055171766,5,6,bell,COMPLETE
439,0.7036363636363636,2025-08-26 12:44:47.896716,2025-08-26 12:44:50.545079,0 days 00:00:02.648363,min,16,0.0001937923373375199,3,7,bell,COMPLETE
440,0.8399999999999999,2025-08-26 12:44:50.545455,2025-08-26 12:44:53.195425,0 days 00:00:02.649970,min,16,0.0008063955205433142,3,7,bell,COMPLETE
441,0.8,2025-08-26 12:44:53.195802,2025-08-26 12:44:55.658763,0 days 00:00:02.462961,min,16,0.0009184836652562606,3,7,gaussian,COMPLETE
442,0.7854545454545454,2025-08-26 12:44:55.659134,2025-08-26 12:44:58.452474,0 days 00:00:02.793340,prod,16,0.0007331996868031154,3,7,bell,COMPLETE
443,0.76,2025-08-26 12:44:58.452863,2025-08-26 12:45:00.267569,0 days 00:00:01.814706,min,32,0.0005129136987107483,3,7,bell,COMPLETE
444,0.82,2025-08-26 12:45:00.267919,2025-08-26 12:45:02.722648,0 days 00:00:02.454729,min,16,0.0005980245150755205,3,6,bell,COMPLETE
445,0.8399999999999999,2025-08-26 12:45:02.722928,2025-08-26 12:45:05.369037,0 days 00:00:02.646109,min,16,0.0009932930097106287,3,7,bell,COMPLETE
446,0.76,2025-08-26 12:45:05.369394,2025-08-26 12:45:07.242664,0 days 00:00:01.873270,min,16,0.0008546336015508579,3,4,gaussian,COMPLETE
447,0.7472727272727273,2025-08-26 12:45:07.243026,2025-08-26 12:45:09.630074,0 days 00:00:02.387048,min,16,0.0006479756293089875,3,7,sigmoid,COMPLETE
448,0.7200000000000001,2025-08-26 12:45:09.630437,2025-08-26 12:45:13.177373,0 days 00:00:03.546936,min,16,0.0002416295952337494,5,7,bell,COMPLETE
449,0.43636363636363634,2025-08-26 12:45:13.177765,2025-08-26 12:45:15.439192,0 days 00:00:02.261427,min,16,0.0001426816270383658,3,5,bell,COMPLETE
450,0.8399999999999999,2025-08-26 12:45:15.439563,2025-08-26 12:45:17.732421,0 days 00:00:02.292858,prod,16,0.0007845724688456363,2,7,bell,COMPLETE
451,0.8399999999999999,2025-08-26 12:45:17.732809,2025-08-26 12:45:20.382845,0 days 00:00:02.650036,min,16,0.0009279805287316301,3,7,bell,COMPLETE
452,0.2381818181818182,2025-08-26 12:45:20.383212,2025-08-26 12:45:22.845608,0 days 00:00:02.462396,min,16,6.552109472273112e-05,3,7,gaussian,COMPLETE
453,0.6636363636363637,2025-08-26 12:45:22.845990,2025-08-26 12:45:23.757869,0 days 00:00:00.911879,min,64,0.0007063429580686836,3,6,bell,COMPLETE
454,0.82,2025-08-26 12:45:23.758230,2025-08-26 12:45:26.409545,0 days 00:00:02.651315,min,16,0.0008570565138792571,3,7,bell,COMPLETE
455,0.82,2025-08-26 12:45:26.409916,2025-08-26 12:45:28.864797,0 days 00:00:02.454881,min,16,0.0007673362556284835,3,6,bell,COMPLETE
456,0.8399999999999999,2025-08-26 12:45:28.865141,2025-08-26 12:45:31.513383,0 days 00:00:02.648242,min,16,0.0009210041375300852,3,7,bell,COMPLETE
457,0.78,2025-08-26 12:45:31.513766,2025-08-26 12:45:33.973595,0 days 00:00:02.459829,min,16,0.0005592223314418278,3,7,gaussian,COMPLETE
458,0.7436363636363635,2025-08-26 12:45:33.973973,2025-08-26 12:45:36.768936,0 days 00:00:02.794963,prod,16,0.0006723104981459966,3,7,bell,COMPLETE
459,0.8036363636363635,2025-08-26 12:45:36.769320,2025-08-26 12:45:39.155709,0 days 00:00:02.386389,min,16,0.0008303660759718549,3,7,sigmoid,COMPLETE
460,0.8399999999999999,2025-08-26 12:45:39.156089,2025-08-26 12:45:41.221639,0 days 00:00:02.065550,min,16,0.000995094882109276,2,6,bell,COMPLETE
461,0.8,2025-08-26 12:45:41.222015,2025-08-26 12:45:43.873355,0 days 00:00:02.651340,min,16,0.0007309545679961363,3,7,bell,COMPLETE
462,0.82,2025-08-26 12:45:43.873728,2025-08-26 12:45:46.522395,0 days 00:00:02.648667,min,16,0.0008656481894700823,3,7,bell,COMPLETE
463,0.8399999999999999,2025-08-26 12:45:46.522780,2025-08-26 12:45:48.985062,0 days 00:00:02.462282,min,16,0.0008117414774268086,3,7,gaussian,COMPLETE
464,0.7054545454545453,2025-08-26 12:45:48.985445,2025-08-26 12:45:50.802430,0 days 00:00:01.816985,min,32,0.0006177746577913833,3,7,bell,COMPLETE
465,0.82,2025-08-26 12:45:50.802807,2025-08-26 12:45:53.259451,0 days 00:00:02.456644,min,16,0.000903786464477474,3,6,bell,COMPLETE
466,0.7854545454545454,2025-08-26 12:45:53.259824,2025-08-26 12:45:56.053099,0 days 00:00:02.793275,prod,16,0.0007435164662516064,3,7,bell,COMPLETE
467,0.33999999999999997,2025-08-26 12:45:56.053476,2025-08-26 12:45:58.510030,0 days 00:00:02.456554,min,16,2.246282660169771e-05,3,6,bell,COMPLETE
468,0.8,2025-08-26 12:45:58.510407,2025-08-26 12:46:00.973605,0 days 00:00:02.463198,min,16,0.0006577323344654878,3,7,gaussian,COMPLETE
469,0.35090909090909095,2025-08-26 12:46:00.973987,2025-08-26 12:46:04.519499,0 days 00:00:03.545512,min,16,1.0760045841798667e-05,5,7,bell,COMPLETE
470,0.74,2025-08-26 12:46:04.519905,2025-08-26 12:46:07.169741,0 days 00:00:02.649836,min,16,0.0009245088235001945,3,7,bell,COMPLETE
471,0.8,2025-08-26 12:46:07.170131,2025-08-26 12:46:09.559503,0 days 00:00:02.389372,min,16,0.0007987336531464233,3,7,sigmoid,COMPLETE
472,0.8399999999999999,2025-08-26 12:46:09.559888,2025-08-26 12:46:12.018443,0 days 00:00:02.458555,min,16,0.0009909273270003714,3,6,bell,COMPLETE
473,0.7636363636363637,2025-08-26 12:46:12.018823,2025-08-26 12:46:14.668912,0 days 00:00:02.650089,min,16,0.00046352223814730386,3,7,bell,COMPLETE
474,0.8018181818181818,2025-08-26 12:46:14.669301,2025-08-26 12:46:16.865180,0 days 00:00:02.195879,prod,16,0.0005902727170361622,2,7,gaussian,COMPLETE
475,0.3890909090909091,2025-08-26 12:46:16.865557,2025-08-26 12:46:19.515459,0 days 00:00:02.649902,min,16,1.5344635112676545e-05,3,7,bell,COMPLETE
476,0.7818181818181819,2025-08-26 12:46:19.515836,2025-08-26 12:46:22.168615,0 days 00:00:02.652779,min,16,0.0007003618926348736,3,7,bell,COMPLETE
477,0.6672727272727272,2025-08-26 12:46:22.169018,2025-08-26 12:46:23.079322,0 days 00:00:00.910304,min,64,0.000855177318970866,3,6,bell,COMPLETE
478,0.8399999999999999,2025-08-26 12:46:23.079625,2025-08-26 12:46:25.727283,0 days 00:00:02.647658,min,16,0.0009984082003779162,3,7,bell,COMPLETE
479,0.7799999999999999,2025-08-26 12:46:25.727660,2025-08-26 12:46:27.799903,0 days 00:00:02.072243,min,16,0.0007870239211213375,3,5,gaussian,COMPLETE
480,0.8036363636363635,2025-08-26 12:46:27.800289,2025-08-26 12:46:30.449296,0 days 00:00:02.649007,min,16,0.0005275017732201101,3,7,bell,COMPLETE
481,0.8399999999999999,2025-08-26 12:46:30.449685,2025-08-26 12:46:33.097364,0 days 00:00:02.647679,min,16,0.0009058466758683151,3,7,bell,COMPLETE
482,0.78,2025-08-26 12:46:33.097744,2025-08-26 12:46:35.890057,0 days 00:00:02.792313,prod,16,0.0007380140392930899,3,7,bell,COMPLETE
483,0.7,2025-08-26 12:46:35.890449,2025-08-26 12:46:38.345090,0 days 00:00:02.454641,min,16,0.0008500994976821033,3,6,bell,COMPLETE
484,0.7436363636363635,2025-08-26 12:46:38.345467,2025-08-26 12:46:40.732275,0 days 00:00:02.386808,min,16,0.0006473141330437734,3,7,sigmoid,COMPLETE
485,0.7799999999999999,2025-08-26 12:46:40.732669,2025-08-26 12:46:42.423433,0 days 00:00:01.690764,min,32,0.0008094491673567753,3,7,gaussian,COMPLETE
486,0.8399999999999999,2025-08-26 12:46:42.423815,2025-08-26 12:46:45.075330,0 days 00:00:02.651515,min,16,0.0009139499926810484,3,7,bell,COMPLETE
487,0.8,2025-08-26 12:46:45.075713,2025-08-26 12:46:48.621295,0 days 00:00:03.545582,min,16,0.0007106199527827745,5,7,bell,COMPLETE
488,0.82,2025-08-26 12:46:48.621674,2025-08-26 12:46:51.078964,0 days 00:00:02.457290,min,16,0.0007705029593396632,3,6,bell,COMPLETE
489,0.76,2025-08-26 12:46:51.079328,2025-08-26 12:46:53.728313,0 days 00:00:02.648985,min,16,0.0005893299907386323,3,7,bell,COMPLETE
490,0.7999999999999999,2025-08-26 12:46:53.728721,2025-08-26 12:46:55.929823,0 days 00:00:02.201102,prod,16,0.0008639638175865598,2,7,gaussian,COMPLETE
491,0.82,2025-08-26 12:46:55.930200,2025-08-26 12:46:58.579190,0 days 00:00:02.648990,min,16,0.0006644374778431271,3,7,bell,COMPLETE
492,0.8399999999999999,2025-08-26 12:46:58.579579,2025-08-26 12:47:01.039203,0 days 00:00:02.459624,min,16,0.0009250555113099908,3,6,bell,COMPLETE
493,0.76,2025-08-26 12:47:01.039588,2025-08-26 12:47:04.132786,0 days 00:00:03.093198,min,16,0.000805760927340336,4,7,bell,COMPLETE
494,0.8399999999999999,2025-08-26 12:47:04.133185,2025-08-26 12:47:06.784908,0 days 00:00:02.651723,min,16,0.0009936739676442213,3,7,bell,COMPLETE
495,0.8399999999999999,2025-08-26 12:47:06.785294,2025-08-26 12:47:09.248778,0 days 00:00:02.463484,min,16,0.0007522586454227666,3,7,gaussian,COMPLETE
496,0.82,2025-08-26 12:47:09.249169,2025-08-26 12:47:11.708668,0 days 00:00:02.459499,min,16,0.00086939509583961,3,6,bell,COMPLETE
497,0.5272727272727273,2025-08-26 12:47:11.709064,2025-08-26 12:47:12.594744,0 days 00:00:00.885680,min,64,0.0006831890301015921,3,7,sigmoid,COMPLETE
498,0.8399999999999999,2025-08-26 12:47:12.595108,2025-08-26 12:47:16.900452,0 days 00:00:04.305344,prod,16,0.0008276505290153823,6,7,bell,COMPLETE
499,0.609090909090909,2025-08-26 12:47:16.900854,2025-08-26 12:47:18.768197,0 days 00:00:01.867343,min,16,0.000927921665609675,3,3,bell,COMPLETE
