number,value,datetime_start,datetime_complete,duration,params_activation,params_batch_size,params_hidden_dim,params_lr,params_n_layers,state
0,0.3527272727272727,2025-08-26 12:47:18.783130,2025-08-26 12:47:19.344291,0 days 00:00:00.561161,relu,32,58,3.91952223106112e-05,3,COMPLETE
1,0.3527272727272727,2025-08-26 12:47:19.344483,2025-08-26 12:47:19.882942,0 days 00:00:00.538459,relu,32,28,1.8565396905975665e-05,3,COMPLETE
2,0.45272727272727276,2025-08-26 12:47:19.883194,2025-08-26 12:47:20.342450,0 days 00:00:00.459256,sigmoid,64,51,0.0006723973627904507,3,COMPLETE
3,0.7054545454545454,2025-08-26 12:47:20.342663,2025-08-26 12:47:21.288823,0 days 00:00:00.946160,tanh,16,35,0.0001539323481201528,4,COMPLETE
4,0.3527272727272727,2025-08-26 12:47:21.289059,2025-08-26 12:47:21.637046,0 days 00:00:00.347987,relu,64,17,4.045109579028968e-05,4,COMPLETE
5,0.3327272727272727,2025-08-26 12:47:21.637259,2025-08-26 12:47:22.391363,0 days 00:00:00.754104,tanh,16,34,1.3876793763514806e-05,3,COMPLETE
6,0.40545454545454546,2025-08-26 12:47:22.391602,2025-08-26 12:47:22.666748,0 days 00:00:00.275146,relu,64,23,3.65094445323556e-05,2,COMPLETE
7,0.3527272727272727,2025-08-26 12:47:22.666940,2025-08-26 12:47:23.136598,0 days 00:00:00.469658,sigmoid,32,62,2.8489437720269374e-05,2,COMPLETE
8,0.5872727272727273,2025-08-26 12:47:23.136838,2025-08-26 12:47:23.419844,0 days 00:00:00.283006,tanh,64,50,0.00025412248247874453,2,COMPLETE
9,0.37272727272727274,2025-08-26 12:47:23.420022,2025-08-26 12:47:24.044069,0 days 00:00:00.624047,sigmoid,32,51,2.126644238945875e-05,4,COMPLETE
10,0.3527272727272728,2025-08-26 12:47:24.044277,2025-08-26 12:47:24.559605,0 days 00:00:00.515328,tanh,16,8,0.0001278127842116999,1,COMPLETE
11,0.6072727272727273,2025-08-26 12:47:24.559787,2025-08-26 12:47:25.094483,0 days 00:00:00.534696,tanh,16,43,0.00022172591581985578,1,COMPLETE
12,0.5654545454545454,2025-08-26 12:47:25.094715,2025-08-26 12:47:25.628796,0 days 00:00:00.534081,tanh,16,41,0.00023630235143834956,1,COMPLETE
13,0.6272727272727273,2025-08-26 12:47:25.629020,2025-08-26 12:47:26.164351,0 days 00:00:00.535331,tanh,16,41,0.0006955955423008165,1,COMPLETE
14,0.8036363636363635,2025-08-26 12:47:26.164560,2025-08-26 12:47:27.036559,0 days 00:00:00.871999,tanh,16,33,0.0008446487551502111,4,COMPLETE
15,0.8399999999999999,2025-08-26 12:47:27.036814,2025-08-26 12:47:27.906641,0 days 00:00:00.869827,tanh,16,30,0.0009168787774941773,4,COMPLETE
16,0.76,2025-08-26 12:47:27.906854,2025-08-26 12:47:28.771676,0 days 00:00:00.864822,tanh,16,26,0.0004379485625111959,4,COMPLETE
17,0.8,2025-08-26 12:47:28.771892,2025-08-26 12:47:29.601263,0 days 00:00:00.829371,tanh,16,14,0.0009621216010471829,4,COMPLETE
18,0.47272727272727266,2025-08-26 12:47:29.601507,2025-08-26 12:47:30.473591,0 days 00:00:00.872084,tanh,16,31,6.782463155162375e-05,4,COMPLETE
19,0.37272727272727274,2025-08-26 12:47:30.473835,2025-08-26 12:47:31.224823,0 days 00:00:00.750988,sigmoid,16,21,0.00039481445964448654,3,COMPLETE
20,0.8,2025-08-26 12:47:31.225030,2025-08-26 12:47:32.100636,0 days 00:00:00.875606,tanh,16,37,0.0009664636532644623,4,COMPLETE
21,0.82,2025-08-26 12:47:32.100896,2025-08-26 12:47:32.927345,0 days 00:00:00.826449,tanh,16,13,0.0009217877119959753,4,COMPLETE
22,0.6618181818181817,2025-08-26 12:47:32.927581,2025-08-26 12:47:33.748982,0 days 00:00:00.821401,tanh,16,11,0.0004917898288741388,4,COMPLETE
23,0.7454545454545456,2025-08-26 12:47:33.749230,2025-08-26 12:47:34.500754,0 days 00:00:00.751524,tanh,16,19,0.0006377617774919718,3,COMPLETE
24,0.76,2025-08-26 12:47:34.500993,2025-08-26 12:47:35.367896,0 days 00:00:00.866903,tanh,16,28,0.00036992417667111165,4,COMPLETE
25,0.3872727272727273,2025-08-26 12:47:35.368138,2025-08-26 12:47:36.227521,0 days 00:00:00.859383,tanh,16,24,7.247896532471709e-05,4,COMPLETE
26,0.82,2025-08-26 12:47:36.227764,2025-08-26 12:47:36.956227,0 days 00:00:00.728463,tanh,16,15,0.0009630966656140581,3,COMPLETE
27,0.6054545454545455,2025-08-26 12:47:36.956469,2025-08-26 12:47:37.682575,0 days 00:00:00.726106,tanh,16,14,0.0002981369631982307,3,COMPLETE
28,0.3345454545454546,2025-08-26 12:47:37.682813,2025-08-26 12:47:38.135395,0 days 00:00:00.452582,relu,32,8,0.0006433034317891383,2,COMPLETE
29,0.33272727272727276,2025-08-26 12:47:38.135609,2025-08-26 12:47:38.451712,0 days 00:00:00.316103,sigmoid,64,15,0.000484628817734189,3,COMPLETE
30,0.3927272727272727,2025-08-26 12:47:38.451920,2025-08-26 12:47:38.988967,0 days 00:00:00.537047,relu,32,20,0.00019407173850698121,3,COMPLETE
31,0.8018181818181818,2025-08-26 12:47:38.989146,2025-08-26 12:47:39.857208,0 days 00:00:00.868062,tanh,16,30,0.0009908083007370127,4,COMPLETE
32,0.7818181818181819,2025-08-26 12:47:39.857394,2025-08-26 12:47:40.747244,0 days 00:00:00.889850,tanh,16,47,0.0007681891023938076,4,COMPLETE
33,0.6654545454545454,2025-08-26 12:47:40.747421,2025-08-26 12:47:41.466718,0 days 00:00:00.719297,tanh,16,11,0.0005549747648555553,3,COMPLETE
34,0.82,2025-08-26 12:47:41.466905,2025-08-26 12:47:42.331014,0 days 00:00:00.864109,tanh,16,32,0.0007965294156906432,4,COMPLETE
35,0.761818181818182,2025-08-26 12:47:42.331174,2025-08-26 12:47:43.094165,0 days 00:00:00.762991,tanh,16,38,0.00032108524532456387,3,COMPLETE
36,0.6054545454545455,2025-08-26 12:47:43.094316,2025-08-26 12:47:43.453839,0 days 00:00:00.359523,relu,64,26,0.0005644060775589286,4,COMPLETE
37,0.82,2025-08-26 12:47:43.454014,2025-08-26 12:47:44.310602,0 days 00:00:00.856588,tanh,16,18,0.0007421697311420538,4,COMPLETE
38,0.37272727272727274,2025-08-26 12:47:44.310825,2025-08-26 12:47:44.773279,0 days 00:00:00.462454,sigmoid,32,22,0.0007919536234267585,2,COMPLETE
39,0.3327272727272727,2025-08-26 12:47:44.773461,2025-08-26 12:47:45.088750,0 days 00:00:00.315289,relu,64,11,1.000356658801122e-05,3,COMPLETE
40,0.7436363636363638,2025-08-26 12:47:45.088916,2025-08-26 12:47:45.985323,0 days 00:00:00.896407,tanh,16,56,0.00016520164870608616,4,COMPLETE
41,0.7636363636363637,2025-08-26 12:47:45.985577,2025-08-26 12:47:46.843613,0 days 00:00:00.858036,tanh,16,17,0.0007658136434856724,4,COMPLETE
42,0.7636363636363637,2025-08-26 12:47:46.843862,2025-08-26 12:47:47.701197,0 days 00:00:00.857335,tanh,16,17,0.0005949015915762113,4,COMPLETE
43,0.82,2025-08-26 12:47:47.701443,2025-08-26 12:47:48.566532,0 days 00:00:00.865089,tanh,16,25,0.0009580020656743493,4,COMPLETE
44,0.8218181818181817,2025-08-26 12:47:48.566746,2025-08-26 12:47:49.435866,0 days 00:00:00.869120,tanh,16,30,0.00045668122441806493,4,COMPLETE
45,0.7418181818181819,2025-08-26 12:47:49.436087,2025-08-26 12:47:50.198514,0 days 00:00:00.762427,tanh,16,33,0.0003572303445724517,3,COMPLETE
46,0.7636363636363637,2025-08-26 12:47:50.198732,2025-08-26 12:47:50.817280,0 days 00:00:00.618548,tanh,32,28,0.0004776567193434267,4,COMPLETE
47,0.37272727272727274,2025-08-26 12:47:50.817497,2025-08-26 12:47:51.682205,0 days 00:00:00.864708,sigmoid,16,30,0.00011118745717825053,4,COMPLETE
48,0.7254545454545456,2025-08-26 12:47:51.682467,2025-08-26 12:47:52.057017,0 days 00:00:00.374550,tanh,64,46,0.00027735019114048955,4,COMPLETE
49,0.82,2025-08-26 12:47:52.057237,2025-08-26 12:47:52.710342,0 days 00:00:00.653105,tanh,16,39,0.0006536383065472419,2,COMPLETE
50,0.76,2025-08-26 12:47:52.710569,2025-08-26 12:47:53.575097,0 days 00:00:00.864528,tanh,16,23,0.0004284797366323155,4,COMPLETE
51,0.8,2025-08-26 12:47:53.575340,2025-08-26 12:47:54.447426,0 days 00:00:00.872086,tanh,16,34,0.0008010793051907497,4,COMPLETE
52,0.76,2025-08-26 12:47:54.447678,2025-08-26 12:47:55.276454,0 days 00:00:00.828776,tanh,16,13,0.0008512868418603769,4,COMPLETE
53,0.7036363636363636,2025-08-26 12:47:55.276663,2025-08-26 12:47:56.136010,0 days 00:00:00.859347,tanh,16,19,0.0005437102214154983,4,COMPLETE
54,0.7836363636363636,2025-08-26 12:47:56.136251,2025-08-26 12:47:57.011734,0 days 00:00:00.875483,tanh,16,35,0.0007152966343781151,4,COMPLETE
55,0.8218181818181817,2025-08-26 12:47:57.011987,2025-08-26 12:47:57.879681,0 days 00:00:00.867694,tanh,16,28,0.000865627370251337,4,COMPLETE
56,0.8218181818181817,2025-08-26 12:47:57.879917,2025-08-26 12:47:58.751041,0 days 00:00:00.871124,tanh,16,31,0.0009651861529475153,4,COMPLETE
57,0.8018181818181818,2025-08-26 12:47:58.751297,2025-08-26 12:47:59.627038,0 days 00:00:00.875741,tanh,16,36,0.0009763161039193502,4,COMPLETE
58,0.3527272727272727,2025-08-26 12:47:59.627280,2025-08-26 12:48:00.383658,0 days 00:00:00.756378,sigmoid,16,29,0.0006393146698921053,3,COMPLETE
59,0.37272727272727274,2025-08-26 12:48:00.383887,2025-08-26 12:48:01.159748,0 days 00:00:00.775861,relu,16,41,5.134328721479784e-05,3,COMPLETE
60,0.3527272727272728,2025-08-26 12:48:01.159976,2025-08-26 12:48:01.778903,0 days 00:00:00.618927,tanh,32,27,2.7239209781747188e-05,4,COMPLETE
61,0.7818181818181816,2025-08-26 12:48:01.779153,2025-08-26 12:48:02.646453,0 days 00:00:00.867300,tanh,16,32,0.0008756787455343803,4,COMPLETE
62,0.8399999999999999,2025-08-26 12:48:02.646695,2025-08-26 12:48:03.513313,0 days 00:00:00.866618,tanh,16,32,0.0008638627840907791,4,COMPLETE
63,0.8018181818181818,2025-08-26 12:48:03.513565,2025-08-26 12:48:04.374895,0 days 00:00:00.861330,tanh,16,24,0.0009988756843209825,4,COMPLETE
64,0.8,2025-08-26 12:48:04.375153,2025-08-26 12:48:05.246067,0 days 00:00:00.870914,tanh,16,30,0.0005080708731580865,4,COMPLETE
65,0.82,2025-08-26 12:48:05.246288,2025-08-26 12:48:06.127521,0 days 00:00:00.881233,tanh,16,39,0.0006791192146098451,4,COMPLETE
66,0.45272727272727264,2025-08-26 12:48:06.127706,2025-08-26 12:48:06.940969,0 days 00:00:00.813263,tanh,16,8,0.00044722594251555176,4,COMPLETE
67,0.82,2025-08-26 12:48:06.941193,2025-08-26 12:48:07.307771,0 days 00:00:00.366578,tanh,64,35,0.0008545148685200357,4,COMPLETE
68,0.8,2025-08-26 12:48:07.307946,2025-08-26 12:48:08.059908,0 days 00:00:00.751962,tanh,16,21,0.000626285464183186,3,COMPLETE
69,0.5672727272727273,2025-08-26 12:48:08.060149,2025-08-26 12:48:08.593881,0 days 00:00:00.533732,tanh,16,26,0.00037994875755511463,1,COMPLETE
70,0.82,2025-08-26 12:48:08.594061,2025-08-26 12:48:09.485895,0 days 00:00:00.891834,relu,16,44,0.0005505703611544147,4,COMPLETE
71,0.8036363636363635,2025-08-26 12:48:09.486101,2025-08-26 12:48:10.359640,0 days 00:00:00.873539,tanh,16,33,0.0008255975543905355,4,COMPLETE
72,0.82,2025-08-26 12:48:10.359835,2025-08-26 12:48:11.238795,0 days 00:00:00.878960,tanh,16,37,0.0007309540677152143,4,COMPLETE
73,0.82,2025-08-26 12:48:11.239046,2025-08-26 12:48:12.105340,0 days 00:00:00.866294,tanh,16,32,0.0008799078908043403,4,COMPLETE
74,0.8,2025-08-26 12:48:12.105596,2025-08-26 12:48:12.972780,0 days 00:00:00.867184,tanh,16,28,0.0007193266003081974,4,COMPLETE
75,0.7436363636363638,2025-08-26 12:48:12.973041,2025-08-26 12:48:13.874563,0 days 00:00:00.901522,tanh,16,64,0.000898095630360414,4,COMPLETE
76,0.33272727272727276,2025-08-26 12:48:13.874790,2025-08-26 12:48:14.739586,0 days 00:00:00.864796,sigmoid,16,31,0.0006080271319902253,4,COMPLETE
77,0.8,2025-08-26 12:48:14.739806,2025-08-26 12:48:15.284726,0 days 00:00:00.544920,tanh,32,29,0.0007585295067444218,3,COMPLETE
78,0.6872727272727274,2025-08-26 12:48:15.284963,2025-08-26 12:48:16.117080,0 days 00:00:00.832117,tanh,16,15,0.0005245292966863139,4,COMPLETE
79,0.8399999999999999,2025-08-26 12:48:16.117314,2025-08-26 12:48:16.482536,0 days 00:00:00.365222,tanh,64,31,0.0008907931807519139,4,COMPLETE
80,0.8218181818181817,2025-08-26 12:48:16.482783,2025-08-26 12:48:16.846055,0 days 00:00:00.363272,tanh,64,25,0.0009858427681881503,4,COMPLETE
81,0.8018181818181818,2025-08-26 12:48:16.846274,2025-08-26 12:48:17.208229,0 days 00:00:00.361955,tanh,64,26,0.000930560744785547,4,COMPLETE
82,0.74,2025-08-26 12:48:17.208411,2025-08-26 12:48:17.566859,0 days 00:00:00.358448,tanh,64,24,0.0006787817477902509,4,COMPLETE
83,0.8018181818181818,2025-08-26 12:48:17.567047,2025-08-26 12:48:17.932425,0 days 00:00:00.365378,tanh,64,34,0.0008610166700110507,4,COMPLETE
84,0.8399999999999999,2025-08-26 12:48:17.932624,2025-08-26 12:48:18.297096,0 days 00:00:00.364472,tanh,64,31,0.0009987139191829906,4,COMPLETE
85,0.8018181818181818,2025-08-26 12:48:18.297268,2025-08-26 12:48:18.661543,0 days 00:00:00.364275,tanh,64,31,0.0008109826925488875,4,COMPLETE
86,0.7236363636363637,2025-08-26 12:48:18.661720,2025-08-26 12:48:19.023469,0 days 00:00:00.361749,tanh,64,28,0.000607882580875253,4,COMPLETE
87,0.8399999999999999,2025-08-26 12:48:19.023645,2025-08-26 12:48:19.386981,0 days 00:00:00.363336,tanh,64,30,0.000998899220711741,4,COMPLETE
88,0.37272727272727274,2025-08-26 12:48:19.387171,2025-08-26 12:48:19.750501,0 days 00:00:00.363330,tanh,64,30,8.946595275219108e-05,4,COMPLETE
89,0.7236363636363637,2025-08-26 12:48:19.750744,2025-08-26 12:48:20.112984,0 days 00:00:00.362240,tanh,64,26,0.0006861052277457543,4,COMPLETE
90,0.7999999999999999,2025-08-26 12:48:20.113193,2025-08-26 12:48:20.477091,0 days 00:00:00.363898,relu,64,36,0.0009901218003237591,4,COMPLETE
91,0.8399999999999999,2025-08-26 12:48:20.477307,2025-08-26 12:48:20.838883,0 days 00:00:00.361576,tanh,64,32,0.0009937607881706498,4,COMPLETE
92,0.82,2025-08-26 12:48:20.839116,2025-08-26 12:48:21.202362,0 days 00:00:00.363246,tanh,64,29,0.0007758288668399109,4,COMPLETE
93,0.8018181818181818,2025-08-26 12:48:21.202572,2025-08-26 12:48:21.564487,0 days 00:00:00.361915,tanh,64,32,0.0009991442310908203,4,COMPLETE
94,0.8218181818181817,2025-08-26 12:48:21.564710,2025-08-26 12:48:21.929873,0 days 00:00:00.365163,tanh,64,34,0.0008853516134241346,4,COMPLETE
95,0.3527272727272728,2025-08-26 12:48:21.930087,2025-08-26 12:48:22.289719,0 days 00:00:00.359632,sigmoid,64,27,0.0007754293615757182,4,COMPLETE
96,0.8399999999999999,2025-08-26 12:48:22.289926,2025-08-26 12:48:22.654471,0 days 00:00:00.364545,tanh,64,31,0.0008888198634479159,4,COMPLETE
97,0.7818181818181819,2025-08-26 12:48:22.654673,2025-08-26 12:48:23.019643,0 days 00:00:00.364970,tanh,64,33,0.0006963306983161382,4,COMPLETE
98,0.7054545454545456,2025-08-26 12:48:23.019860,2025-08-26 12:48:23.385401,0 days 00:00:00.365541,tanh,64,31,0.000428339708047833,4,COMPLETE
99,0.82,2025-08-26 12:48:23.385605,2025-08-26 12:48:23.755193,0 days 00:00:00.369588,tanh,64,38,0.0005811906714168451,4,COMPLETE
100,0.4709090909090909,2025-08-26 12:48:23.755404,2025-08-26 12:48:24.118582,0 days 00:00:00.363178,tanh,64,29,0.00014596664061306984,4,COMPLETE
101,0.8018181818181818,2025-08-26 12:48:24.118765,2025-08-26 12:48:24.482775,0 days 00:00:00.364010,tanh,64,27,0.000909557861573304,4,COMPLETE
102,0.82,2025-08-26 12:48:24.482950,2025-08-26 12:48:24.845987,0 days 00:00:00.363037,tanh,64,30,0.0008470191210398559,4,COMPLETE
103,0.78,2025-08-26 12:48:24.846158,2025-08-26 12:48:25.208187,0 days 00:00:00.362029,tanh,64,25,0.0009078793027447146,4,COMPLETE
104,0.82,2025-08-26 12:48:25.208369,2025-08-26 12:48:25.575169,0 days 00:00:00.366800,tanh,64,35,0.0007493250966871052,4,COMPLETE
105,0.6072727272727273,2025-08-26 12:48:25.575358,2025-08-26 12:48:25.939978,0 days 00:00:00.364620,tanh,64,31,0.0002220832407495038,4,COMPLETE
106,0.7436363636363637,2025-08-26 12:48:25.940187,2025-08-26 12:48:26.300944,0 days 00:00:00.360757,tanh,64,22,0.0008145787112797834,4,COMPLETE
107,0.82,2025-08-26 12:48:26.301142,2025-08-26 12:48:26.663762,0 days 00:00:00.362620,tanh,64,32,0.0009945244788117156,4,COMPLETE
108,0.6436363636363637,2025-08-26 12:48:26.663969,2025-08-26 12:48:27.028253,0 days 00:00:00.364284,relu,64,34,0.0006773119189254434,4,COMPLETE
109,0.82,2025-08-26 12:48:27.028481,2025-08-26 12:48:27.647536,0 days 00:00:00.619055,tanh,32,27,0.0009114096819587887,4,COMPLETE
110,0.5490909090909091,2025-08-26 12:48:27.647751,2025-08-26 12:48:27.890577,0 days 00:00:00.242826,tanh,64,36,0.0003390620155392988,1,COMPLETE
111,0.8399999999999999,2025-08-26 12:48:27.890766,2025-08-26 12:48:28.255355,0 days 00:00:00.364589,tanh,64,33,0.0008329582828672458,4,COMPLETE
112,0.82,2025-08-26 12:48:28.255567,2025-08-26 12:48:28.620579,0 days 00:00:00.365012,tanh,64,33,0.0007958583495789298,4,COMPLETE
113,0.8,2025-08-26 12:48:28.620801,2025-08-26 12:48:28.984772,0 days 00:00:00.363971,tanh,64,30,0.0007334460033088824,4,COMPLETE
114,0.8,2025-08-26 12:48:28.984972,2025-08-26 12:48:29.346662,0 days 00:00:00.361690,tanh,64,28,0.0008499432069856205,4,COMPLETE
115,0.8,2025-08-26 12:48:29.346907,2025-08-26 12:48:29.710925,0 days 00:00:00.364018,tanh,64,29,0.0006419843056987487,4,COMPLETE
116,0.37272727272727274,2025-08-26 12:48:29.711114,2025-08-26 12:48:30.068566,0 days 00:00:00.357452,sigmoid,64,25,0.00092820142624486,4,COMPLETE
117,0.76,2025-08-26 12:48:30.068763,2025-08-26 12:48:30.433100,0 days 00:00:00.364337,tanh,64,31,0.0005654330486309233,4,COMPLETE
118,0.5672727272727273,2025-08-26 12:48:30.433264,2025-08-26 12:48:30.717302,0 days 00:00:00.284038,tanh,64,33,0.00047165493010002684,2,COMPLETE
119,0.8,2025-08-26 12:48:30.717451,2025-08-26 12:48:31.333012,0 days 00:00:00.615561,tanh,32,32,0.0009924395024907833,4,COMPLETE
120,0.8399999999999999,2025-08-26 12:48:31.333166,2025-08-26 12:48:31.701788,0 days 00:00:00.368622,tanh,64,37,0.0007369517503865747,4,COMPLETE
121,0.82,2025-08-26 12:48:31.701938,2025-08-26 12:48:32.071230,0 days 00:00:00.369292,tanh,64,37,0.0008128525046208169,4,COMPLETE
122,0.3527272727272728,2025-08-26 12:48:32.071400,2025-08-26 12:48:32.438413,0 days 00:00:00.367013,tanh,64,35,1.6010254536506406e-05,4,COMPLETE
123,0.7818181818181816,2025-08-26 12:48:32.438567,2025-08-26 12:48:32.816010,0 days 00:00:00.377443,tanh,64,56,0.0007262121782689946,4,COMPLETE
124,0.7818181818181816,2025-08-26 12:48:32.816160,2025-08-26 12:48:33.184892,0 days 00:00:00.368732,tanh,64,40,0.0008978967881246707,4,COMPLETE
125,0.8,2025-08-26 12:48:33.185039,2025-08-26 12:48:33.547843,0 days 00:00:00.362804,tanh,64,29,0.0006600868447127304,4,COMPLETE
126,0.8,2025-08-26 12:48:33.548051,2025-08-26 12:48:34.419676,0 days 00:00:00.871625,tanh,16,34,0.0008249980958456948,4,COMPLETE
127,0.8,2025-08-26 12:48:34.419857,2025-08-26 12:48:34.783616,0 days 00:00:00.363759,tanh,64,31,0.0007475175551630319,4,COMPLETE
128,0.8018181818181818,2025-08-26 12:48:34.783803,2025-08-26 12:48:35.650202,0 days 00:00:00.866399,tanh,16,28,0.0009113612147583274,4,COMPLETE
129,0.8018181818181818,2025-08-26 12:48:35.650414,2025-08-26 12:48:36.019188,0 days 00:00:00.368774,tanh,64,37,0.000601494113666998,4,COMPLETE
130,0.8399999999999999,2025-08-26 12:48:36.019366,2025-08-26 12:48:36.891776,0 days 00:00:00.872410,relu,16,30,0.000998700328957008,4,COMPLETE
131,0.8399999999999999,2025-08-26 12:48:36.891963,2025-08-26 12:48:37.759689,0 days 00:00:00.867726,tanh,16,30,0.0009758278299094053,4,COMPLETE
132,0.7799999999999999,2025-08-26 12:48:37.759946,2025-08-26 12:48:38.634389,0 days 00:00:00.874443,relu,16,30,0.0008354951922201398,4,COMPLETE
133,0.8,2025-08-26 12:48:38.634661,2025-08-26 12:48:39.503721,0 days 00:00:00.869060,relu,16,32,0.0009959614258486383,4,COMPLETE
134,0.8399999999999999,2025-08-26 12:48:39.503988,2025-08-26 12:48:40.378392,0 days 00:00:00.874404,relu,16,33,0.0007116800832012903,4,COMPLETE
135,0.82,2025-08-26 12:48:40.378647,2025-08-26 12:48:41.254109,0 days 00:00:00.875462,relu,16,33,0.0007076430163629756,4,COMPLETE
136,0.8,2025-08-26 12:48:41.254368,2025-08-26 12:48:42.135299,0 days 00:00:00.880931,relu,16,35,0.0007737491363045919,4,COMPLETE
137,0.82,2025-08-26 12:48:42.135570,2025-08-26 12:48:43.006005,0 days 00:00:00.870435,relu,16,32,0.0008614970633439863,4,COMPLETE
138,0.8,2025-08-26 12:48:43.006215,2025-08-26 12:48:43.878210,0 days 00:00:00.871995,relu,16,30,0.0006385883543205283,4,COMPLETE
139,0.78,2025-08-26 12:48:43.878481,2025-08-26 12:48:44.751979,0 days 00:00:00.873498,relu,16,27,0.0005287052876374683,4,COMPLETE
140,0.37090909090909097,2025-08-26 12:48:44.752253,2025-08-26 12:48:45.628856,0 days 00:00:00.876603,relu,16,33,4.318203718030405e-05,4,COMPLETE
141,0.8399999999999999,2025-08-26 12:48:45.629096,2025-08-26 12:48:46.506906,0 days 00:00:00.877810,relu,16,31,0.0009086532929779023,4,COMPLETE
142,0.82,2025-08-26 12:48:46.507151,2025-08-26 12:48:47.383757,0 days 00:00:00.876606,relu,16,30,0.0008978296427182131,4,COMPLETE
143,0.8399999999999999,2025-08-26 12:48:47.384013,2025-08-26 12:48:48.262919,0 days 00:00:00.878906,relu,16,34,0.000777014191397409,4,COMPLETE
144,0.82,2025-08-26 12:48:48.263179,2025-08-26 12:48:49.143845,0 days 00:00:00.880666,relu,16,36,0.0007834982862971635,4,COMPLETE
145,0.8,2025-08-26 12:48:49.144065,2025-08-26 12:48:50.030200,0 days 00:00:00.886135,relu,16,38,0.000710822777329727,4,COMPLETE
146,0.8399999999999999,2025-08-26 12:48:50.030457,2025-08-26 12:48:50.908939,0 days 00:00:00.878482,relu,16,34,0.0009970355989489799,4,COMPLETE
147,0.8399999999999999,2025-08-26 12:48:50.909175,2025-08-26 12:48:51.789492,0 days 00:00:00.880317,relu,16,34,0.0009996859358712019,4,COMPLETE
148,0.8018181818181818,2025-08-26 12:48:51.789745,2025-08-26 12:48:52.675213,0 days 00:00:00.885468,relu,16,35,0.0009075240019276716,4,COMPLETE
149,0.82,2025-08-26 12:48:52.675474,2025-08-26 12:48:53.550307,0 days 00:00:00.874833,relu,16,32,0.0008401310008962021,4,COMPLETE
150,0.7799999999999999,2025-08-26 12:48:53.550567,2025-08-26 12:48:54.434127,0 days 00:00:00.883560,relu,16,36,0.0007781289737535406,4,COMPLETE
151,0.8399999999999999,2025-08-26 12:48:54.434352,2025-08-26 12:48:55.313670,0 days 00:00:00.879318,relu,16,34,0.0009926716581858015,4,COMPLETE
152,0.8399999999999999,2025-08-26 12:48:55.313914,2025-08-26 12:48:56.191968,0 days 00:00:00.878054,relu,16,33,0.0009168588917211306,4,COMPLETE
153,0.8399999999999999,2025-08-26 12:48:56.192226,2025-08-26 12:48:57.073340,0 days 00:00:00.881114,relu,16,31,0.0009992301927693086,4,COMPLETE
154,0.8399999999999999,2025-08-26 12:48:57.073608,2025-08-26 12:48:57.953911,0 days 00:00:00.880303,relu,16,34,0.0008080075697522678,4,COMPLETE
155,0.82,2025-08-26 12:48:57.954144,2025-08-26 12:48:58.584453,0 days 00:00:00.630309,relu,32,38,0.0008971375657792068,4,COMPLETE
156,0.7618181818181817,2025-08-26 12:48:58.584723,2025-08-26 12:48:59.462843,0 days 00:00:00.878120,relu,16,29,0.0007152952925332317,4,COMPLETE
157,0.8399999999999999,2025-08-26 12:48:59.463085,2025-08-26 12:49:00.343306,0 days 00:00:00.880221,relu,16,31,0.0008287361046329409,4,COMPLETE
158,0.8399999999999999,2025-08-26 12:49:00.343534,2025-08-26 12:49:01.222218,0 days 00:00:00.878684,relu,16,34,0.0009999658339310323,4,COMPLETE
159,0.82,2025-08-26 12:49:01.222439,2025-08-26 12:49:02.103301,0 days 00:00:00.880862,relu,16,33,0.0007589393112942131,4,COMPLETE
160,0.39272727272727276,2025-08-26 12:49:02.103543,2025-08-26 12:49:02.466426,0 days 00:00:00.362883,sigmoid,64,35,0.0009082382821840666,4,COMPLETE
161,0.8399999999999999,2025-08-26 12:49:02.466609,2025-08-26 12:49:03.337599,0 days 00:00:00.870990,relu,16,32,0.0009299601605875361,4,COMPLETE
162,0.82,2025-08-26 12:49:03.337797,2025-08-26 12:49:04.221375,0 days 00:00:00.883578,relu,16,36,0.0008607728345476176,4,COMPLETE
163,0.8399999999999999,2025-08-26 12:49:04.221653,2025-08-26 12:49:05.103142,0 days 00:00:00.881489,relu,16,31,0.0009852809106412177,4,COMPLETE
164,0.82,2025-08-26 12:49:05.103381,2025-08-26 12:49:05.984094,0 days 00:00:00.880713,relu,16,33,0.0009954280428100444,4,COMPLETE
165,0.82,2025-08-26 12:49:05.984353,2025-08-26 12:49:06.866836,0 days 00:00:00.882483,relu,16,34,0.0006750526430563437,4,COMPLETE
166,0.37272727272727274,2025-08-26 12:49:06.867109,2025-08-26 12:49:07.230986,0 days 00:00:00.363877,relu,64,29,0.00018273749703815202,4,COMPLETE
167,0.7836363636363636,2025-08-26 12:49:07.231197,2025-08-26 12:49:08.110745,0 days 00:00:00.879548,relu,16,34,0.0008172433824880998,4,COMPLETE
168,0.7218181818181819,2025-08-26 12:49:08.110984,2025-08-26 12:49:08.480546,0 days 00:00:00.369562,relu,64,37,0.0007425985766131804,4,COMPLETE
169,0.8,2025-08-26 12:49:08.480771,2025-08-26 12:49:09.133950,0 days 00:00:00.653179,relu,16,30,0.0009047689440126357,2,COMPLETE
170,0.6818181818181819,2025-08-26 12:49:09.134159,2025-08-26 12:49:09.495009,0 days 00:00:00.360850,relu,64,32,0.0008134195971662937,4,COMPLETE
171,0.7799999999999999,2025-08-26 12:49:09.495224,2025-08-26 12:49:10.375114,0 days 00:00:00.879890,relu,16,33,0.0009127685202212056,4,COMPLETE
172,0.82,2025-08-26 12:49:10.375366,2025-08-26 12:49:11.256621,0 days 00:00:00.881255,relu,16,31,0.0009990990218202293,4,COMPLETE
173,0.8,2025-08-26 12:49:11.256873,2025-08-26 12:49:12.141448,0 days 00:00:00.884575,relu,16,35,0.0008712044635477257,4,COMPLETE
174,0.8399999999999999,2025-08-26 12:49:12.141727,2025-08-26 12:49:13.022379,0 days 00:00:00.880652,relu,16,33,0.000899964102529751,4,COMPLETE
175,0.7618181818181817,2025-08-26 12:49:13.022661,2025-08-26 12:49:13.897134,0 days 00:00:00.874473,relu,16,32,0.0007684756171687439,4,COMPLETE
176,0.33272727272727276,2025-08-26 12:49:13.897400,2025-08-26 12:49:14.775273,0 days 00:00:00.877873,sigmoid,16,39,0.000998930388087826,4,COMPLETE
177,0.6072727272727272,2025-08-26 12:49:14.775526,2025-08-26 12:49:15.139757,0 days 00:00:00.364231,relu,64,30,0.000682815407930891,4,COMPLETE
178,0.4454545454545455,2025-08-26 12:49:15.140023,2025-08-26 12:49:15.764468,0 days 00:00:00.624445,tanh,32,34,2.7879794103448843e-05,4,COMPLETE
179,0.7618181818181817,2025-08-26 12:49:15.764722,2025-08-26 12:49:16.634210,0 days 00:00:00.869488,tanh,16,28,0.0008365356706767237,4,COMPLETE
180,0.8,2025-08-26 12:49:16.634479,2025-08-26 12:49:17.509575,0 days 00:00:00.875096,relu,16,32,0.000897332318053574,4,COMPLETE
181,0.82,2025-08-26 12:49:17.509846,2025-08-26 12:49:18.391428,0 days 00:00:00.881582,relu,16,31,0.0009476534025426185,4,COMPLETE
182,0.8,2025-08-26 12:49:18.391707,2025-08-26 12:49:19.269521,0 days 00:00:00.877814,relu,16,29,0.000993217844810906,4,COMPLETE
183,0.82,2025-08-26 12:49:19.269812,2025-08-26 12:49:20.150624,0 days 00:00:00.880812,relu,16,31,0.0008248396179842084,4,COMPLETE
184,0.82,2025-08-26 12:49:20.150858,2025-08-26 12:49:21.030201,0 days 00:00:00.879343,relu,16,33,0.0007628743619545417,4,COMPLETE
185,0.7799999999999999,2025-08-26 12:49:21.030482,2025-08-26 12:49:21.911446,0 days 00:00:00.880964,relu,16,36,0.0009288787808460453,4,COMPLETE
186,0.82,2025-08-26 12:49:21.911731,2025-08-26 12:49:22.277618,0 days 00:00:00.365887,tanh,64,30,0.0008330187837221853,4,COMPLETE
187,0.7436363636363635,2025-08-26 12:49:22.277820,2025-08-26 12:49:23.155428,0 days 00:00:00.877608,tanh,16,35,0.000933898208963441,4,COMPLETE
188,0.6636363636363637,2025-08-26 12:49:23.155707,2025-08-26 12:49:23.517853,0 days 00:00:00.362146,relu,64,32,0.0007197659959866562,4,COMPLETE
189,0.39454545454545453,2025-08-26 12:49:23.518079,2025-08-26 12:49:24.388315,0 days 00:00:00.870236,tanh,16,28,1.0292307359166844e-05,4,COMPLETE
190,0.7654545454545454,2025-08-26 12:49:24.388599,2025-08-26 12:49:24.754013,0 days 00:00:00.365414,relu,64,34,0.0008517582610051187,4,COMPLETE
191,0.8399999999999999,2025-08-26 12:49:24.754226,2025-08-26 12:49:25.633710,0 days 00:00:00.879484,relu,16,34,0.0007847141356113926,4,COMPLETE
192,0.3927272727272727,2025-08-26 12:49:25.633895,2025-08-26 12:49:26.514300,0 days 00:00:00.880405,relu,16,31,2.2445246617752247e-05,4,COMPLETE
193,0.8399999999999999,2025-08-26 12:49:26.514526,2025-08-26 12:49:27.391935,0 days 00:00:00.877409,relu,16,33,0.0009273912414759739,4,COMPLETE
194,0.8,2025-08-26 12:49:27.392117,2025-08-26 12:49:28.278008,0 days 00:00:00.885891,relu,16,37,0.0009994752084532463,4,COMPLETE
195,0.8018181818181818,2025-08-26 12:49:28.278225,2025-08-26 12:49:29.158823,0 days 00:00:00.880598,relu,16,34,0.0008092126490258915,4,COMPLETE
196,0.761818181818182,2025-08-26 12:49:29.159040,2025-08-26 12:49:30.034659,0 days 00:00:00.875619,tanh,16,31,0.0008607119812268217,4,COMPLETE
197,0.5872727272727272,2025-08-26 12:49:30.034921,2025-08-26 12:49:30.913238,0 days 00:00:00.878317,relu,16,29,0.0002622641759138048,4,COMPLETE
198,0.82,2025-08-26 12:49:30.913474,2025-08-26 12:49:31.277438,0 days 00:00:00.363964,tanh,64,32,0.0006436491297552002,4,COMPLETE
199,0.82,2025-08-26 12:49:31.277677,2025-08-26 12:49:32.159671,0 days 00:00:00.881994,relu,16,35,0.0007749652840641101,4,COMPLETE
200,0.8018181818181818,2025-08-26 12:49:32.159910,2025-08-26 12:49:32.526318,0 days 00:00:00.366408,tanh,64,33,0.0009963705797214973,4,COMPLETE
201,0.8018181818181818,2025-08-26 12:49:32.526560,2025-08-26 12:49:33.407712,0 days 00:00:00.881152,relu,16,31,0.0008653767415122961,4,COMPLETE
202,0.8,2025-08-26 12:49:33.407961,2025-08-26 12:49:34.288113,0 days 00:00:00.880152,relu,16,30,0.0008384795317722359,4,COMPLETE
203,0.8,2025-08-26 12:49:34.288388,2025-08-26 12:49:35.169963,0 days 00:00:00.881575,relu,16,31,0.0009113412112586346,4,COMPLETE
204,0.8,2025-08-26 12:49:35.170241,2025-08-26 12:49:36.050187,0 days 00:00:00.879946,relu,16,33,0.0007311818897409657,4,COMPLETE
205,0.82,2025-08-26 12:49:36.050445,2025-08-26 12:49:36.922143,0 days 00:00:00.871698,relu,16,32,0.0009160172904158625,4,COMPLETE
206,0.82,2025-08-26 12:49:36.922387,2025-08-26 12:49:37.800536,0 days 00:00:00.878149,relu,16,30,0.0007920801678751579,4,COMPLETE
207,0.8018181818181818,2025-08-26 12:49:37.800825,2025-08-26 12:49:38.676893,0 days 00:00:00.876068,tanh,16,36,0.000853237310844541,4,COMPLETE
208,0.3527272727272728,2025-08-26 12:49:38.677178,2025-08-26 12:49:39.039797,0 days 00:00:00.362619,sigmoid,64,34,7.154607561966855e-05,4,COMPLETE
209,0.8018181818181818,2025-08-26 12:49:39.040046,2025-08-26 12:49:39.914246,0 days 00:00:00.874200,tanh,16,29,0.0009871457533373383,4,COMPLETE
210,0.8018181818181818,2025-08-26 12:49:39.914439,2025-08-26 12:49:40.540178,0 days 00:00:00.625739,relu,32,31,0.00070666496744963,4,COMPLETE
211,0.8,2025-08-26 12:49:40.540373,2025-08-26 12:49:41.420948,0 days 00:00:00.880575,relu,16,33,0.0009882204934652643,4,COMPLETE
212,0.8399999999999999,2025-08-26 12:49:41.421212,2025-08-26 12:49:42.303257,0 days 00:00:00.882045,relu,16,34,0.00099386462500626,4,COMPLETE
213,0.82,2025-08-26 12:49:42.303517,2025-08-26 12:49:43.184584,0 days 00:00:00.881067,relu,16,34,0.0008935444025537238,4,COMPLETE
214,0.8,2025-08-26 12:49:43.184809,2025-08-26 12:49:44.056560,0 days 00:00:00.871751,relu,16,32,0.0007927388030684241,4,COMPLETE
215,0.82,2025-08-26 12:49:44.056817,2025-08-26 12:49:44.941554,0 days 00:00:00.884737,relu,16,35,0.0009185889066408344,4,COMPLETE
216,0.7836363636363636,2025-08-26 12:49:44.941812,2025-08-26 12:49:45.815945,0 days 00:00:00.874133,tanh,16,30,0.0008453756609503746,4,COMPLETE
217,0.8,2025-08-26 12:49:45.816215,2025-08-26 12:49:46.178385,0 days 00:00:00.362170,relu,64,32,0.0009977219051525,4,COMPLETE
218,0.8399999999999999,2025-08-26 12:49:46.178610,2025-08-26 12:49:47.048921,0 days 00:00:00.870311,tanh,16,28,0.0009007358434485253,4,COMPLETE
219,0.82,2025-08-26 12:49:47.049182,2025-08-26 12:49:47.419138,0 days 00:00:00.369956,relu,64,37,0.0007945311314203229,4,COMPLETE
220,0.8,2025-08-26 12:49:47.419352,2025-08-26 12:49:48.299559,0 days 00:00:00.880207,relu,16,33,0.0009107904945536545,4,COMPLETE
221,0.82,2025-08-26 12:49:48.299802,2025-08-26 12:49:49.172900,0 days 00:00:00.873098,relu,16,32,0.0009176310149975681,4,COMPLETE
222,0.82,2025-08-26 12:49:49.173155,2025-08-26 12:49:50.052726,0 days 00:00:00.879571,relu,16,31,0.000837706542777313,4,COMPLETE
223,0.8399999999999999,2025-08-26 12:49:50.052985,2025-08-26 12:49:50.937390,0 days 00:00:00.884405,relu,16,35,0.0009967768190722447,4,COMPLETE
224,0.8399999999999999,2025-08-26 12:49:50.937656,2025-08-26 12:49:51.809332,0 days 00:00:00.871676,relu,16,32,0.0009055932821706493,4,COMPLETE
225,0.8,2025-08-26 12:49:51.809608,2025-08-26 12:49:52.686296,0 days 00:00:00.876688,relu,16,30,0.0007499602091686923,4,COMPLETE
226,0.82,2025-08-26 12:49:52.686554,2025-08-26 12:49:53.561754,0 days 00:00:00.875200,tanh,16,34,0.0008291583248917776,4,COMPLETE
227,0.74,2025-08-26 12:49:53.562005,2025-08-26 12:49:53.927327,0 days 00:00:00.365322,relu,64,31,0.000925882017041089,4,COMPLETE
228,0.82,2025-08-26 12:49:53.927528,2025-08-26 12:49:54.800967,0 days 00:00:00.873439,tanh,16,29,0.000993816994034415,4,COMPLETE
229,0.82,2025-08-26 12:49:54.801188,2025-08-26 12:49:55.680268,0 days 00:00:00.879080,relu,16,33,0.0008456468036482384,4,COMPLETE
230,0.44727272727272727,2025-08-26 12:49:55.680536,2025-08-26 12:49:56.044801,0 days 00:00:00.364265,tanh,64,32,9.60132326863316e-05,4,COMPLETE
231,0.8399999999999999,2025-08-26 12:49:56.045009,2025-08-26 12:49:56.923875,0 days 00:00:00.878866,relu,16,31,0.0009351019193799844,4,COMPLETE
232,0.3745454545454546,2025-08-26 12:49:56.924070,2025-08-26 12:49:57.800437,0 days 00:00:00.876367,relu,16,30,6.0439750832034115e-05,4,COMPLETE
233,0.8399999999999999,2025-08-26 12:49:57.800663,2025-08-26 12:49:58.672432,0 days 00:00:00.871769,relu,16,32,0.0009893267578120586,4,COMPLETE
234,0.5654545454545454,2025-08-26 12:49:58.672655,2025-08-26 12:49:59.208857,0 days 00:00:00.536202,relu,16,34,0.0008389930111989361,1,COMPLETE
235,0.82,2025-08-26 12:49:59.209076,2025-08-26 12:50:00.088792,0 days 00:00:00.879716,relu,16,31,0.000999460400728932,4,COMPLETE
236,0.8,2025-08-26 12:50:00.089083,2025-08-26 12:50:00.972103,0 days 00:00:00.883020,relu,16,36,0.0007542744857186007,4,COMPLETE
237,0.7236363636363636,2025-08-26 12:50:00.972396,2025-08-26 12:50:01.873152,0 days 00:00:00.900756,tanh,16,51,0.0009007834063860343,4,COMPLETE
238,0.8,2025-08-26 12:50:01.873429,2025-08-26 12:50:02.239571,0 days 00:00:00.366142,relu,64,33,0.0009136366111218201,4,COMPLETE
239,0.5672727272727273,2025-08-26 12:50:02.239804,2025-08-26 12:50:03.111127,0 days 00:00:00.871323,tanh,16,29,0.00011677211336947902,4,COMPLETE
240,0.8,2025-08-26 12:50:03.111422,2025-08-26 12:50:03.983822,0 days 00:00:00.872400,relu,16,32,0.00079695439663121,4,COMPLETE
241,0.8399999999999999,2025-08-26 12:50:03.984082,2025-08-26 12:50:04.861670,0 days 00:00:00.877588,relu,16,33,0.0008957236753450836,4,COMPLETE
242,0.8,2025-08-26 12:50:04.861944,2025-08-26 12:50:05.741844,0 days 00:00:00.879900,relu,16,34,0.0009955992935716496,4,COMPLETE
243,0.82,2025-08-26 12:50:05.742136,2025-08-26 12:50:06.621811,0 days 00:00:00.879675,relu,16,31,0.0008675255255958602,4,COMPLETE
244,0.8399999999999999,2025-08-26 12:50:06.622092,2025-08-26 12:50:07.500099,0 days 00:00:00.878007,relu,16,33,0.0009283293346450916,4,COMPLETE
245,0.7799999999999999,2025-08-26 12:50:07.500399,2025-08-26 12:50:08.384533,0 days 00:00:00.884134,relu,16,35,0.0008279496204718313,4,COMPLETE
246,0.8018181818181818,2025-08-26 12:50:08.384849,2025-08-26 12:50:08.751570,0 days 00:00:00.366721,tanh,64,30,0.000997816747324182,4,COMPLETE
247,0.82,2025-08-26 12:50:08.751816,2025-08-26 12:50:09.630179,0 days 00:00:00.878363,relu,16,33,0.0007046459992364685,4,COMPLETE
248,0.33272727272727276,2025-08-26 12:50:09.630444,2025-08-26 12:50:10.498698,0 days 00:00:00.868254,sigmoid,16,31,0.0008995107384994261,4,COMPLETE
249,0.7072727272727273,2025-08-26 12:50:10.498973,2025-08-26 12:50:10.860825,0 days 00:00:00.361852,relu,64,32,0.0007797048165328669,4,COMPLETE
250,0.7436363636363635,2025-08-26 12:50:10.861036,2025-08-26 12:50:11.485254,0 days 00:00:00.624218,tanh,32,34,0.0008499588364426633,4,COMPLETE
251,0.82,2025-08-26 12:50:11.485501,2025-08-26 12:50:12.362803,0 days 00:00:00.877302,relu,16,29,0.0009074046430354884,4,COMPLETE
252,0.8218181818181817,2025-08-26 12:50:12.363111,2025-08-26 12:50:13.240237,0 days 00:00:00.877126,tanh,16,36,0.0007609494694541137,4,COMPLETE
253,0.78,2025-08-26 12:50:13.240517,2025-08-26 12:50:13.605495,0 days 00:00:00.364978,relu,64,30,0.0009983594207211288,4,COMPLETE
254,0.82,2025-08-26 12:50:13.605698,2025-08-26 12:50:14.479847,0 days 00:00:00.874149,tanh,16,33,0.0008462075567413639,4,COMPLETE
255,0.8399999999999999,2025-08-26 12:50:14.480114,2025-08-26 12:50:15.363978,0 days 00:00:00.883864,relu,16,35,0.0009104757921045701,4,COMPLETE
256,0.8018181818181818,2025-08-26 12:50:15.364281,2025-08-26 12:50:16.236781,0 days 00:00:00.872500,relu,16,32,0.0009993288373216596,4,COMPLETE
257,0.8,2025-08-26 12:50:16.237085,2025-08-26 12:50:16.601627,0 days 00:00:00.364542,tanh,64,28,0.000699770016584286,4,COMPLETE
258,0.8399999999999999,2025-08-26 12:50:16.601865,2025-08-26 12:50:17.480281,0 days 00:00:00.878416,relu,16,31,0.0008086897936076212,4,COMPLETE
259,0.8018181818181818,2025-08-26 12:50:17.480590,2025-08-26 12:50:18.356134,0 days 00:00:00.875544,tanh,16,34,0.0009059464368105085,4,COMPLETE
260,0.7472727272727273,2025-08-26 12:50:18.356438,2025-08-26 12:50:18.719048,0 days 00:00:00.362610,relu,64,32,0.0007792296075117681,4,COMPLETE
261,0.8399999999999999,2025-08-26 12:50:18.719317,2025-08-26 12:50:19.594476,0 days 00:00:00.875159,tanh,16,30,0.0009202709864907093,4,COMPLETE
262,0.8,2025-08-26 12:50:19.594799,2025-08-26 12:50:20.474828,0 days 00:00:00.880029,relu,16,31,0.0006547019690106776,4,COMPLETE
263,0.3527272727272727,2025-08-26 12:50:20.475119,2025-08-26 12:50:20.843469,0 days 00:00:00.368350,relu,64,35,3.532709726585888e-05,4,COMPLETE
264,0.8399999999999999,2025-08-26 12:50:20.843664,2025-08-26 12:50:21.712260,0 days 00:00:00.868596,tanh,16,32,0.0008523502177028517,4,COMPLETE
265,0.7799999999999999,2025-08-26 12:50:21.712472,2025-08-26 12:50:22.477001,0 days 00:00:00.764529,relu,16,33,0.0009319790055564952,3,COMPLETE
266,0.82,2025-08-26 12:50:22.477221,2025-08-26 12:50:22.851457,0 days 00:00:00.374236,tanh,64,48,0.000740933131128659,4,COMPLETE
267,0.8,2025-08-26 12:50:22.851641,2025-08-26 12:50:23.738102,0 days 00:00:00.886461,relu,16,37,0.0008383637375809473,4,COMPLETE
268,0.82,2025-08-26 12:50:23.738294,2025-08-26 12:50:24.394637,0 days 00:00:00.656343,relu,16,34,0.0009928644402083032,2,COMPLETE
269,0.37272727272727274,2025-08-26 12:50:24.394956,2025-08-26 12:50:24.757002,0 days 00:00:00.362046,sigmoid,64,29,0.0009997184234357627,4,COMPLETE
270,0.82,2025-08-26 12:50:24.757248,2025-08-26 12:50:25.627741,0 days 00:00:00.870493,tanh,16,27,0.0008479724571411704,4,COMPLETE
271,0.82,2025-08-26 12:50:25.628047,2025-08-26 12:50:26.506165,0 days 00:00:00.878118,relu,16,30,0.0007806245320774538,4,COMPLETE
272,0.8,2025-08-26 12:50:26.506465,2025-08-26 12:50:27.382265,0 days 00:00:00.875800,tanh,16,33,0.0008903204151754291,4,COMPLETE
273,0.7854545454545454,2025-08-26 12:50:27.382556,2025-08-26 12:50:28.008823,0 days 00:00:00.626267,relu,32,31,0.0007192282849883494,4,COMPLETE
274,0.78,2025-08-26 12:50:28.009044,2025-08-26 12:50:28.370718,0 days 00:00:00.361674,relu,64,32,0.0009246878370479048,4,COMPLETE
275,0.82,2025-08-26 12:50:28.370929,2025-08-26 12:50:29.250334,0 days 00:00:00.879405,tanh,16,35,0.0008078414884840906,4,COMPLETE
276,0.7818181818181819,2025-08-26 12:50:29.250653,2025-08-26 12:50:30.132311,0 days 00:00:00.881658,relu,16,33,0.0009103771347662411,4,COMPLETE
277,0.82,2025-08-26 12:50:30.132632,2025-08-26 12:50:30.499850,0 days 00:00:00.367218,tanh,64,29,0.0008350657849980826,4,COMPLETE
278,0.8,2025-08-26 12:50:30.500084,2025-08-26 12:50:31.388137,0 days 00:00:00.888053,relu,16,38,0.0006649564805076744,4,COMPLETE
279,0.7636363636363634,2025-08-26 12:50:31.388460,2025-08-26 12:50:32.265615,0 days 00:00:00.877155,tanh,16,36,0.0009986701530614209,4,COMPLETE
280,0.7,2025-08-26 12:50:32.265928,2025-08-26 12:50:32.632695,0 days 00:00:00.366767,relu,64,31,0.0007618683572433641,4,COMPLETE
281,0.8399999999999999,2025-08-26 12:50:32.632941,2025-08-26 12:50:33.512153,0 days 00:00:00.879212,relu,16,34,0.0009147675153488652,4,COMPLETE
282,0.8018181818181818,2025-08-26 12:50:33.512437,2025-08-26 12:50:34.419742,0 days 00:00:00.907305,tanh,16,60,0.0009997930076852605,4,COMPLETE
283,0.7799999999999999,2025-08-26 12:50:34.420056,2025-08-26 12:50:35.299565,0 days 00:00:00.879509,relu,16,31,0.0008563188217666698,4,COMPLETE
284,0.8,2025-08-26 12:50:35.299841,2025-08-26 12:50:35.664638,0 days 00:00:00.364797,tanh,64,32,0.0006208195334763753,4,COMPLETE
285,0.82,2025-08-26 12:50:35.664864,2025-08-26 12:50:36.537568,0 days 00:00:00.872704,relu,16,28,0.0009163486058050676,4,COMPLETE
286,0.78,2025-08-26 12:50:36.537886,2025-08-26 12:50:37.415979,0 days 00:00:00.878093,relu,16,30,0.000790966141641513,4,COMPLETE
287,0.7818181818181819,2025-08-26 12:50:37.416266,2025-08-26 12:50:37.785446,0 days 00:00:00.369180,tanh,64,34,0.0007239784650908873,4,COMPLETE
288,0.8399999999999999,2025-08-26 12:50:37.785690,2025-08-26 12:50:38.669273,0 days 00:00:00.883583,relu,16,35,0.0008573360354441062,4,COMPLETE
289,0.8036363636363635,2025-08-26 12:50:38.669558,2025-08-26 12:50:39.544535,0 days 00:00:00.874977,tanh,16,33,0.0009163041117908098,4,COMPLETE
290,0.6254545454545455,2025-08-26 12:50:39.544866,2025-08-26 12:50:39.910207,0 days 00:00:00.365341,relu,64,30,0.0007989662633366163,4,COMPLETE
291,0.3527272727272727,2025-08-26 12:50:39.910425,2025-08-26 12:50:40.773127,0 days 00:00:00.862702,sigmoid,16,32,0.0009992457538204012,4,COMPLETE
292,0.8399999999999999,2025-08-26 12:50:40.773359,2025-08-26 12:50:41.657200,0 days 00:00:00.883841,relu,16,36,0.000860756388616044,4,COMPLETE
293,0.78,2025-08-26 12:50:41.657519,2025-08-26 12:50:42.532919,0 days 00:00:00.875400,tanh,16,33,0.0009180445754947645,4,COMPLETE
294,0.8,2025-08-26 12:50:42.533229,2025-08-26 12:50:43.181631,0 days 00:00:00.648402,relu,32,54,0.0007464090007252629,4,COMPLETE
295,0.43272727272727274,2025-08-26 12:50:43.181923,2025-08-26 12:50:43.550648,0 days 00:00:00.368725,tanh,64,31,8.111846592867638e-05,4,COMPLETE
296,0.8218181818181817,2025-08-26 12:50:43.550887,2025-08-26 12:50:44.428572,0 days 00:00:00.877685,relu,16,29,0.000996688500298721,4,COMPLETE
297,0.7799999999999999,2025-08-26 12:50:44.428829,2025-08-26 12:50:45.309993,0 days 00:00:00.881164,relu,16,34,0.0008552172112489602,4,COMPLETE
298,0.8,2025-08-26 12:50:45.310282,2025-08-26 12:50:45.675465,0 days 00:00:00.365183,tanh,64,32,0.0006866866743736106,4,COMPLETE
299,0.8,2025-08-26 12:50:45.675663,2025-08-26 12:50:46.552835,0 days 00:00:00.877172,relu,16,30,0.0009185744912505179,4,COMPLETE
300,0.8,2025-08-26 12:50:46.553132,2025-08-26 12:50:47.428486,0 days 00:00:00.875354,tanh,16,33,0.0007977140992819059,4,COMPLETE
301,0.6818181818181819,2025-08-26 12:50:47.428692,2025-08-26 12:50:47.754318,0 days 00:00:00.325626,relu,64,27,0.0009185004746623529,3,COMPLETE
302,0.82,2025-08-26 12:50:47.754493,2025-08-26 12:50:48.633336,0 days 00:00:00.878843,tanh,16,35,0.0008324017843283922,4,COMPLETE
303,0.78,2025-08-26 12:50:48.633560,2025-08-26 12:50:49.528718,0 days 00:00:00.895158,relu,16,39,0.00030583200771396214,4,COMPLETE
304,0.8,2025-08-26 12:50:49.529048,2025-08-26 12:50:50.413201,0 days 00:00:00.884153,relu,16,31,0.0009291927707707058,4,COMPLETE
305,0.82,2025-08-26 12:50:50.413520,2025-08-26 12:50:50.779661,0 days 00:00:00.366141,tanh,64,32,0.0007526356027663417,4,COMPLETE
306,0.8399999999999999,2025-08-26 12:50:50.779894,2025-08-26 12:50:51.658884,0 days 00:00:00.878990,relu,16,29,0.0008507599452056556,4,COMPLETE
307,0.82,2025-08-26 12:50:51.659157,2025-08-26 12:50:52.538850,0 days 00:00:00.879693,tanh,16,36,0.0009421349967962372,4,COMPLETE
308,0.8,2025-08-26 12:50:52.539131,2025-08-26 12:50:52.905237,0 days 00:00:00.366106,relu,64,33,0.0009945180013911376,4,COMPLETE
309,0.82,2025-08-26 12:50:52.905501,2025-08-26 12:50:53.788257,0 days 00:00:00.882756,relu,16,34,0.000592312590058743,4,COMPLETE
310,0.78,2025-08-26 12:50:53.788570,2025-08-26 12:50:54.664499,0 days 00:00:00.875929,tanh,16,30,0.0007842953373670896,4,COMPLETE
311,0.5854545454545454,2025-08-26 12:50:54.664850,2025-08-26 12:50:54.912477,0 days 00:00:00.247627,relu,64,41,0.0006934041025298132,1,COMPLETE
312,0.7618181818181817,2025-08-26 12:50:54.912799,2025-08-26 12:50:55.790265,0 days 00:00:00.877466,tanh,16,31,0.0009963157888652164,4,COMPLETE
313,0.46545454545454545,2025-08-26 12:50:55.790589,2025-08-26 12:50:56.665928,0 days 00:00:00.875339,relu,16,32,0.00015430344464165035,4,COMPLETE
314,0.82,2025-08-26 12:50:56.666253,2025-08-26 12:50:57.541884,0 days 00:00:00.875631,relu,16,28,0.0008389803505119753,4,COMPLETE
315,0.37272727272727274,2025-08-26 12:50:57.542173,2025-08-26 12:50:57.906019,0 days 00:00:00.363846,sigmoid,64,34,0.0008902450082121213,4,COMPLETE
316,0.7836363636363636,2025-08-26 12:50:57.906264,2025-08-26 12:50:58.775136,0 days 00:00:00.868872,tanh,16,32,0.0009994084367403147,4,COMPLETE
317,0.4727272727272728,2025-08-26 12:50:58.775403,2025-08-26 12:50:59.408699,0 days 00:00:00.633296,relu,32,37,0.00020471008393834243,4,COMPLETE
318,0.8399999999999999,2025-08-26 12:50:59.408975,2025-08-26 12:51:00.289480,0 days 00:00:00.880505,tanh,16,35,0.0007448278796212155,4,COMPLETE
319,0.7272727272727273,2025-08-26 12:51:00.289810,2025-08-26 12:51:00.655962,0 days 00:00:00.366152,relu,64,30,0.0008621821702417379,4,COMPLETE
320,0.8,2025-08-26 12:51:00.656204,2025-08-26 12:51:01.537828,0 days 00:00:00.881624,relu,16,33,0.0008125464078416085,4,COMPLETE
321,0.8018181818181818,2025-08-26 12:51:01.538116,2025-08-26 12:51:02.413699,0 days 00:00:00.875583,tanh,16,31,0.0009131988018956405,4,COMPLETE
322,0.8,2025-08-26 12:51:02.413984,2025-08-26 12:51:02.783109,0 days 00:00:00.369125,relu,64,35,0.0009172812461870737,4,COMPLETE
323,0.82,2025-08-26 12:51:02.783368,2025-08-26 12:51:03.655161,0 days 00:00:00.871793,tanh,16,29,0.0006768367173531556,4,COMPLETE
324,0.8399999999999999,2025-08-26 12:51:03.655468,2025-08-26 12:51:04.536216,0 days 00:00:00.880748,relu,16,33,0.0007923344436038428,4,COMPLETE
325,0.7236363636363636,2025-08-26 12:51:04.536518,2025-08-26 12:51:05.411968,0 days 00:00:00.875450,tanh,16,31,0.0008526445276976505,4,COMPLETE
326,0.76,2025-08-26 12:51:05.412234,2025-08-26 12:51:05.775238,0 days 00:00:00.363004,relu,64,32,0.0009989419533187448,4,COMPLETE
327,0.82,2025-08-26 12:51:05.775487,2025-08-26 12:51:06.657343,0 days 00:00:00.881856,relu,16,34,0.0007318732726546486,4,COMPLETE
328,0.78,2025-08-26 12:51:06.657648,2025-08-26 12:51:07.548060,0 days 00:00:00.890412,tanh,16,43,0.0009243303644696546,4,COMPLETE
329,0.74,2025-08-26 12:51:07.548391,2025-08-26 12:51:07.915259,0 days 00:00:00.366868,relu,64,30,0.0008534740241076144,4,COMPLETE
330,0.82,2025-08-26 12:51:07.915482,2025-08-26 12:51:08.791034,0 days 00:00:00.875552,tanh,16,36,0.0007884754091318722,4,COMPLETE
331,0.82,2025-08-26 12:51:08.791364,2025-08-26 12:51:09.672807,0 days 00:00:00.881443,relu,16,33,0.0009194529093261153,4,COMPLETE
332,0.5854545454545454,2025-08-26 12:51:09.673075,2025-08-26 12:51:10.039377,0 days 00:00:00.366302,relu,64,29,0.0006445475920292979,4,COMPLETE
333,0.82,2025-08-26 12:51:10.039604,2025-08-26 12:51:10.909942,0 days 00:00:00.870338,tanh,16,27,0.0009927577330413211,4,COMPLETE
334,0.8,2025-08-26 12:51:10.910149,2025-08-26 12:51:11.790531,0 days 00:00:00.880382,relu,16,34,0.0008639544152539748,4,COMPLETE
335,0.37272727272727274,2025-08-26 12:51:11.790748,2025-08-26 12:51:12.659648,0 days 00:00:00.868900,sigmoid,16,31,0.000741814749347491,4,COMPLETE
336,0.8218181818181817,2025-08-26 12:51:12.659831,2025-08-26 12:51:13.024961,0 days 00:00:00.365130,tanh,64,32,0.0009152359420007332,4,COMPLETE
337,0.82,2025-08-26 12:51:13.025131,2025-08-26 12:51:13.898679,0 days 00:00:00.873548,relu,16,28,0.0008077772560015787,4,COMPLETE
338,0.82,2025-08-26 12:51:13.898897,2025-08-26 12:51:14.524349,0 days 00:00:00.625452,relu,32,33,0.0009192193620631364,4,COMPLETE
339,0.82,2025-08-26 12:51:14.524601,2025-08-26 12:51:15.291551,0 days 00:00:00.766950,tanh,16,37,0.0008479343487515801,3,COMPLETE
340,0.7254545454545456,2025-08-26 12:51:15.291779,2025-08-26 12:51:15.656860,0 days 00:00:00.365081,relu,64,30,0.0009986199392654084,4,COMPLETE
341,0.82,2025-08-26 12:51:15.657094,2025-08-26 12:51:16.533747,0 days 00:00:00.876653,tanh,16,35,0.0007111849216698335,4,COMPLETE
342,0.7799999999999999,2025-08-26 12:51:16.534061,2025-08-26 12:51:17.405469,0 days 00:00:00.871408,relu,16,32,0.0007882755692504155,4,COMPLETE
343,0.7254545454545456,2025-08-26 12:51:17.405720,2025-08-26 12:51:17.771950,0 days 00:00:00.366230,relu,64,31,0.0009092354639757451,4,COMPLETE
344,0.78,2025-08-26 12:51:17.772188,2025-08-26 12:51:18.649526,0 days 00:00:00.877338,tanh,16,35,0.0008611097749575356,4,COMPLETE
345,0.8399999999999999,2025-08-26 12:51:18.649805,2025-08-26 12:51:19.530495,0 days 00:00:00.880690,relu,16,34,0.0009949114091429665,4,COMPLETE
346,0.7818181818181819,2025-08-26 12:51:19.530815,2025-08-26 12:51:20.403571,0 days 00:00:00.872756,tanh,16,32,0.0007753519362870617,4,COMPLETE
347,0.761818181818182,2025-08-26 12:51:20.403880,2025-08-26 12:51:20.770314,0 days 00:00:00.366434,relu,64,30,0.0009219229801520777,4,COMPLETE
348,0.6254545454545455,2025-08-26 12:51:20.770535,2025-08-26 12:51:21.645288,0 days 00:00:00.874753,tanh,16,33,0.00013276765175268448,4,COMPLETE
349,0.82,2025-08-26 12:51:21.645584,2025-08-26 12:51:22.526949,0 days 00:00:00.881365,relu,16,31,0.000852935501464479,4,COMPLETE
350,0.66,2025-08-26 12:51:22.527225,2025-08-26 12:51:22.892093,0 days 00:00:00.364868,relu,64,29,0.0006991403627425199,4,COMPLETE
351,0.8,2025-08-26 12:51:22.892323,2025-08-26 12:51:23.548037,0 days 00:00:00.655714,tanh,16,38,0.0009337749363511296,2,COMPLETE
352,0.7799999999999999,2025-08-26 12:51:23.548350,2025-08-26 12:51:24.429325,0 days 00:00:00.880975,relu,16,33,0.0008016740653962458,4,COMPLETE
353,0.82,2025-08-26 12:51:24.429659,2025-08-26 12:51:24.799896,0 days 00:00:00.370237,tanh,64,34,0.0009263307417469553,4,COMPLETE
354,0.82,2025-08-26 12:51:24.800119,2025-08-26 12:51:25.682274,0 days 00:00:00.882155,relu,16,31,0.0008510082430437334,4,COMPLETE
355,0.78,2025-08-26 12:51:25.682630,2025-08-26 12:51:26.558395,0 days 00:00:00.875765,relu,16,32,0.0009972222537712495,4,COMPLETE
356,0.8,2025-08-26 12:51:26.558724,2025-08-26 12:51:27.430020,0 days 00:00:00.871296,tanh,16,28,0.0007801229599334739,4,COMPLETE
357,0.37272727272727274,2025-08-26 12:51:27.430303,2025-08-26 12:51:27.796377,0 days 00:00:00.366074,relu,64,30,1.3117296261459318e-05,4,COMPLETE
358,0.7636363636363637,2025-08-26 12:51:27.796618,2025-08-26 12:51:28.673708,0 days 00:00:00.877090,tanh,16,35,0.0009992593715318673,4,COMPLETE
359,0.33272727272727276,2025-08-26 12:51:28.674013,2025-08-26 12:51:29.544808,0 days 00:00:00.870795,sigmoid,16,36,0.0006321461872312488,4,COMPLETE
360,0.6672727272727272,2025-08-26 12:51:29.545106,2025-08-26 12:51:29.908199,0 days 00:00:00.363093,relu,64,32,0.000862495351989235,4,COMPLETE
361,0.7418181818181819,2025-08-26 12:51:29.908420,2025-08-26 12:51:30.532913,0 days 00:00:00.624493,relu,32,29,0.0007491511719491369,4,COMPLETE
362,0.82,2025-08-26 12:51:30.533249,2025-08-26 12:51:31.410229,0 days 00:00:00.876980,tanh,16,34,0.000912340214135154,4,COMPLETE
363,0.8399999999999999,2025-08-26 12:51:31.410557,2025-08-26 12:51:32.293022,0 days 00:00:00.882465,relu,16,33,0.000831726877568303,4,COMPLETE
364,0.8,2025-08-26 12:51:32.293358,2025-08-26 12:51:32.662531,0 days 00:00:00.369173,tanh,64,31,0.0009223066562166661,4,COMPLETE
365,0.82,2025-08-26 12:51:32.662793,2025-08-26 12:51:33.535767,0 days 00:00:00.872974,relu,16,32,0.0008533906217182053,4,COMPLETE
366,0.82,2025-08-26 12:51:33.536101,2025-08-26 12:51:34.410401,0 days 00:00:00.874300,tanh,16,30,0.0009984276660687133,4,COMPLETE
367,0.82,2025-08-26 12:51:34.410701,2025-08-26 12:51:35.290694,0 days 00:00:00.879993,relu,16,33,0.0007071500184189118,4,COMPLETE
368,0.33454545454545453,2025-08-26 12:51:35.290990,2025-08-26 12:51:35.659433,0 days 00:00:00.368443,relu,64,36,5.819932112204615e-05,4,COMPLETE
369,0.8,2025-08-26 12:51:35.659695,2025-08-26 12:51:36.534693,0 days 00:00:00.874998,tanh,16,31,0.0007890691433745321,4,COMPLETE
370,0.82,2025-08-26 12:51:36.535026,2025-08-26 12:51:37.415838,0 days 00:00:00.880812,relu,16,34,0.0009968619346053152,4,COMPLETE
371,0.82,2025-08-26 12:51:37.416061,2025-08-26 12:51:37.780441,0 days 00:00:00.364380,tanh,64,28,0.0008836408195995907,4,COMPLETE
372,0.76,2025-08-26 12:51:37.780643,2025-08-26 12:51:38.654010,0 days 00:00:00.873367,relu,16,26,0.0005798656111473537,4,COMPLETE
373,0.8399999999999999,2025-08-26 12:51:38.654312,2025-08-26 12:51:39.532243,0 days 00:00:00.877931,relu,16,30,0.0007422772536905816,4,COMPLETE
374,0.7418181818181818,2025-08-26 12:51:39.532445,2025-08-26 12:51:39.897167,0 days 00:00:00.364722,tanh,64,32,0.0003978742672043128,4,COMPLETE
375,0.76,2025-08-26 12:51:39.897350,2025-08-26 12:51:40.781183,0 days 00:00:00.883833,relu,16,35,0.0009167225279479051,4,COMPLETE
376,0.82,2025-08-26 12:51:40.781524,2025-08-26 12:51:41.654387,0 days 00:00:00.872863,tanh,16,29,0.0008263806535146544,4,COMPLETE
377,0.82,2025-08-26 12:51:41.654697,2025-08-26 12:51:42.536590,0 days 00:00:00.881893,relu,16,34,0.000919453740658516,4,COMPLETE
378,0.6672727272727272,2025-08-26 12:51:42.536884,2025-08-26 12:51:42.908243,0 days 00:00:00.371359,relu,64,37,0.0006483475332304365,4,COMPLETE
379,0.6854545454545453,2025-08-26 12:51:42.908513,2025-08-26 12:51:43.732636,0 days 00:00:00.824123,tanh,16,10,0.0008027676676765077,4,COMPLETE
380,0.33272727272727276,2025-08-26 12:51:43.732931,2025-08-26 12:51:44.603309,0 days 00:00:00.870378,sigmoid,16,33,0.000924843359038098,4,COMPLETE
381,0.7636363636363637,2025-08-26 12:51:44.603630,2025-08-26 12:51:44.971813,0 days 00:00:00.368183,relu,64,31,0.000851305984802553,4,COMPLETE
382,0.78,2025-08-26 12:51:44.972039,2025-08-26 12:51:45.848470,0 days 00:00:00.876431,tanh,16,30,0.0007258138963344085,4,COMPLETE
383,0.82,2025-08-26 12:51:45.848739,2025-08-26 12:51:46.476803,0 days 00:00:00.628064,relu,32,33,0.0009264924553249473,4,COMPLETE
384,0.8,2025-08-26 12:51:46.477044,2025-08-26 12:51:47.360205,0 days 00:00:00.883161,relu,16,31,0.0009945327104366217,4,COMPLETE
385,0.82,2025-08-26 12:51:47.360504,2025-08-26 12:51:47.727515,0 days 00:00:00.367011,tanh,64,32,0.0008499720998057622,4,COMPLETE
386,0.5890909090909091,2025-08-26 12:51:47.727759,2025-08-26 12:51:48.267547,0 days 00:00:00.539788,relu,16,35,0.0009989025143214776,1,COMPLETE
387,0.761818181818182,2025-08-26 12:51:48.267789,2025-08-26 12:51:48.920748,0 days 00:00:00.652959,tanh,16,34,0.000780662010181942,2,COMPLETE
388,0.3127272727272728,2025-08-26 12:51:48.921024,2025-08-26 12:51:49.795417,0 days 00:00:00.874393,relu,16,32,2.369534126565157e-05,4,COMPLETE
389,0.8,2025-08-26 12:51:49.795640,2025-08-26 12:51:50.161789,0 days 00:00:00.366149,tanh,64,29,0.0006758333594393175,4,COMPLETE
390,0.8399999999999999,2025-08-26 12:51:50.161976,2025-08-26 12:51:51.048714,0 days 00:00:00.886738,relu,16,40,0.0008714003798716896,4,COMPLETE
391,0.8399999999999999,2025-08-26 12:51:51.048906,2025-08-26 12:51:51.932978,0 days 00:00:00.884072,relu,16,36,0.0009174414625938589,4,COMPLETE
392,0.8018181818181818,2025-08-26 12:51:51.933225,2025-08-26 12:51:52.306238,0 days 00:00:00.373013,tanh,64,38,0.0007729587329568347,4,COMPLETE
393,0.82,2025-08-26 12:51:52.306474,2025-08-26 12:51:53.184686,0 days 00:00:00.878212,relu,16,30,0.0009943385680396676,4,COMPLETE
394,0.74,2025-08-26 12:51:53.184946,2025-08-26 12:51:54.060121,0 days 00:00:00.875175,tanh,16,33,0.000851777125466056,4,COMPLETE
395,0.37272727272727274,2025-08-26 12:51:54.060438,2025-08-26 12:51:54.428233,0 days 00:00:00.367795,relu,64,31,3.915298116893467e-05,4,COMPLETE
396,0.7799999999999999,2025-08-26 12:51:54.428448,2025-08-26 12:51:55.303280,0 days 00:00:00.874832,relu,16,27,0.0009998592948538328,4,COMPLETE
397,0.8018181818181818,2025-08-26 12:51:55.303615,2025-08-26 12:51:56.172786,0 days 00:00:00.869171,tanh,16,32,0.0008056925290979692,4,COMPLETE
398,0.3145454545454546,2025-08-26 12:51:56.173010,2025-08-26 12:51:57.054885,0 days 00:00:00.881875,relu,16,34,3.2133222652476025e-05,4,COMPLETE
399,0.82,2025-08-26 12:51:57.055131,2025-08-26 12:51:57.423171,0 days 00:00:00.368040,tanh,64,31,0.0009001299658903481,4,COMPLETE
400,0.8399999999999999,2025-08-26 12:51:57.423407,2025-08-26 12:51:58.193508,0 days 00:00:00.770101,relu,16,35,0.0007427512018145339,3,COMPLETE
401,0.8399999999999999,2025-08-26 12:51:58.193767,2025-08-26 12:51:59.073035,0 days 00:00:00.879268,relu,16,33,0.0009999599792930498,4,COMPLETE
402,0.3527272727272727,2025-08-26 12:51:59.073270,2025-08-26 12:51:59.440452,0 days 00:00:00.367182,tanh,64,29,4.7785931073535203e-05,4,COMPLETE
403,0.8399999999999999,2025-08-26 12:51:59.440646,2025-08-26 12:52:00.318089,0 days 00:00:00.877443,relu,16,33,0.0008750156121260444,4,COMPLETE
404,0.3527272727272727,2025-08-26 12:52:00.318338,2025-08-26 12:52:01.186642,0 days 00:00:00.868304,sigmoid,16,30,0.000694903849066229,4,COMPLETE
405,0.8,2025-08-26 12:52:01.186962,2025-08-26 12:52:01.808980,0 days 00:00:00.622018,tanh,32,32,0.0008073137211812894,4,COMPLETE
406,0.8,2025-08-26 12:52:01.809266,2025-08-26 12:52:02.177269,0 days 00:00:00.368003,relu,64,34,0.0009181017062628767,4,COMPLETE
407,0.8399999999999999,2025-08-26 12:52:02.177474,2025-08-26 12:52:03.064725,0 days 00:00:00.887251,relu,16,37,0.0009200063363065719,4,COMPLETE
408,0.8036363636363635,2025-08-26 12:52:03.064999,2025-08-26 12:52:03.940475,0 days 00:00:00.875476,tanh,16,31,0.0008344442909746145,4,COMPLETE
409,0.7418181818181818,2025-08-26 12:52:03.940753,2025-08-26 12:52:04.815793,0 days 00:00:00.875040,relu,16,28,0.000763921657162959,4,COMPLETE
410,0.82,2025-08-26 12:52:04.816031,2025-08-26 12:52:05.186844,0 days 00:00:00.370813,tanh,64,35,0.0009203575320430986,4,COMPLETE
411,0.82,2025-08-26 12:52:05.187082,2025-08-26 12:52:06.063021,0 days 00:00:00.875939,relu,16,32,0.0008377905093482376,4,COMPLETE
412,0.7036363636363637,2025-08-26 12:52:06.063297,2025-08-26 12:52:06.936945,0 days 00:00:00.873648,tanh,16,30,0.00024115513838476302,4,COMPLETE
413,0.6872727272727273,2025-08-26 12:52:06.937223,2025-08-26 12:52:07.304002,0 days 00:00:00.366779,relu,64,33,0.0007270437826193831,4,COMPLETE
414,0.8399999999999999,2025-08-26 12:52:07.304219,2025-08-26 12:52:08.186567,0 days 00:00:00.882348,relu,16,36,0.000999948937056995,4,COMPLETE
415,0.8218181818181817,2025-08-26 12:52:08.186802,2025-08-26 12:52:09.060718,0 days 00:00:00.873916,tanh,16,31,0.0006318892269353075,4,COMPLETE
416,0.7799999999999999,2025-08-26 12:52:09.060979,2025-08-26 12:52:09.426606,0 days 00:00:00.365627,relu,64,29,0.0008791833912283389,4,COMPLETE
417,0.7836363636363636,2025-08-26 12:52:09.426842,2025-08-26 12:52:10.293880,0 days 00:00:00.867038,tanh,16,32,0.0009260664538975199,4,COMPLETE
418,0.82,2025-08-26 12:52:10.294090,2025-08-26 12:52:11.174416,0 days 00:00:00.880326,relu,16,34,0.0008000145955813481,4,COMPLETE
419,0.78,2025-08-26 12:52:11.174688,2025-08-26 12:52:11.541860,0 days 00:00:00.367172,relu,64,33,0.0009232006737936578,4,COMPLETE
420,0.82,2025-08-26 12:52:11.542070,2025-08-26 12:52:12.415988,0 days 00:00:00.873918,tanh,16,31,0.0008425100902934974,4,COMPLETE
421,0.8,2025-08-26 12:52:12.416257,2025-08-26 12:52:13.295879,0 days 00:00:00.879622,relu,16,30,0.0009989655776891358,4,COMPLETE
422,0.7836363636363636,2025-08-26 12:52:13.296115,2025-08-26 12:52:14.165958,0 days 00:00:00.869843,tanh,16,32,0.0007606303695679233,4,COMPLETE
423,0.7072727272727273,2025-08-26 12:52:14.166190,2025-08-26 12:52:14.532934,0 days 00:00:00.366744,relu,64,34,0.0006843338621676618,4,COMPLETE
424,0.37272727272727274,2025-08-26 12:52:14.533124,2025-08-26 12:52:15.395001,0 days 00:00:00.861877,sigmoid,16,28,0.0008740198170164322,4,COMPLETE
425,0.8,2025-08-26 12:52:15.395238,2025-08-26 12:52:16.276721,0 days 00:00:00.881483,relu,16,36,0.0005345066966344278,4,COMPLETE
426,0.8399999999999999,2025-08-26 12:52:16.276911,2025-08-26 12:52:16.645022,0 days 00:00:00.368111,tanh,64,33,0.0009184063806535338,4,COMPLETE
427,0.8218181818181817,2025-08-26 12:52:16.645194,2025-08-26 12:52:17.521641,0 days 00:00:00.876447,relu,16,29,0.000996653343947132,4,COMPLETE
428,0.8,2025-08-26 12:52:17.521808,2025-08-26 12:52:18.285903,0 days 00:00:00.764095,tanh,16,31,0.0008154924902590886,3,COMPLETE
429,0.8018181818181818,2025-08-26 12:52:18.286248,2025-08-26 12:52:18.654877,0 days 00:00:00.368629,relu,64,34,0.0007529803915681496,4,COMPLETE
430,0.7799999999999999,2025-08-26 12:52:18.655098,2025-08-26 12:52:19.526602,0 days 00:00:00.871504,relu,16,32,0.0008761567933770281,4,COMPLETE
431,0.8399999999999999,2025-08-26 12:52:19.526798,2025-08-26 12:52:20.150427,0 days 00:00:00.623629,tanh,32,30,0.0009989569097530906,4,COMPLETE
432,0.8399999999999999,2025-08-26 12:52:20.150648,2025-08-26 12:52:21.032393,0 days 00:00:00.881745,relu,16,35,0.0008107867965816733,4,COMPLETE
433,0.3527272727272728,2025-08-26 12:52:21.032642,2025-08-26 12:52:21.907008,0 days 00:00:00.874366,tanh,16,33,1.738055354848654e-05,4,COMPLETE
434,0.8,2025-08-26 12:52:21.907359,2025-08-26 12:52:22.280608,0 days 00:00:00.373249,relu,64,38,0.0009194926942215682,4,COMPLETE
435,0.8,2025-08-26 12:52:22.280869,2025-08-26 12:52:23.150958,0 days 00:00:00.870089,tanh,16,32,0.0006942783586801544,4,COMPLETE
436,0.7799999999999999,2025-08-26 12:52:23.151278,2025-08-26 12:52:24.035449,0 days 00:00:00.884171,relu,16,35,0.0008428699775463922,4,COMPLETE
437,0.7218181818181818,2025-08-26 12:52:24.035740,2025-08-26 12:52:24.402339,0 days 00:00:00.366599,relu,64,30,0.0009224940048452573,4,COMPLETE
438,0.8418181818181818,2025-08-26 12:52:24.402566,2025-08-26 12:52:25.277253,0 days 00:00:00.874687,tanh,16,31,0.0007727538982686631,4,COMPLETE
439,0.82,2025-08-26 12:52:25.277497,2025-08-26 12:52:26.149436,0 days 00:00:00.871939,tanh,16,27,0.0007311514829290807,4,COMPLETE
440,0.7836363636363636,2025-08-26 12:52:26.149771,2025-08-26 12:52:27.023322,0 days 00:00:00.873551,tanh,16,29,0.0005956438806593872,4,COMPLETE
441,0.82,2025-08-26 12:52:27.023620,2025-08-26 12:52:27.394055,0 days 00:00:00.370435,tanh,64,31,0.0007690282039722557,4,COMPLETE
442,0.7799999999999999,2025-08-26 12:52:27.394324,2025-08-26 12:52:28.268993,0 days 00:00:00.874669,tanh,16,31,0.0006420229454778602,4,COMPLETE
443,0.6818181818181819,2025-08-26 12:52:28.269306,2025-08-26 12:52:29.140957,0 days 00:00:00.871651,tanh,16,28,0.00017114520604759307,4,COMPLETE
444,0.8399999999999999,2025-08-26 12:52:29.141301,2025-08-26 12:52:29.511870,0 days 00:00:00.370569,tanh,64,31,0.0008082348089584447,4,COMPLETE
445,0.7436363636363635,2025-08-26 12:52:29.512107,2025-08-26 12:52:30.386232,0 days 00:00:00.874125,tanh,16,30,0.0006809324166625144,4,COMPLETE
446,0.8218181818181817,2025-08-26 12:52:30.386517,2025-08-26 12:52:31.260902,0 days 00:00:00.874385,tanh,16,29,0.0008514502293226126,4,COMPLETE
447,0.78,2025-08-26 12:52:31.261203,2025-08-26 12:52:32.132232,0 days 00:00:00.871029,tanh,16,32,0.0009233117148150543,4,COMPLETE
448,0.8018181818181818,2025-08-26 12:52:32.132572,2025-08-26 12:52:32.502694,0 days 00:00:00.370122,tanh,64,33,0.000998103388788162,4,COMPLETE
449,0.76,2025-08-26 12:52:32.502945,2025-08-26 12:52:33.155479,0 days 00:00:00.652534,tanh,16,30,0.0007633168067926543,2,COMPLETE
450,0.8018181818181818,2025-08-26 12:52:33.155800,2025-08-26 12:52:34.034380,0 days 00:00:00.878580,tanh,16,36,0.0008751954300735182,4,COMPLETE
451,0.3527272727272728,2025-08-26 12:52:34.034720,2025-08-26 12:52:34.651450,0 days 00:00:00.616730,sigmoid,32,32,0.000921268994176974,4,COMPLETE
452,0.82,2025-08-26 12:52:34.651751,2025-08-26 12:52:35.022064,0 days 00:00:00.370313,tanh,64,34,0.0007922415258068924,4,COMPLETE
453,0.8218181818181817,2025-08-26 12:52:35.022315,2025-08-26 12:52:35.898006,0 days 00:00:00.875691,tanh,16,31,0.0007026190462613415,4,COMPLETE
454,0.82,2025-08-26 12:52:35.898349,2025-08-26 12:52:36.772811,0 days 00:00:00.874462,tanh,16,29,0.0008543464381140013,4,COMPLETE
455,0.82,2025-08-26 12:52:36.773171,2025-08-26 12:52:37.142217,0 days 00:00:00.369046,relu,64,34,0.0009252820568332414,4,COMPLETE
456,0.8,2025-08-26 12:52:37.142479,2025-08-26 12:52:38.025167,0 days 00:00:00.882688,relu,16,31,0.0009984901463301096,4,COMPLETE
457,0.8018181818181818,2025-08-26 12:52:38.025487,2025-08-26 12:52:38.898112,0 days 00:00:00.872625,tanh,16,27,0.0007942900382119093,4,COMPLETE
458,0.8218181818181817,2025-08-26 12:52:38.898467,2025-08-26 12:52:39.793236,0 days 00:00:00.894769,relu,16,39,0.0008622022999779283,4,COMPLETE
459,0.7818181818181819,2025-08-26 12:52:39.793600,2025-08-26 12:52:40.163368,0 days 00:00:00.369768,tanh,64,33,0.0007389516419164841,4,COMPLETE
460,0.8,2025-08-26 12:52:40.163599,2025-08-26 12:52:41.043147,0 days 00:00:00.879548,relu,16,30,0.0009210193080176468,4,COMPLETE
461,0.7636363636363637,2025-08-26 12:52:41.043399,2025-08-26 12:52:41.919892,0 days 00:00:00.876493,tanh,16,35,0.0009938594846002093,4,COMPLETE
462,0.8,2025-08-26 12:52:41.920087,2025-08-26 12:52:42.290919,0 days 00:00:00.370832,relu,64,37,0.0008365355687132781,4,COMPLETE
463,0.8218181818181817,2025-08-26 12:52:42.291116,2025-08-26 12:52:43.164494,0 days 00:00:00.873378,relu,16,32,0.0009205538822749449,4,COMPLETE
464,0.82,2025-08-26 12:52:43.164825,2025-08-26 12:52:44.039939,0 days 00:00:00.875114,tanh,16,33,0.0007441072606432675,4,COMPLETE
465,0.6472727272727272,2025-08-26 12:52:44.040266,2025-08-26 12:52:44.407848,0 days 00:00:00.367582,relu,64,30,0.0006630550935512354,4,COMPLETE
466,0.8399999999999999,2025-08-26 12:52:44.408084,2025-08-26 12:52:45.283423,0 days 00:00:00.875339,tanh,16,31,0.000813644775976032,4,COMPLETE
467,0.8399999999999999,2025-08-26 12:52:45.283780,2025-08-26 12:52:46.181915,0 days 00:00:00.898135,relu,16,45,0.0009981463227295283,4,COMPLETE
468,0.82,2025-08-26 12:52:46.182165,2025-08-26 12:52:46.941462,0 days 00:00:00.759297,tanh,16,26,0.0005963704663900476,3,COMPLETE
469,0.74,2025-08-26 12:52:46.941836,2025-08-26 12:52:47.306982,0 days 00:00:00.365146,relu,64,28,0.0008685667902261025,4,COMPLETE
470,0.37272727272727274,2025-08-26 12:52:47.307230,2025-08-26 12:52:48.169913,0 days 00:00:00.862683,sigmoid,16,32,0.0009199950022112253,4,COMPLETE
471,0.8399999999999999,2025-08-26 12:52:48.170239,2025-08-26 12:52:49.054665,0 days 00:00:00.884426,relu,16,35,0.00077307492289106,4,COMPLETE
472,0.7818181818181819,2025-08-26 12:52:49.055031,2025-08-26 12:52:49.424862,0 days 00:00:00.369831,tanh,64,33,0.0008568747892395388,4,COMPLETE
473,0.8,2025-08-26 12:52:49.425087,2025-08-26 12:52:50.052680,0 days 00:00:00.627593,relu,32,34,0.0009949229078147965,4,COMPLETE
474,0.8399999999999999,2025-08-26 12:52:50.053001,2025-08-26 12:52:50.923680,0 days 00:00:00.870679,tanh,16,32,0.000719380093015933,4,COMPLETE
475,0.8399999999999999,2025-08-26 12:52:50.923988,2025-08-26 12:52:51.803681,0 days 00:00:00.879693,relu,16,29,0.0009996438368384487,4,COMPLETE
476,0.8,2025-08-26 12:52:51.804035,2025-08-26 12:52:52.174760,0 days 00:00:00.370725,tanh,64,31,0.0008645654782536749,4,COMPLETE
477,0.82,2025-08-26 12:52:52.175102,2025-08-26 12:52:53.056672,0 days 00:00:00.881570,relu,16,30,0.000795268063445577,4,COMPLETE
478,0.6854545454545455,2025-08-26 12:52:53.056952,2025-08-26 12:52:53.969445,0 days 00:00:00.912493,tanh,16,63,0.00010991429132153062,4,COMPLETE
479,0.8399999999999999,2025-08-26 12:52:53.969762,2025-08-26 12:52:54.853213,0 days 00:00:00.883451,relu,16,34,0.0009135572035945886,4,COMPLETE
480,0.45272727272727276,2025-08-26 12:52:54.853583,2025-08-26 12:52:55.223186,0 days 00:00:00.369603,relu,64,36,8.401215070430133e-05,4,COMPLETE
481,0.8,2025-08-26 12:52:55.223410,2025-08-26 12:52:56.086489,0 days 00:00:00.863079,tanh,16,19,0.0008190961253657539,4,COMPLETE
482,0.8,2025-08-26 12:52:56.086728,2025-08-26 12:52:56.966321,0 days 00:00:00.879593,relu,16,33,0.0009214909481058505,4,COMPLETE
483,0.78,2025-08-26 12:52:56.966690,2025-08-26 12:52:57.334327,0 days 00:00:00.367637,tanh,64,32,0.000666510213844947,4,COMPLETE
484,0.8,2025-08-26 12:52:57.334546,2025-08-26 12:52:58.212663,0 days 00:00:00.878117,relu,16,28,0.0009995974956396106,4,COMPLETE
485,0.7218181818181819,2025-08-26 12:52:58.213044,2025-08-26 12:52:59.089720,0 days 00:00:00.876676,tanh,16,30,0.0002842798998641702,4,COMPLETE
486,0.6654545454545455,2025-08-26 12:52:59.090075,2025-08-26 12:52:59.459359,0 days 00:00:00.369284,relu,64,31,0.0007375411668057275,4,COMPLETE
487,0.8218181818181817,2025-08-26 12:52:59.459617,2025-08-26 12:53:00.340387,0 days 00:00:00.880770,tanh,16,37,0.0008393837151923327,4,COMPLETE
488,0.7799999999999999,2025-08-26 12:53:00.340739,2025-08-26 12:53:01.222147,0 days 00:00:00.881408,relu,16,33,0.0009231142452207664,4,COMPLETE
489,0.8399999999999999,2025-08-26 12:53:01.222488,2025-08-26 12:53:02.109018,0 days 00:00:00.886530,relu,16,35,0.0008634898288867335,4,COMPLETE
490,0.82,2025-08-26 12:53:02.109388,2025-08-26 12:53:02.478576,0 days 00:00:00.369188,tanh,64,29,0.0007661574692938054,4,COMPLETE
491,0.8399999999999999,2025-08-26 12:53:02.478816,2025-08-26 12:53:03.354774,0 days 00:00:00.875958,relu,16,32,0.0009122919364663905,4,COMPLETE
492,0.37272727272727274,2025-08-26 12:53:03.355149,2025-08-26 12:53:04.225972,0 days 00:00:00.870823,sigmoid,16,34,0.0008355594181123072,4,COMPLETE
493,0.7218181818181819,2025-08-26 12:53:04.226216,2025-08-26 12:53:04.594502,0 days 00:00:00.368286,tanh,64,31,0.0003255537676632941,4,COMPLETE
494,0.8,2025-08-26 12:53:04.594723,2025-08-26 12:53:05.476868,0 days 00:00:00.882145,relu,16,36,0.0009162989161082974,4,COMPLETE
495,0.76,2025-08-26 12:53:05.477101,2025-08-26 12:53:06.098518,0 days 00:00:00.621417,tanh,32,32,0.0009957144619972603,4,COMPLETE
496,0.7799999999999999,2025-08-26 12:53:06.098744,2025-08-26 12:53:06.977862,0 days 00:00:00.879118,relu,16,30,0.0007045730290724006,4,COMPLETE
497,0.82,2025-08-26 12:53:06.978130,2025-08-26 12:53:07.349538,0 days 00:00:00.371408,tanh,64,35,0.0007863553212688046,4,COMPLETE
498,0.8399999999999999,2025-08-26 12:53:07.349738,2025-08-26 12:53:08.229240,0 days 00:00:00.879502,relu,16,33,0.0009168672458287837,4,COMPLETE
499,0.5672727272727273,2025-08-26 12:53:08.229472,2025-08-26 12:53:08.769274,0 days 00:00:00.539802,relu,16,29,0.000645050308493974,1,COMPLETE
