number,value,datetime_start,datetime_complete,duration,params_activation,params_hidden_dim,params_lr,params_n_layers,state
0,0.4708333333333333,2025-10-01 12:14:08.406179,2025-10-01 12:14:17.540685,0 days 00:00:09.134506,sigmoid,42,1.924820867825362e-05,1,COMPLETE
1,0.8808333333333334,2025-10-01 12:14:17.541066,2025-10-01 12:14:33.959832,0 days 00:00:16.418766,relu,52,0.0005138748981107989,4,COMPLETE
2,0.4708333333333334,2025-10-01 12:14:33.960172,2025-10-01 12:14:50.219358,0 days 00:00:16.259186,sigmoid,57,3.365195104960435e-05,4,COMPLETE
3,0.8683333333333334,2025-10-01 12:14:50.219622,2025-10-01 12:14:59.411598,0 days 00:00:09.191976,tanh,60,0.00021865392206517426,1,COMPLETE
4,0.4708333333333334,2025-10-01 12:14:59.411913,2025-10-01 12:15:15.705436,0 days 00:00:16.293523,sigmoid,59,0.00033122893443312184,4,COMPLETE
5,0.7908333333333333,2025-10-01 12:15:15.705762,2025-10-01 12:15:29.292796,0 days 00:00:13.587034,tanh,17,1.9647001122973754e-05,3,COMPLETE
6,0.9075000000000001,2025-10-01 12:15:29.293038,2025-10-01 12:15:43.173116,0 days 00:00:13.880078,tanh,46,0.00014065617110445205,3,COMPLETE
7,0.5375,2025-10-01 12:15:43.173442,2025-10-01 12:15:59.026746,0 days 00:00:15.853304,sigmoid,31,0.0001709381135374085,4,COMPLETE
8,0.8941666666666667,2025-10-01 12:15:59.027067,2025-10-01 12:16:12.744055,0 days 00:00:13.716988,tanh,37,2.843981918141306e-05,3,COMPLETE
9,0.7374999999999999,2025-10-01 12:16:12.744299,2025-10-01 12:16:21.914707,0 days 00:00:09.170408,tanh,50,2.477522816231051e-05,1,COMPLETE
10,0.7616666666666665,2025-10-01 12:16:21.915033,2025-10-01 12:16:33.416663,0 days 00:00:11.501630,relu,22,9.216845622287913e-05,2,COMPLETE
11,0.9075,2025-10-01 12:16:33.417016,2025-10-01 12:16:47.127234,0 days 00:00:13.710218,tanh,36,6.948807373726438e-05,3,COMPLETE
12,0.8941666666666668,2025-10-01 12:16:47.127500,2025-10-01 12:17:00.799715,0 days 00:00:13.672215,tanh,29,8.02842686263697e-05,3,COMPLETE
13,0.8416666666666666,2025-10-01 12:17:00.800058,2025-10-01 12:17:12.308610,0 days 00:00:11.508552,tanh,44,5.8173408184427326e-05,2,COMPLETE
14,0.8275,2025-10-01 12:17:12.308859,2025-10-01 12:17:23.498100,0 days 00:00:11.189241,tanh,10,0.00016828545536410285,2,COMPLETE
15,0.8283333333333335,2025-10-01 12:17:23.498442,2025-10-01 12:17:37.287237,0 days 00:00:13.788795,tanh,44,1.0885252897130539e-05,3,COMPLETE
16,0.7608333333333334,2025-10-01 12:17:37.287597,2025-10-01 12:17:51.162166,0 days 00:00:13.874569,relu,36,5.252513218444453e-05,3,COMPLETE
17,0.8941666666666667,2025-10-01 12:17:51.162440,2025-10-01 12:18:02.626933,0 days 00:00:11.464493,tanh,26,0.0008526969251146071,2,COMPLETE
18,0.8683333333333334,2025-10-01 12:18:02.627270,2025-10-01 12:18:16.360429,0 days 00:00:13.733159,tanh,36,0.000130063536371643,3,COMPLETE
19,0.8808333333333334,2025-10-01 12:18:16.360783,2025-10-01 12:18:28.081434,0 days 00:00:11.720651,relu,50,0.00035323984853597026,2,COMPLETE
20,0.8683333333333334,2025-10-01 12:18:28.081703,2025-10-01 12:18:44.505296,0 days 00:00:16.423593,tanh,64,4.099547338129389e-05,4,COMPLETE
21,0.8416666666666666,2025-10-01 12:18:44.505652,2025-10-01 12:18:58.190073,0 days 00:00:13.684421,tanh,28,8.028737154273675e-05,3,COMPLETE
22,0.8808333333333334,2025-10-01 12:18:58.190437,2025-10-01 12:19:11.870084,0 days 00:00:13.679647,tanh,32,7.495579003052454e-05,3,COMPLETE
23,0.8541666666666667,2025-10-01 12:19:11.870351,2025-10-01 12:19:25.512134,0 days 00:00:13.641783,tanh,20,0.00012205317916466342,3,COMPLETE
24,0.8541666666666667,2025-10-01 12:19:25.512472,2025-10-01 12:19:39.325537,0 days 00:00:13.813065,tanh,42,5.113961223361058e-05,3,COMPLETE
25,0.8675,2025-10-01 12:19:39.325903,2025-10-01 12:19:50.815570,0 days 00:00:11.489667,tanh,40,0.00027596134993142723,2,COMPLETE
26,0.8941666666666667,2025-10-01 12:19:50.815830,2025-10-01 12:20:04.555692,0 days 00:00:13.739862,tanh,29,0.00011859188908499488,3,COMPLETE
27,0.8683333333333334,2025-10-01 12:20:04.556056,2025-10-01 12:20:20.811241,0 days 00:00:16.255185,tanh,47,7.211524572493451e-05,4,COMPLETE
28,0.4625,2025-10-01 12:20:20.811628,2025-10-01 12:20:34.420186,0 days 00:00:13.608558,sigmoid,24,0.00017617104979591566,3,COMPLETE
29,0.5508333333333333,2025-10-01 12:20:34.420533,2025-10-01 12:20:45.783681,0 days 00:00:11.363148,relu,15,1.2051910762571954e-05,2,COMPLETE
30,0.6041666666666666,2025-10-01 12:20:45.783952,2025-10-01 12:21:01.659997,0 days 00:00:15.876045,sigmoid,33,4.0454372268233136e-05,4,COMPLETE
31,0.8550000000000001,2025-10-01 12:21:01.660361,2025-10-01 12:21:15.437106,0 days 00:00:13.776745,tanh,39,3.0395776652507347e-05,3,COMPLETE
32,0.8683333333333334,2025-10-01 12:21:15.437454,2025-10-01 12:21:29.192725,0 days 00:00:13.755271,tanh,37,1.7273516038054734e-05,3,COMPLETE
33,0.8808333333333334,2025-10-01 12:21:29.193008,2025-10-01 12:21:43.166191,0 days 00:00:13.973183,tanh,53,9.884333716811168e-05,3,COMPLETE
34,0.9075,2025-10-01 12:21:43.166547,2025-10-01 12:21:56.988693,0 days 00:00:13.822146,tanh,45,2.974267226527013e-05,3,COMPLETE
35,0.8808333333333334,2025-10-01 12:21:56.989048,2025-10-01 12:22:13.288827,0 days 00:00:16.299779,tanh,54,6.228019406093473e-05,4,COMPLETE
36,0.48916666666666675,2025-10-01 12:22:13.289202,2025-10-01 12:22:27.173959,0 days 00:00:13.884757,sigmoid,46,4.3933486517321114e-05,3,COMPLETE
37,0.8408333333333333,2025-10-01 12:22:27.174252,2025-10-01 12:22:43.399673,0 days 00:00:16.225421,tanh,49,1.867862899141922e-05,4,COMPLETE
38,0.8041666666666668,2025-10-01 12:22:43.400027,2025-10-01 12:22:52.607285,0 days 00:00:09.207258,relu,41,0.0002225734057479755,1,COMPLETE
39,0.8541666666666666,2025-10-01 12:22:52.607547,2025-10-01 12:23:06.605462,0 days 00:00:13.997915,tanh,55,2.4335387435143646e-05,3,COMPLETE
40,0.6591666666666667,2025-10-01 12:23:06.605842,2025-10-01 12:23:18.059592,0 days 00:00:11.453750,sigmoid,34,0.0004709629546727727,2,COMPLETE
41,0.8683333333333334,2025-10-01 12:23:18.059960,2025-10-01 12:23:31.826381,0 days 00:00:13.766421,tanh,38,3.0740122335020444e-05,3,COMPLETE
42,0.8008333333333333,2025-10-01 12:23:31.826675,2025-10-01 12:23:45.556674,0 days 00:00:13.729999,tanh,29,3.549102014410413e-05,3,COMPLETE
43,0.8416666666666668,2025-10-01 12:23:45.557061,2025-10-01 12:23:59.368877,0 days 00:00:13.811816,tanh,44,1.4573659027562554e-05,3,COMPLETE
44,0.8416666666666666,2025-10-01 12:23:59.369235,2025-10-01 12:24:13.086137,0 days 00:00:13.716902,tanh,34,2.3489770228755082e-05,3,COMPLETE
45,0.8550000000000001,2025-10-01 12:24:13.086414,2025-10-01 12:24:29.318369,0 days 00:00:16.231955,tanh,47,0.00015824847954815313,4,COMPLETE
46,0.8941666666666667,2025-10-01 12:24:29.318759,2025-10-01 12:24:43.152819,0 days 00:00:13.834060,tanh,42,8.851103581386048e-05,3,COMPLETE
47,0.8675,2025-10-01 12:24:43.153202,2025-10-01 12:24:57.221781,0 days 00:00:14.068579,tanh,58,6.319425000006078e-05,3,COMPLETE
48,0.7641666666666667,2025-10-01 12:24:57.222170,2025-10-01 12:25:08.776219,0 days 00:00:11.554049,relu,26,4.758085188606851e-05,2,COMPLETE
49,0.8808333333333334,2025-10-01 12:25:08.776510,2025-10-01 12:25:25.066654,0 days 00:00:16.290144,tanh,51,0.00010834596099393739,4,COMPLETE
50,0.8950000000000001,2025-10-01 12:25:25.067053,2025-10-01 12:25:38.775612,0 days 00:00:13.708559,tanh,36,0.00014695033396298053,3,COMPLETE
51,0.8808333333333334,2025-10-01 12:25:38.775996,2025-10-01 12:25:52.531665,0 days 00:00:13.755669,tanh,35,0.00021372221994611117,3,COMPLETE
52,0.8808333333333334,2025-10-01 12:25:52.531943,2025-10-01 12:26:06.354707,0 days 00:00:13.822764,tanh,44,0.0001415703794966501,3,COMPLETE
53,0.8941666666666667,2025-10-01 12:26:06.355084,2025-10-01 12:26:20.103748,0 days 00:00:13.748664,tanh,31,0.0002049841079494809,3,COMPLETE
54,0.8550000000000001,2025-10-01 12:26:20.104133,2025-10-01 12:26:33.844693,0 days 00:00:13.740560,tanh,31,0.00027983699653744224,3,COMPLETE
55,0.8941666666666667,2025-10-01 12:26:33.845057,2025-10-01 12:26:47.636301,0 days 00:00:13.791244,tanh,39,8.337775599075254e-05,3,COMPLETE
56,0.8683333333333334,2025-10-01 12:26:47.636592,2025-10-01 12:27:01.379703,0 days 00:00:13.743111,tanh,37,0.00010188127361500212,3,COMPLETE
57,0.8541666666666667,2025-10-01 12:27:01.380082,2025-10-01 12:27:12.823546,0 days 00:00:11.443464,tanh,22,0.00014027370306060228,2,COMPLETE
58,0.8808333333333334,2025-10-01 12:27:12.823803,2025-10-01 12:27:26.801222,0 days 00:00:13.977419,relu,42,0.0009702531402900016,3,COMPLETE
59,0.4708333333333334,2025-10-01 12:27:26.801563,2025-10-01 12:27:40.440956,0 days 00:00:13.639393,sigmoid,27,5.5377858450321565e-05,3,COMPLETE
60,0.8675,2025-10-01 12:27:40.441337,2025-10-01 12:27:54.335724,0 days 00:00:13.894387,tanh,49,7.181152643886386e-05,3,COMPLETE
61,0.8816666666666668,2025-10-01 12:27:54.336081,2025-10-01 12:28:05.807323,0 days 00:00:11.471242,tanh,26,0.0008701374266111026,2,COMPLETE
62,0.8941666666666668,2025-10-01 12:28:05.807602,2025-10-01 12:28:14.968594,0 days 00:00:09.160992,tanh,23,0.000612648611452462,1,COMPLETE
63,0.8166666666666668,2025-10-01 12:28:14.968977,2025-10-01 12:28:24.100239,0 days 00:00:09.131262,tanh,17,0.0004042854103936005,1,COMPLETE
64,0.8150000000000002,2025-10-01 12:28:24.100495,2025-10-01 12:28:37.743016,0 days 00:00:13.642521,tanh,23,3.5706172517231024e-05,3,COMPLETE
65,0.8408333333333333,2025-10-01 12:28:37.743363,2025-10-01 12:28:46.897211,0 days 00:00:09.153848,tanh,20,0.0006815188268945562,1,COMPLETE
66,0.775,2025-10-01 12:28:46.897468,2025-10-01 12:29:00.587875,0 days 00:00:13.690407,tanh,29,2.121699264189149e-05,3,COMPLETE
67,0.7775000000000001,2025-10-01 12:29:00.588254,2025-10-01 12:29:09.805329,0 days 00:00:09.217075,tanh,61,2.9637394643752072e-05,1,COMPLETE
68,0.8675,2025-10-01 12:29:09.805588,2025-10-01 12:29:21.386331,0 days 00:00:11.580743,tanh,46,1.3822470067702213e-05,2,COMPLETE
69,0.5641666666666667,2025-10-01 12:29:21.386685,2025-10-01 12:29:35.017047,0 days 00:00:13.630362,sigmoid,32,0.0006068944328839268,3,COMPLETE
70,0.7775000000000001,2025-10-01 12:29:35.017425,2025-10-01 12:29:48.469772,0 days 00:00:13.452347,tanh,12,6.589962383866383e-05,3,COMPLETE
71,0.8808333333333334,2025-10-01 12:29:48.470078,2025-10-01 12:29:57.627420,0 days 00:00:09.157342,tanh,25,0.0007404193515987539,1,COMPLETE
72,0.9075000000000001,2025-10-01 12:29:57.627774,2025-10-01 12:30:09.031649,0 days 00:00:11.403875,tanh,18,0.0005745243318826058,2,COMPLETE
73,0.8941666666666667,2025-10-01 12:30:09.031909,2025-10-01 12:30:20.446854,0 days 00:00:11.414945,tanh,20,0.0005745355549017782,2,COMPLETE
74,0.8675,2025-10-01 12:30:20.447217,2025-10-01 12:30:29.579518,0 days 00:00:09.132301,tanh,17,0.00034212065798712384,1,COMPLETE
75,0.7125,2025-10-01 12:30:29.579779,2025-10-01 12:30:40.936182,0 days 00:00:11.356403,relu,15,0.000452940736777776,2,COMPLETE
76,0.8283333333333334,2025-10-01 12:30:40.936523,2025-10-01 12:30:54.220897,0 days 00:00:13.284374,tanh,9,0.00025275505974844015,3,COMPLETE
77,0.8675,2025-10-01 12:30:54.221265,2025-10-01 12:31:07.995303,0 days 00:00:13.774038,tanh,39,0.00018638765597083417,3,COMPLETE
78,0.8300000000000001,2025-10-01 12:31:07.995594,2025-10-01 12:31:21.732818,0 days 00:00:13.737224,tanh,36,2.697971490263462e-05,3,COMPLETE
79,0.8941666666666667,2025-10-01 12:31:21.733191,2025-10-01 12:31:35.442421,0 days 00:00:13.709230,tanh,30,0.00012558795475234877,3,COMPLETE
80,0.8416666666666668,2025-10-01 12:31:35.442812,2025-10-01 12:31:46.929523,0 days 00:00:11.486711,tanh,33,0.00010975366714652333,2,COMPLETE
81,0.8808333333333334,2025-10-01 12:31:46.929810,2025-10-01 12:31:58.348276,0 days 00:00:11.418466,tanh,19,0.0008190963755831349,2,COMPLETE
82,0.8550000000000001,2025-10-01 12:31:58.348629,2025-10-01 12:32:09.764416,0 days 00:00:11.415787,tanh,24,0.0005776632084430049,2,COMPLETE
83,0.8808333333333334,2025-10-01 12:32:09.764680,2025-10-01 12:32:18.926816,0 days 00:00:09.162136,tanh,28,0.0009603539093346322,1,COMPLETE
84,0.8675,2025-10-01 12:32:18.927178,2025-10-01 12:32:32.574857,0 days 00:00:13.647679,tanh,22,0.0006811721628103661,3,COMPLETE
85,0.8941666666666667,2025-10-01 12:32:32.575124,2025-10-01 12:32:46.405485,0 days 00:00:13.830361,tanh,44,3.926234129132141e-05,3,COMPLETE
86,0.7241666666666667,2025-10-01 12:32:46.405849,2025-10-01 12:32:57.876400,0 days 00:00:11.470551,sigmoid,40,0.0004935913404979569,2,COMPLETE
87,0.8816666666666666,2025-10-01 12:32:57.876798,2025-10-01 12:33:13.448479,0 days 00:00:15.571681,tanh,14,0.0004124193311293861,4,COMPLETE
88,0.8808333333333334,2025-10-01 12:33:13.448773,2025-10-01 12:33:27.202780,0 days 00:00:13.754007,tanh,37,0.000790623518416962,3,COMPLETE
89,0.8550000000000001,2025-10-01 12:33:27.203158,2025-10-01 12:33:41.099442,0 days 00:00:13.896284,relu,35,0.0003047044628304692,3,COMPLETE
90,0.8941666666666667,2025-10-01 12:33:41.099835,2025-10-01 12:33:54.745143,0 days 00:00:13.645308,tanh,18,0.00015695223223313626,3,COMPLETE
91,0.8416666666666668,2025-10-01 12:33:54.745508,2025-10-01 12:34:08.454305,0 days 00:00:13.708797,tanh,33,8.012433590966421e-05,3,COMPLETE
92,0.8941666666666667,2025-10-01 12:34:08.454611,2025-10-01 12:34:22.156494,0 days 00:00:13.701883,tanh,29,0.00011549468718945926,3,COMPLETE
93,0.8141666666666666,2025-10-01 12:34:22.156888,2025-10-01 12:34:35.820840,0 days 00:00:13.663952,tanh,26,4.877316299260297e-05,3,COMPLETE
94,0.8675,2025-10-01 12:34:35.821203,2025-10-01 12:34:49.483580,0 days 00:00:13.662377,tanh,24,8.912970447338043e-05,3,COMPLETE
95,0.9075000000000001,2025-10-01 12:34:49.483874,2025-10-01 12:35:03.166799,0 days 00:00:13.682925,tanh,27,0.0001383825215426952,3,COMPLETE
96,0.8550000000000001,2025-10-01 12:35:03.167198,2025-10-01 12:35:17.074330,0 days 00:00:13.907132,tanh,46,0.00014762356181209494,3,COMPLETE
97,0.8541666666666667,2025-10-01 12:35:17.074690,2025-10-01 12:35:30.730699,0 days 00:00:13.656009,tanh,21,0.00013051641359254884,3,COMPLETE
98,0.8675,2025-10-01 12:35:30.730995,2025-10-01 12:35:42.206843,0 days 00:00:11.475848,tanh,27,9.727934667010244e-05,2,COMPLETE
99,0.8675,2025-10-01 12:35:42.207228,2025-10-01 12:35:55.991550,0 days 00:00:13.784322,tanh,41,0.00053208880282857,3,COMPLETE
100,0.4625,2025-10-01 12:35:55.991920,2025-10-01 12:36:09.688608,0 days 00:00:13.696688,sigmoid,35,1.0023203098513705e-05,3,COMPLETE
101,0.8808333333333334,2025-10-01 12:36:09.688900,2025-10-01 12:36:23.415537,0 days 00:00:13.726637,tanh,30,0.00018996830957491173,3,COMPLETE
102,0.6675,2025-10-01 12:36:23.415928,2025-10-01 12:36:37.088872,0 days 00:00:13.672944,tanh,28,2.1547553238142766e-05,3,COMPLETE
103,0.8941666666666667,2025-10-01 12:36:37.089237,2025-10-01 12:36:50.753978,0 days 00:00:13.664741,tanh,25,0.00016257524001636513,3,COMPLETE
104,0.8675,2025-10-01 12:36:50.754259,2025-10-01 12:37:04.418681,0 days 00:00:13.664422,tanh,32,0.00023691295608577453,3,COMPLETE
105,0.8550000000000001,2025-10-01 12:37:04.419098,2025-10-01 12:37:18.288810,0 days 00:00:13.869712,tanh,48,0.00011729882451563541,3,COMPLETE
106,0.7783333333333333,2025-10-01 12:37:18.289190,2025-10-01 12:37:27.445623,0 days 00:00:09.156433,tanh,23,7.153254535525137e-05,1,COMPLETE
107,0.8550000000000001,2025-10-01 12:37:27.445895,2025-10-01 12:37:41.284028,0 days 00:00:13.838133,relu,30,5.866150139556766e-05,3,COMPLETE
108,0.8808333333333334,2025-10-01 12:37:41.284412,2025-10-01 12:37:55.240315,0 days 00:00:13.955903,tanh,52,2.693665626583363e-05,3,COMPLETE
109,0.9075000000000001,2025-10-01 12:37:55.240678,2025-10-01 12:38:09.071739,0 days 00:00:13.831061,tanh,43,0.0001354544748611146,3,COMPLETE
110,0.8808333333333334,2025-10-01 12:38:09.072035,2025-10-01 12:38:22.870499,0 days 00:00:13.798464,tanh,43,0.00014222583834677113,3,COMPLETE
111,0.8808333333333334,2025-10-01 12:38:22.870909,2025-10-01 12:38:36.708245,0 days 00:00:13.837336,tanh,45,0.00010483120910912724,3,COMPLETE
112,0.8683333333333334,2025-10-01 12:38:36.708610,2025-10-01 12:38:50.484860,0 days 00:00:13.776250,tanh,38,0.00018534267856935898,3,COMPLETE
113,0.8941666666666667,2025-10-01 12:38:50.485155,2025-10-01 12:39:04.304367,0 days 00:00:13.819212,tanh,43,0.00012987749915320472,3,COMPLETE
114,0.8675,2025-10-01 12:39:04.304782,2025-10-01 12:39:18.169505,0 days 00:00:13.864723,tanh,48,1.6382706351270833e-05,3,COMPLETE
115,0.8808333333333334,2025-10-01 12:39:18.169878,2025-10-01 12:39:31.929629,0 days 00:00:13.759751,tanh,40,0.0006976100853309722,3,COMPLETE
116,0.8275,2025-10-01 12:39:31.929922,2025-10-01 12:39:45.659647,0 days 00:00:13.729725,tanh,25,4.401389189131773e-05,3,COMPLETE
117,0.8675,2025-10-01 12:39:45.660063,2025-10-01 12:39:57.130895,0 days 00:00:11.470832,tanh,27,0.0006330446499406818,2,COMPLETE
118,0.8275,2025-10-01 12:39:57.131270,2025-10-01 12:40:13.070625,0 days 00:00:15.939355,tanh,34,3.324315398492648e-05,4,COMPLETE
119,0.8150000000000001,2025-10-01 12:40:13.070929,2025-10-01 12:40:22.247010,0 days 00:00:09.176081,tanh,38,9.47719316278276e-05,1,COMPLETE
120,0.5108333333333333,2025-10-01 12:40:22.247401,2025-10-01 12:40:35.996185,0 days 00:00:13.748784,sigmoid,41,8.104559282287748e-05,3,COMPLETE
121,0.8675,2025-10-01 12:40:35.996557,2025-10-01 12:40:49.813779,0 days 00:00:13.817222,tanh,43,8.973512946809291e-05,3,COMPLETE
122,0.8808333333333334,2025-10-01 12:40:49.814089,2025-10-01 12:41:03.639873,0 days 00:00:13.825784,tanh,45,6.860061587093856e-05,3,COMPLETE
123,0.8808333333333334,2025-10-01 12:41:03.640273,2025-10-01 12:41:17.448984,0 days 00:00:13.808711,tanh,42,0.0008888985126336949,3,COMPLETE
124,0.8808333333333334,2025-10-01 12:41:17.449365,2025-10-01 12:41:31.193249,0 days 00:00:13.743884,tanh,31,0.00011185039260107751,3,COMPLETE
125,0.8550000000000001,2025-10-01 12:41:31.193542,2025-10-01 12:41:45.124097,0 days 00:00:13.930555,tanh,47,0.00012542374595574273,3,COMPLETE
126,0.8808333333333334,2025-10-01 12:41:45.124514,2025-10-01 12:41:59.077654,0 days 00:00:13.953140,tanh,50,0.0001666747399252152,3,COMPLETE
127,0.8416666666666668,2025-10-01 12:41:59.078028,2025-10-01 12:42:12.776719,0 days 00:00:13.698691,tanh,28,0.00010134550303506002,3,COMPLETE
128,0.8041666666666668,2025-10-01 12:42:12.777011,2025-10-01 12:42:26.529571,0 days 00:00:13.752560,relu,21,0.00014384803044266542,3,COMPLETE
129,0.8808333333333334,2025-10-01 12:42:26.529970,2025-10-01 12:42:40.278576,0 days 00:00:13.748606,tanh,36,8.703426439751458e-05,3,COMPLETE
130,0.8550000000000001,2025-10-01 12:42:40.278958,2025-10-01 12:42:51.794311,0 days 00:00:11.515353,tanh,38,7.841812267180387e-05,2,COMPLETE
131,0.8941666666666667,2025-10-01 12:42:51.794588,2025-10-01 12:43:05.467576,0 days 00:00:13.672988,tanh,32,0.0001930812007578593,3,COMPLETE
132,0.8816666666666666,2025-10-01 12:43:05.467961,2025-10-01 12:43:19.187290,0 days 00:00:13.719329,tanh,29,0.00039513279197189884,3,COMPLETE
133,0.8808333333333334,2025-10-01 12:43:19.187648,2025-10-01 12:43:32.921266,0 days 00:00:13.733618,tanh,31,0.00013383054448039448,3,COMPLETE
134,0.8941666666666667,2025-10-01 12:43:32.921550,2025-10-01 12:43:46.655327,0 days 00:00:13.733777,tanh,34,0.0002050124799846808,3,COMPLETE
135,0.8941666666666667,2025-10-01 12:43:46.655738,2025-10-01 12:44:00.499030,0 days 00:00:13.843292,tanh,45,0.00015475283015748643,3,COMPLETE
136,0.8941666666666667,2025-10-01 12:44:00.499406,2025-10-01 12:44:14.185294,0 days 00:00:13.685888,tanh,26,0.00011971594424348298,3,COMPLETE
137,0.8808333333333334,2025-10-01 12:44:14.185590,2025-10-01 12:44:27.914907,0 days 00:00:13.729317,tanh,36,0.00017180771162182175,3,COMPLETE
138,0.8675,2025-10-01 12:44:27.915315,2025-10-01 12:44:41.633616,0 days 00:00:13.718301,tanh,23,0.00011185979705641722,3,COMPLETE
139,0.8675,2025-10-01 12:44:41.634015,2025-10-01 12:44:50.801028,0 days 00:00:09.167013,tanh,27,0.0007643041976627297,1,COMPLETE
140,0.8675,2025-10-01 12:44:50.801309,2025-10-01 12:45:04.554029,0 days 00:00:13.752720,tanh,30,0.0005395556638100455,3,COMPLETE
141,0.9075000000000001,2025-10-01 12:45:04.554444,2025-10-01 12:45:18.358488,0 days 00:00:13.804044,tanh,37,8.724532413551676e-05,3,COMPLETE
142,0.8949999999999999,2025-10-01 12:45:18.358902,2025-10-01 12:45:32.143589,0 days 00:00:13.784687,tanh,40,6.147669802765473e-05,3,COMPLETE
143,0.8683333333333334,2025-10-01 12:45:32.143882,2025-10-01 12:45:45.978310,0 days 00:00:13.834428,tanh,41,7.393605168342102e-05,3,COMPLETE
144,0.8808333333333334,2025-10-01 12:45:45.978751,2025-10-01 12:45:59.780370,0 days 00:00:13.801619,tanh,40,6.366257790540168e-05,3,COMPLETE
145,0.8675,2025-10-01 12:45:59.780767,2025-10-01 12:46:13.582017,0 days 00:00:13.801250,tanh,39,5.4285170823448336e-05,3,COMPLETE
146,0.8550000000000001,2025-10-01 12:46:13.582309,2025-10-01 12:46:27.417264,0 days 00:00:13.834955,tanh,43,9.715397439082236e-05,3,COMPLETE
147,0.6041666666666666,2025-10-01 12:46:27.417662,2025-10-01 12:46:41.196623,0 days 00:00:13.778961,sigmoid,38,5.921068438564336e-05,3,COMPLETE
148,0.8941666666666668,2025-10-01 12:46:41.196998,2025-10-01 12:46:55.013958,0 days 00:00:13.816960,tanh,37,8.36937312203023e-05,3,COMPLETE
149,0.8291666666666666,2025-10-01 12:46:55.014362,2025-10-01 12:47:06.569439,0 days 00:00:11.555077,tanh,37,6.681592369851618e-05,2,COMPLETE
150,0.8941666666666667,2025-10-01 12:47:06.569751,2025-10-01 12:47:20.359304,0 days 00:00:13.789553,tanh,35,8.621686591779851e-05,3,COMPLETE
151,0.8816666666666666,2025-10-01 12:47:20.359686,2025-10-01 12:47:34.155503,0 days 00:00:13.795817,tanh,40,7.931204406047374e-05,3,COMPLETE
152,0.8941666666666667,2025-10-01 12:47:34.155791,2025-10-01 12:47:47.965984,0 days 00:00:13.810193,tanh,37,9.425971122617143e-05,3,COMPLETE
153,0.8541666666666666,2025-10-01 12:47:47.966406,2025-10-01 12:48:01.801644,0 days 00:00:13.835238,tanh,41,3.7263269549583296e-05,3,COMPLETE
154,0.8675,2025-10-01 12:48:01.802047,2025-10-01 12:48:15.643503,0 days 00:00:13.841456,tanh,39,7.61080722345392e-05,3,COMPLETE
155,0.8150000000000001,2025-10-01 12:48:15.643951,2025-10-01 12:48:29.521322,0 days 00:00:13.877371,tanh,45,4.64570811387719e-05,3,COMPLETE
156,0.7749999999999999,2025-10-01 12:48:29.521645,2025-10-01 12:48:43.581022,0 days 00:00:14.059377,relu,42,2.7457966920443352e-05,3,COMPLETE
157,0.8808333333333334,2025-10-01 12:48:43.581442,2025-10-01 12:48:57.352625,0 days 00:00:13.771183,tanh,33,0.00010582989164812654,3,COMPLETE
158,0.8541666666666666,2025-10-01 12:48:57.353054,2025-10-01 12:49:11.329553,0 days 00:00:13.976499,tanh,47,3.227093193702484e-05,3,COMPLETE
159,0.8550000000000001,2025-10-01 12:49:11.329868,2025-10-01 12:49:25.117994,0 days 00:00:13.788126,tanh,35,0.0009978221850190842,3,COMPLETE
160,0.6224999999999999,2025-10-01 12:49:25.118421,2025-10-01 12:49:38.550475,0 days 00:00:13.432054,tanh,16,2.2263166464746535e-05,3,COMPLETE
161,0.8808333333333334,2025-10-01 12:49:38.550897,2025-10-01 12:49:52.265178,0 days 00:00:13.714281,tanh,28,0.00013525808663920246,3,COMPLETE
162,0.8816666666666666,2025-10-01 12:49:52.265483,2025-10-01 12:50:06.086336,0 days 00:00:13.820853,tanh,37,8.825023050313595e-05,3,COMPLETE
163,0.4491666666666666,2025-10-01 12:50:06.086759,2025-10-01 12:50:19.549675,0 days 00:00:13.462916,tanh,12,1.9222751846577807e-05,3,COMPLETE
164,0.8949999999999999,2025-10-01 12:50:19.550111,2025-10-01 12:50:33.330673,0 days 00:00:13.780562,tanh,31,0.00011672572573218381,3,COMPLETE
165,0.8683333333333334,2025-10-01 12:50:33.330992,2025-10-01 12:50:47.096675,0 days 00:00:13.765683,tanh,33,0.0001183726891659568,3,COMPLETE
166,0.8816666666666668,2025-10-01 12:50:47.097066,2025-10-01 12:51:00.940877,0 days 00:00:13.843811,tanh,44,0.00010290990191013342,3,COMPLETE
167,0.9075,2025-10-01 12:51:00.941296,2025-10-01 12:51:14.734195,0 days 00:00:13.792899,tanh,29,7.151235927712243e-05,3,COMPLETE
168,0.8416666666666668,2025-10-01 12:51:14.734524,2025-10-01 12:51:28.487133,0 days 00:00:13.752609,tanh,29,5.059616775362005e-05,3,COMPLETE
169,0.8283333333333335,2025-10-01 12:51:28.487551,2025-10-01 12:51:39.986481,0 days 00:00:11.498930,tanh,26,6.603664730191394e-05,2,COMPLETE
170,0.8808333333333334,2025-10-01 12:51:39.986912,2025-10-01 12:51:53.696712,0 days 00:00:13.709800,tanh,25,0.00015146248672945895,3,COMPLETE
171,0.8683333333333334,2025-10-01 12:51:53.697011,2025-10-01 12:52:07.423968,0 days 00:00:13.726957,tanh,28,7.245318427854424e-05,3,COMPLETE
172,0.9083333333333334,2025-10-01 12:52:07.424361,2025-10-01 12:52:21.209243,0 days 00:00:13.784882,tanh,30,8.247707344187621e-05,3,COMPLETE
173,0.8683333333333334,2025-10-01 12:52:21.209691,2025-10-01 12:52:34.975627,0 days 00:00:13.765936,tanh,30,8.174345619264125e-05,3,COMPLETE
174,0.8941666666666668,2025-10-01 12:52:34.975922,2025-10-01 12:52:48.765470,0 days 00:00:13.789548,tanh,34,6.043474732829485e-05,3,COMPLETE
175,0.8416666666666668,2025-10-01 12:52:48.765870,2025-10-01 12:53:02.490426,0 days 00:00:13.724556,tanh,32,5.866554023567911e-05,3,COMPLETE
176,0.7241666666666666,2025-10-01 12:53:02.490872,2025-10-01 12:53:11.663848,0 days 00:00:09.172976,tanh,34,5.3000536119074564e-05,1,COMPLETE
177,0.8541666666666667,2025-10-01 12:53:11.664137,2025-10-01 12:53:25.454733,0 days 00:00:13.790596,tanh,35,7.239486704002976e-05,3,COMPLETE
178,0.8683333333333334,2025-10-01 12:53:25.455136,2025-10-01 12:53:39.265261,0 days 00:00:13.810125,tanh,31,6.0704836831863204e-05,3,COMPLETE
179,0.8283333333333334,2025-10-01 12:53:39.265651,2025-10-01 12:53:53.023241,0 days 00:00:13.757590,tanh,34,4.204114489291093e-05,3,COMPLETE
180,0.30249999999999994,2025-10-01 12:53:53.023546,2025-10-01 12:54:06.796520,0 days 00:00:13.772974,sigmoid,37,8.381127961051263e-05,3,COMPLETE
181,0.8941666666666667,2025-10-01 12:54:06.796906,2025-10-01 12:54:20.604286,0 days 00:00:13.807380,tanh,29,0.00012518287723573777,3,COMPLETE
182,0.8675,2025-10-01 12:54:20.604717,2025-10-01 12:54:34.374018,0 days 00:00:13.769301,tanh,27,9.285464958897353e-05,3,COMPLETE
183,0.8683333333333334,2025-10-01 12:54:34.374347,2025-10-01 12:54:48.173110,0 days 00:00:13.798763,tanh,31,6.712335096805735e-05,3,COMPLETE
184,0.8808333333333334,2025-10-01 12:54:48.173523,2025-10-01 12:55:01.977311,0 days 00:00:13.803788,tanh,36,0.0008417868818385696,3,COMPLETE
185,0.8808333333333334,2025-10-01 12:55:01.977746,2025-10-01 12:55:15.729960,0 days 00:00:13.752214,tanh,29,0.0006359985318201691,3,COMPLETE
186,0.8808333333333334,2025-10-01 12:55:15.730344,2025-10-01 12:55:29.453770,0 days 00:00:13.723426,tanh,27,0.00010827469887470325,3,COMPLETE
187,0.8683333333333334,2025-10-01 12:55:29.454064,2025-10-01 12:55:43.167924,0 days 00:00:13.713860,tanh,32,7.50317247031818e-05,3,COMPLETE
188,0.8675,2025-10-01 12:55:43.168345,2025-10-01 12:55:57.051271,0 days 00:00:13.882926,relu,30,0.00014058879654877028,3,COMPLETE
189,0.8275,2025-10-01 12:55:57.051666,2025-10-01 12:56:10.833956,0 days 00:00:13.782290,tanh,36,2.51225218285887e-05,3,COMPLETE
190,0.8550000000000001,2025-10-01 12:56:10.834271,2025-10-01 12:56:24.643106,0 days 00:00:13.808835,tanh,38,2.979306694062116e-05,3,COMPLETE
191,0.8825,2025-10-01 12:56:24.643531,2025-10-01 12:56:38.322440,0 days 00:00:13.678909,tanh,24,9.756445458707237e-05,3,COMPLETE
192,0.8941666666666667,2025-10-01 12:56:38.322836,2025-10-01 12:56:52.265182,0 days 00:00:13.942346,tanh,46,8.35961867032896e-05,3,COMPLETE
193,0.8941666666666667,2025-10-01 12:56:52.265492,2025-10-01 12:57:06.053647,0 days 00:00:13.788155,tanh,40,7.734846970290497e-05,3,COMPLETE
194,0.8941666666666667,2025-10-01 12:57:06.054082,2025-10-01 12:57:19.780195,0 days 00:00:13.726113,tanh,28,0.00011846384641016808,3,COMPLETE
195,0.8675,2025-10-01 12:57:19.780579,2025-10-01 12:57:33.610205,0 days 00:00:13.829626,tanh,42,9.273533508433417e-05,3,COMPLETE
196,0.8416666666666666,2025-10-01 12:57:33.610523,2025-10-01 12:57:42.804652,0 days 00:00:09.194129,tanh,43,6.892021802353877e-05,1,COMPLETE
197,0.8941666666666667,2025-10-01 12:57:42.805078,2025-10-01 12:57:56.564600,0 days 00:00:13.759522,tanh,33,0.0001035664413913504,3,COMPLETE
198,0.8675,2025-10-01 12:57:56.565001,2025-10-01 12:58:10.258160,0 days 00:00:13.693159,tanh,19,8.709036183689829e-05,3,COMPLETE
199,0.8808333333333334,2025-10-01 12:58:10.258492,2025-10-01 12:58:24.051048,0 days 00:00:13.792556,tanh,38,0.00012971349081204722,3,COMPLETE
200,0.8541666666666666,2025-10-01 12:58:24.051500,2025-10-01 12:58:35.591468,0 days 00:00:11.539968,tanh,39,5.681863782381081e-05,2,COMPLETE
201,0.8941666666666668,2025-10-01 12:58:35.591766,2025-10-01 12:58:49.348917,0 days 00:00:13.757151,tanh,30,0.00015717784899750407,3,COMPLETE
202,0.8675,2025-10-01 12:58:49.349321,2025-10-01 12:59:03.111048,0 days 00:00:13.761727,tanh,30,6.412652255733737e-05,3,COMPLETE
203,0.8808333333333334,2025-10-01 12:59:03.111503,2025-10-01 12:59:16.850098,0 days 00:00:13.738595,tanh,31,0.00015805827085733765,3,COMPLETE
204,0.8816666666666666,2025-10-01 12:59:16.850496,2025-10-01 12:59:30.557986,0 days 00:00:13.707490,tanh,28,0.00011473632264020238,3,COMPLETE
205,0.8683333333333334,2025-10-01 12:59:30.558308,2025-10-01 12:59:44.266738,0 days 00:00:13.708430,tanh,26,0.00018062418645465122,3,COMPLETE
206,0.8816666666666666,2025-10-01 12:59:44.267162,2025-10-01 12:59:57.997895,0 days 00:00:13.730733,tanh,29,0.0001388697585408081,3,COMPLETE
207,0.8683333333333334,2025-10-01 12:59:57.998277,2025-10-01 13:00:11.783849,0 days 00:00:13.785572,tanh,35,0.00015533763772450338,3,COMPLETE
208,0.8550000000000001,2025-10-01 13:00:11.784179,2025-10-01 13:00:25.587539,0 days 00:00:13.803360,tanh,44,7.733606932883261e-05,3,COMPLETE
209,0.8816666666666668,2025-10-01 13:00:25.587984,2025-10-01 13:00:39.302286,0 days 00:00:13.714302,tanh,32,0.00029878369755830696,3,COMPLETE
210,0.5558333333333334,2025-10-01 13:00:39.302688,2025-10-01 13:00:53.011118,0 days 00:00:13.708430,sigmoid,36,0.0001220375259264328,3,COMPLETE
211,0.8808333333333334,2025-10-01 13:00:53.011420,2025-10-01 13:01:06.800882,0 days 00:00:13.789462,tanh,31,0.00016631450318342343,3,COMPLETE
212,0.8808333333333334,2025-10-01 13:01:06.801333,2025-10-01 13:01:20.526076,0 days 00:00:13.724743,tanh,30,0.00045682644134449276,3,COMPLETE
213,0.8675,2025-10-01 13:01:20.526471,2025-10-01 13:01:34.245445,0 days 00:00:13.718974,tanh,34,0.0002317613076667137,3,COMPLETE
214,0.8816666666666666,2025-10-01 13:01:34.245774,2025-10-01 13:01:47.962746,0 days 00:00:13.716972,tanh,27,0.00014465389909779417,3,COMPLETE
215,0.8808333333333334,2025-10-01 13:01:47.963216,2025-10-01 13:02:01.692506,0 days 00:00:13.729290,tanh,29,0.000259409047558897,3,COMPLETE
216,0.8675,2025-10-01 13:02:01.692893,2025-10-01 13:02:15.435064,0 days 00:00:13.742171,tanh,32,0.00010866429668513013,3,COMPLETE
217,0.8941666666666668,2025-10-01 13:02:15.435390,2025-10-01 13:02:29.199590,0 days 00:00:13.764200,tanh,33,0.00017337593566340334,3,COMPLETE
218,0.8808333333333334,2025-10-01 13:02:29.200052,2025-10-01 13:02:42.968583,0 days 00:00:13.768531,tanh,37,0.00013349139856183259,3,COMPLETE
219,0.8808333333333334,2025-10-01 13:02:42.968995,2025-10-01 13:02:56.702955,0 days 00:00:13.733960,tanh,33,0.0007261908797376528,3,COMPLETE
220,0.8941666666666667,2025-10-01 13:02:56.703407,2025-10-01 13:03:10.581479,0 days 00:00:13.878072,tanh,48,0.00017604581266764677,3,COMPLETE
221,0.8683333333333334,2025-10-01 13:03:10.581783,2025-10-01 13:03:24.373954,0 days 00:00:13.792171,tanh,31,0.00020647943801107286,3,COMPLETE
222,0.8808333333333334,2025-10-01 13:03:24.374376,2025-10-01 13:03:38.134591,0 days 00:00:13.760215,tanh,34,0.00014751668231755848,3,COMPLETE
223,0.8808333333333334,2025-10-01 13:03:38.135067,2025-10-01 13:03:51.913922,0 days 00:00:13.778855,tanh,35,0.000161153111367276,3,COMPLETE
224,0.8941666666666667,2025-10-01 13:03:51.914256,2025-10-01 13:04:05.678234,0 days 00:00:13.763978,tanh,29,0.0003762834980322707,3,COMPLETE
225,0.8675,2025-10-01 13:04:05.678657,2025-10-01 13:04:19.532092,0 days 00:00:13.853435,tanh,45,0.000129205706408798,3,COMPLETE
226,0.8016666666666667,2025-10-01 13:04:19.532537,2025-10-01 13:04:33.365063,0 days 00:00:13.832526,relu,32,9.036117224814002e-05,3,COMPLETE
227,0.9075000000000001,2025-10-01 13:04:33.365403,2025-10-01 13:04:47.125398,0 days 00:00:13.759995,tanh,30,7.044136391995979e-05,3,COMPLETE
228,0.8808333333333334,2025-10-01 13:04:47.125834,2025-10-01 13:05:00.879513,0 days 00:00:13.753679,tanh,30,6.785051829958157e-05,3,COMPLETE
229,0.7891666666666667,2025-10-01 13:05:00.879981,2025-10-01 13:05:10.085928,0 days 00:00:09.205947,tanh,42,7.223689733529333e-05,1,COMPLETE
230,0.8941666666666667,2025-10-01 13:05:10.086243,2025-10-01 13:05:23.797479,0 days 00:00:13.711236,tanh,28,6.266620797194302e-05,3,COMPLETE
231,0.8675,2025-10-01 13:05:23.797884,2025-10-01 13:05:37.540674,0 days 00:00:13.742790,tanh,33,8.647473785345382e-05,3,COMPLETE
232,0.9075000000000001,2025-10-01 13:05:37.541133,2025-10-01 13:05:51.289330,0 days 00:00:13.748197,tanh,31,7.614081873457208e-05,3,COMPLETE
233,0.8816666666666666,2025-10-01 13:05:51.289651,2025-10-01 13:06:05.009073,0 days 00:00:13.719422,tanh,30,7.971746265498044e-05,3,COMPLETE
234,0.8816666666666668,2025-10-01 13:06:05.009473,2025-10-01 13:06:18.743892,0 days 00:00:13.734419,tanh,29,7.506050749282907e-05,3,COMPLETE
235,0.8433333333333334,2025-10-01 13:06:18.744342,2025-10-01 13:06:32.220711,0 days 00:00:13.476369,tanh,13,6.993457593737202e-05,3,COMPLETE
236,0.7491666666666666,2025-10-01 13:06:32.221026,2025-10-01 13:06:43.723141,0 days 00:00:11.502115,tanh,31,1.2064650672058529e-05,2,COMPLETE
237,0.8541666666666667,2025-10-01 13:06:43.723526,2025-10-01 13:06:57.472375,0 days 00:00:13.748849,tanh,36,8.097782131316903e-05,3,COMPLETE
238,0.8408333333333333,2025-10-01 13:06:57.472827,2025-10-01 13:07:11.157504,0 days 00:00:13.684677,tanh,26,9.651032634553532e-05,3,COMPLETE
239,0.8550000000000001,2025-10-01 13:07:11.157820,2025-10-01 13:07:24.909915,0 days 00:00:13.752095,tanh,33,5.831972210489193e-05,3,COMPLETE
240,0.8808333333333334,2025-10-01 13:07:24.910329,2025-10-01 13:07:38.700693,0 days 00:00:13.790364,tanh,31,0.0009169681704006178,3,COMPLETE
241,0.8941666666666668,2025-10-01 13:07:38.701151,2025-10-01 13:07:52.432946,0 days 00:00:13.731795,tanh,32,0.00014459217900623963,3,COMPLETE
242,0.8941666666666667,2025-10-01 13:07:52.433290,2025-10-01 13:08:06.161693,0 days 00:00:13.728403,tanh,28,0.00014965908387419403,3,COMPLETE
243,0.8550000000000001,2025-10-01 13:08:06.162124,2025-10-01 13:08:19.872315,0 days 00:00:13.710191,tanh,32,6.434240177112928e-05,3,COMPLETE
244,0.8675,2025-10-01 13:08:19.872773,2025-10-01 13:08:33.539405,0 days 00:00:13.666632,tanh,22,0.00013885166907810081,3,COMPLETE
245,0.8675,2025-10-01 13:08:33.539713,2025-10-01 13:08:47.292599,0 days 00:00:13.752886,tanh,30,0.0001224420169927062,3,COMPLETE
246,0.8808333333333334,2025-10-01 13:08:47.293032,2025-10-01 13:09:01.209424,0 days 00:00:13.916392,tanh,46,8.351828342589089e-05,3,COMPLETE
247,0.8808333333333334,2025-10-01 13:09:01.209894,2025-10-01 13:09:15.298866,0 days 00:00:14.088972,tanh,64,7.514228263200641e-05,3,COMPLETE
248,0.8275,2025-10-01 13:09:15.299201,2025-10-01 13:09:29.096006,0 days 00:00:13.796805,tanh,35,2.5327065228394256e-05,3,COMPLETE
249,0.8950000000000001,2025-10-01 13:09:29.096438,2025-10-01 13:09:42.897800,0 days 00:00:13.801362,tanh,37,0.00010004177713214852,3,COMPLETE
250,0.8950000000000001,2025-10-01 13:09:42.898263,2025-10-01 13:09:56.717844,0 days 00:00:13.819581,tanh,38,0.00010214181328524602,3,COMPLETE
251,0.8675,2025-10-01 13:09:56.718268,2025-10-01 13:10:10.498683,0 days 00:00:13.780415,tanh,37,0.00010756903978693561,3,COMPLETE
252,0.8675,2025-10-01 13:10:10.499026,2025-10-01 13:10:24.329205,0 days 00:00:13.830179,tanh,39,0.0005071259139471365,3,COMPLETE
253,0.30249999999999994,2025-10-01 13:10:24.329668,2025-10-01 13:10:38.104969,0 days 00:00:13.775301,sigmoid,38,9.837772448769467e-05,3,COMPLETE
254,0.8941666666666667,2025-10-01 13:10:38.105389,2025-10-01 13:10:51.858273,0 days 00:00:13.752884,tanh,36,0.000565989810299268,3,COMPLETE
255,0.8675,2025-10-01 13:10:51.858599,2025-10-01 13:11:03.394294,0 days 00:00:11.535695,tanh,38,9.074668282630747e-05,2,COMPLETE
256,0.8941666666666667,2025-10-01 13:11:03.394783,2025-10-01 13:11:17.185871,0 days 00:00:13.791088,tanh,37,0.00011375870491279428,3,COMPLETE
257,0.8416666666666668,2025-10-01 13:11:17.186286,2025-10-01 13:11:30.944255,0 days 00:00:13.757969,tanh,34,0.0006518210023942412,3,COMPLETE
258,0.8941666666666667,2025-10-01 13:11:30.944573,2025-10-01 13:11:44.727332,0 days 00:00:13.782759,tanh,36,0.00013391106414593432,3,COMPLETE
259,0.7241666666666666,2025-10-01 13:11:44.727793,2025-10-01 13:11:58.676015,0 days 00:00:13.948222,relu,37,2.8809900147911367e-05,3,COMPLETE
260,0.8816666666666666,2025-10-01 13:11:58.676441,2025-10-01 13:12:12.467394,0 days 00:00:13.790953,tanh,40,0.00016429868144698812,3,COMPLETE
261,0.8683333333333334,2025-10-01 13:12:12.467714,2025-10-01 13:12:28.465508,0 days 00:00:15.997794,tanh,34,6.955326722847598e-05,4,COMPLETE
262,0.8683333333333334,2025-10-01 13:12:28.465976,2025-10-01 13:12:42.301249,0 days 00:00:13.835273,tanh,39,0.00010127305647305094,3,COMPLETE
263,0.8808333333333334,2025-10-01 13:12:42.301686,2025-10-01 13:12:56.079666,0 days 00:00:13.777980,tanh,35,8.195874103985078e-05,3,COMPLETE
264,0.8808333333333334,2025-10-01 13:12:56.080162,2025-10-01 13:13:09.862645,0 days 00:00:13.782483,tanh,38,5.1069483062654136e-05,3,COMPLETE
265,0.8808333333333334,2025-10-01 13:13:09.862988,2025-10-01 13:13:23.645115,0 days 00:00:13.782127,tanh,33,6.198552376693569e-05,3,COMPLETE
266,0.8541666666666667,2025-10-01 13:13:23.645561,2025-10-01 13:13:37.432588,0 days 00:00:13.787027,tanh,30,3.5710379034865515e-05,3,COMPLETE
267,0.8408333333333333,2025-10-01 13:13:37.433081,2025-10-01 13:13:46.606160,0 days 00:00:09.173079,tanh,32,0.0001511584256917922,1,COMPLETE
268,0.8808333333333334,2025-10-01 13:13:46.606506,2025-10-01 13:14:00.620082,0 days 00:00:14.013576,tanh,56,0.000125443803246162,3,COMPLETE
269,0.8683333333333334,2025-10-01 13:14:00.620498,2025-10-01 13:14:14.279398,0 days 00:00:13.658900,tanh,18,7.326599992078504e-05,3,COMPLETE
270,0.8808333333333334,2025-10-01 13:14:14.279718,2025-10-01 13:14:28.111797,0 days 00:00:13.832079,tanh,37,0.00017392798601070005,3,COMPLETE
271,0.8808333333333334,2025-10-01 13:14:28.112290,2025-10-01 13:14:39.660492,0 days 00:00:11.548202,tanh,36,0.0001127290240072068,2,COMPLETE
272,0.8275,2025-10-01 13:14:39.660909,2025-10-01 13:14:53.338325,0 days 00:00:13.677416,tanh,25,9.125857105963087e-05,3,COMPLETE
273,0.9075000000000001,2025-10-01 13:14:53.338650,2025-10-01 13:15:07.038138,0 days 00:00:13.699488,tanh,32,0.00082120299032892,3,COMPLETE
274,0.8941666666666667,2025-10-01 13:15:07.038625,2025-10-01 13:15:20.745558,0 days 00:00:13.706933,tanh,32,0.00014486718283947869,3,COMPLETE
275,0.8941666666666667,2025-10-01 13:15:20.745987,2025-10-01 13:15:34.492236,0 days 00:00:13.746249,tanh,33,8.295579143615836e-05,3,COMPLETE
276,0.4625,2025-10-01 13:15:34.492566,2025-10-01 13:15:48.225615,0 days 00:00:13.733049,sigmoid,34,1.7513885908515112e-05,3,COMPLETE
277,0.8541666666666667,2025-10-01 13:15:48.226115,2025-10-01 13:16:01.982155,0 days 00:00:13.756040,tanh,31,0.0008175909750767732,3,COMPLETE
278,0.8416666666666668,2025-10-01 13:16:01.982575,2025-10-01 13:16:15.702786,0 days 00:00:13.720211,tanh,32,3.1497104197504513e-05,3,COMPLETE
279,0.8808333333333334,2025-10-01 13:16:15.703133,2025-10-01 13:16:29.480224,0 days 00:00:13.777091,tanh,30,9.61342083994951e-05,3,COMPLETE
280,0.8808333333333334,2025-10-01 13:16:29.480714,2025-10-01 13:16:43.246938,0 days 00:00:13.766224,tanh,31,7.629364562368198e-05,3,COMPLETE
281,0.8408333333333333,2025-10-01 13:16:43.247359,2025-10-01 13:16:57.063662,0 days 00:00:13.816303,tanh,39,5.5760535355981186e-05,3,COMPLETE
282,0.8816666666666668,2025-10-01 13:16:57.064170,2025-10-01 13:17:10.994418,0 days 00:00:13.930248,relu,36,6.892899648292055e-05,3,COMPLETE
283,0.8941666666666667,2025-10-01 13:17:10.994789,2025-10-01 13:17:24.784071,0 days 00:00:13.789282,tanh,29,0.00012317932562939927,3,COMPLETE
284,0.8675,2025-10-01 13:17:24.784510,2025-10-01 13:17:38.479182,0 days 00:00:13.694672,tanh,21,0.00013662800803920225,3,COMPLETE
285,0.8550000000000001,2025-10-01 13:17:38.479687,2025-10-01 13:17:52.239937,0 days 00:00:13.760250,tanh,35,0.0001053235040932163,3,COMPLETE
286,0.8941666666666667,2025-10-01 13:17:52.240267,2025-10-01 13:18:06.198182,0 days 00:00:13.957915,tanh,47,0.0001602881958962926,3,COMPLETE
287,0.9075000000000001,2025-10-01 13:18:06.198618,2025-10-01 13:18:19.985363,0 days 00:00:13.786745,tanh,33,0.00019317209055793742,3,COMPLETE
288,0.8550000000000001,2025-10-01 13:18:19.985847,2025-10-01 13:18:33.742375,0 days 00:00:13.756528,tanh,33,0.00018965607393865976,3,COMPLETE
289,0.9075000000000001,2025-10-01 13:18:33.742711,2025-10-01 13:18:47.559314,0 days 00:00:13.816603,tanh,34,0.00016263090603818004,3,COMPLETE
290,0.8808333333333334,2025-10-01 13:18:47.559762,2025-10-01 13:19:01.340838,0 days 00:00:13.781076,tanh,34,0.00019819338261676164,3,COMPLETE
291,0.8808333333333334,2025-10-01 13:19:01.341314,2025-10-01 13:19:15.095203,0 days 00:00:13.753889,tanh,31,0.0001802401191088039,3,COMPLETE
292,0.8808333333333334,2025-10-01 13:19:15.095524,2025-10-01 13:19:28.890060,0 days 00:00:13.794536,tanh,34,0.00016104668075181977,3,COMPLETE
293,0.8283333333333335,2025-10-01 13:19:28.890486,2025-10-01 13:19:42.321088,0 days 00:00:13.430602,tanh,16,0.00017096825339097253,3,COMPLETE
294,0.8808333333333334,2025-10-01 13:19:42.321550,2025-10-01 13:19:56.120868,0 days 00:00:13.799318,tanh,35,8.800226187119984e-05,3,COMPLETE
295,0.8541666666666667,2025-10-01 13:19:56.121208,2025-10-01 13:20:10.102141,0 days 00:00:13.980933,tanh,49,6.256075009486405e-05,3,COMPLETE
296,0.8683333333333334,2025-10-01 13:20:10.102589,2025-10-01 13:20:23.987591,0 days 00:00:13.885002,tanh,45,0.0006002335325481639,3,COMPLETE
297,0.8808333333333334,2025-10-01 13:20:23.988107,2025-10-01 13:20:37.811959,0 days 00:00:13.823852,tanh,44,8.001936565047985e-05,3,COMPLETE
298,0.8550000000000001,2025-10-01 13:20:37.812380,2025-10-01 13:20:51.596168,0 days 00:00:13.783788,tanh,33,0.0007258550045349447,3,COMPLETE
299,0.6041666666666666,2025-10-01 13:20:51.596522,2025-10-01 13:21:05.340410,0 days 00:00:13.743888,sigmoid,30,0.00021035339106280595,3,COMPLETE
300,0.8425,2025-10-01 13:21:05.340897,2025-10-01 13:21:19.072593,0 days 00:00:13.731696,tanh,28,6.765007942412585e-05,3,COMPLETE
301,0.8675,2025-10-01 13:21:19.073019,2025-10-01 13:21:33.201203,0 days 00:00:14.128184,tanh,61,9.847880802007692e-05,3,COMPLETE
302,0.7883333333333333,2025-10-01 13:21:33.201534,2025-10-01 13:21:46.593682,0 days 00:00:13.392148,tanh,11,7.289388915096933e-05,3,COMPLETE
303,0.8808333333333334,2025-10-01 13:21:46.594206,2025-10-01 13:22:00.402750,0 days 00:00:13.808544,tanh,37,0.0001314586920625504,3,COMPLETE
304,0.8808333333333334,2025-10-01 13:22:00.403172,2025-10-01 13:22:14.198677,0 days 00:00:13.795505,tanh,35,0.00014974596953646715,3,COMPLETE
305,0.7608333333333333,2025-10-01 13:22:14.199017,2025-10-01 13:22:27.514442,0 days 00:00:13.315425,tanh,8,0.00011209313485814982,3,COMPLETE
306,0.8949999999999999,2025-10-01 13:22:27.514958,2025-10-01 13:22:41.388965,0 days 00:00:13.874007,relu,33,0.00018049090254056822,3,COMPLETE
307,0.8808333333333334,2025-10-01 13:22:41.389383,2025-10-01 13:22:55.428038,0 days 00:00:14.038655,relu,41,8.963367491527207e-05,3,COMPLETE
308,0.8683333333333334,2025-10-01 13:22:55.428389,2025-10-01 13:23:09.370227,0 days 00:00:13.941838,relu,38,0.00022819900388395064,3,COMPLETE
309,0.8550000000000001,2025-10-01 13:23:09.370700,2025-10-01 13:23:23.255448,0 days 00:00:13.884748,relu,29,7.823379968972978e-05,3,COMPLETE
310,0.8541666666666667,2025-10-01 13:23:23.255881,2025-10-01 13:23:37.094449,0 days 00:00:13.838568,relu,32,0.0001847569465603684,3,COMPLETE
311,0.8683333333333334,2025-10-01 13:23:37.094936,2025-10-01 13:23:51.017598,0 days 00:00:13.922662,relu,31,0.00042326039419627134,3,COMPLETE
312,0.55,2025-10-01 13:23:51.017937,2025-10-01 13:24:04.952301,0 days 00:00:13.934364,relu,34,1.5160544416029624e-05,3,COMPLETE
313,0.8425,2025-10-01 13:24:04.952751,2025-10-01 13:24:18.750768,0 days 00:00:13.798017,tanh,36,6.418813620959355e-05,3,COMPLETE
314,0.8950000000000001,2025-10-01 13:24:18.751288,2025-10-01 13:24:32.521655,0 days 00:00:13.770367,tanh,30,5.691158838667153e-05,3,COMPLETE
315,0.9075000000000001,2025-10-01 13:24:32.522026,2025-10-01 13:24:48.767742,0 days 00:00:16.245716,tanh,46,5.8128151103700085e-05,4,COMPLETE
316,0.8683333333333334,2025-10-01 13:24:48.768187,2025-10-01 13:25:05.149159,0 days 00:00:16.380972,relu,44,6.882486429637856e-05,4,COMPLETE
317,0.8283333333333334,2025-10-01 13:25:05.149660,2025-10-01 13:25:14.341906,0 days 00:00:09.192246,tanh,45,5.6226529630144104e-05,1,COMPLETE
318,0.8941666666666667,2025-10-01 13:25:14.342233,2025-10-01 13:25:28.323994,0 days 00:00:13.981761,tanh,46,6.239384616417647e-05,3,COMPLETE
319,0.8308333333333333,2025-10-01 13:25:28.324464,2025-10-01 13:25:44.415520,0 days 00:00:16.091056,tanh,39,4.5391332002910074e-05,4,COMPLETE
320,0.8941666666666667,2025-10-01 13:25:44.416023,2025-10-01 13:26:00.674699,0 days 00:00:16.258676,tanh,47,5.324921670106287e-05,4,COMPLETE
321,0.8808333333333334,2025-10-01 13:26:00.675158,2025-10-01 13:26:16.943077,0 days 00:00:16.267919,tanh,47,8.364376644347642e-05,4,COMPLETE
322,0.8425,2025-10-01 13:26:16.943562,2025-10-01 13:26:32.846132,0 days 00:00:15.902570,tanh,19,4.8935353077814454e-05,4,COMPLETE
323,0.8808333333333334,2025-10-01 13:26:32.846499,2025-10-01 13:26:49.135225,0 days 00:00:16.288726,tanh,46,0.0001025122194408702,4,COMPLETE
324,0.44416666666666665,2025-10-01 13:26:49.135676,2025-10-01 13:27:00.694501,0 days 00:00:11.558825,sigmoid,27,7.378370611723117e-05,2,COMPLETE
325,0.8941666666666668,2025-10-01 13:27:00.695019,2025-10-01 13:27:09.881314,0 days 00:00:09.186295,tanh,30,0.00032048161509101947,1,COMPLETE
326,0.8941666666666667,2025-10-01 13:27:09.881620,2025-10-01 13:27:23.758914,0 days 00:00:13.877294,tanh,43,0.00035341942538265325,3,COMPLETE
327,0.8675,2025-10-01 13:27:23.759346,2025-10-01 13:27:37.673583,0 days 00:00:13.914237,tanh,48,0.00012060495260705384,3,COMPLETE
328,0.8941666666666667,2025-10-01 13:27:37.674076,2025-10-01 13:27:51.526002,0 days 00:00:13.851926,tanh,41,9.24486241345163e-05,3,COMPLETE
329,0.8808333333333334,2025-10-01 13:27:51.526373,2025-10-01 13:28:03.066630,0 days 00:00:11.540257,tanh,28,0.0007830478693056556,2,COMPLETE
330,0.8300000000000001,2025-10-01 13:28:03.067075,2025-10-01 13:28:16.754983,0 days 00:00:13.687908,tanh,23,5.7707245103063044e-05,3,COMPLETE
331,0.8808333333333334,2025-10-01 13:28:16.755483,2025-10-01 13:28:30.465882,0 days 00:00:13.710399,tanh,32,7.752753076584652e-05,3,COMPLETE
332,0.8683333333333334,2025-10-01 13:28:30.466215,2025-10-01 13:28:44.297962,0 days 00:00:13.831747,tanh,38,8.594037794457724e-05,3,COMPLETE
333,0.8008333333333333,2025-10-01 13:28:44.298401,2025-10-01 13:28:58.221242,0 days 00:00:13.922841,relu,31,6.713893849860802e-05,3,COMPLETE
334,0.8941666666666667,2025-10-01 13:28:58.221741,2025-10-01 13:29:12.034556,0 days 00:00:13.812815,tanh,36,0.000873923343302366,3,COMPLETE
335,0.8808333333333334,2025-10-01 13:29:12.034914,2025-10-01 13:29:25.546247,0 days 00:00:13.511333,tanh,14,0.0005198743615260908,3,COMPLETE
336,0.8941666666666667,2025-10-01 13:29:25.546709,2025-10-01 13:29:39.344207,0 days 00:00:13.797498,tanh,40,0.00010746555064354023,3,COMPLETE
337,0.8683333333333334,2025-10-01 13:29:39.344719,2025-10-01 13:29:53.278548,0 days 00:00:13.933829,tanh,46,3.982916431429465e-05,3,COMPLETE
338,0.8808333333333334,2025-10-01 13:29:53.278917,2025-10-01 13:30:09.295079,0 days 00:00:16.016162,tanh,29,9.721830041429852e-05,4,COMPLETE
339,0.8941666666666667,2025-10-01 13:30:09.295556,2025-10-01 13:30:20.816626,0 days 00:00:11.521070,tanh,29,0.0006594039689966581,2,COMPLETE
340,0.8816666666666666,2025-10-01 13:30:20.817109,2025-10-01 13:30:34.628782,0 days 00:00:13.811673,tanh,37,0.00013503734633418612,3,COMPLETE
341,0.8150000000000001,2025-10-01 13:30:34.629133,2025-10-01 13:30:48.411758,0 days 00:00:13.782625,tanh,33,7.463862772643223e-05,3,COMPLETE
342,0.8675,2025-10-01 13:30:48.412228,2025-10-01 13:31:02.164108,0 days 00:00:13.751880,tanh,27,6.19771967953522e-05,3,COMPLETE
343,0.8675,2025-10-01 13:31:02.164609,2025-10-01 13:31:15.971914,0 days 00:00:13.807305,tanh,31,8.64546225084401e-05,3,COMPLETE
344,0.8550000000000001,2025-10-01 13:31:15.972271,2025-10-01 13:31:29.920783,0 days 00:00:13.948512,sigmoid,49,0.0009853271392962358,3,COMPLETE
345,0.8416666666666666,2025-10-01 13:31:29.921229,2025-10-01 13:31:43.749344,0 days 00:00:13.828115,tanh,35,5.19726666446997e-05,3,COMPLETE
346,0.8941666666666667,2025-10-01 13:31:43.749877,2025-10-01 13:31:57.421712,0 days 00:00:13.671835,tanh,20,0.00012174778276422708,3,COMPLETE
347,0.8541666666666667,2025-10-01 13:31:57.422157,2025-10-01 13:32:11.549190,0 days 00:00:14.127033,relu,43,6.927919919071945e-05,3,COMPLETE
348,0.8808333333333334,2025-10-01 13:32:11.549553,2025-10-01 13:32:25.462566,0 days 00:00:13.913013,tanh,45,8.123422135725356e-05,3,COMPLETE
349,0.8941666666666667,2025-10-01 13:32:25.463099,2025-10-01 13:32:39.297170,0 days 00:00:13.834071,tanh,37,0.0001414569348906161,3,COMPLETE
350,0.8683333333333334,2025-10-01 13:32:39.297603,2025-10-01 13:32:53.043265,0 days 00:00:13.745662,tanh,32,0.00011379578186860849,3,COMPLETE
351,0.8408333333333333,2025-10-01 13:32:53.043607,2025-10-01 13:33:06.814171,0 days 00:00:13.770564,tanh,29,5.6562523447052716e-05,3,COMPLETE
352,0.8541666666666667,2025-10-01 13:33:06.814676,2025-10-01 13:33:20.631173,0 days 00:00:13.816497,tanh,30,7.840430258155634e-05,3,COMPLETE
353,0.8808333333333334,2025-10-01 13:33:20.631633,2025-10-01 13:33:34.440985,0 days 00:00:13.809352,tanh,35,9.459637572487801e-05,3,COMPLETE
354,0.8283333333333335,2025-10-01 13:33:34.441339,2025-10-01 13:33:43.636561,0 days 00:00:09.195222,tanh,39,7.203701199414046e-05,1,COMPLETE
355,0.8816666666666666,2025-10-01 13:33:43.637036,2025-10-01 13:33:57.417059,0 days 00:00:13.780023,tanh,33,0.000459988750881205,3,COMPLETE
356,0.8941666666666667,2025-10-01 13:33:57.417509,2025-10-01 13:34:11.114817,0 days 00:00:13.697308,tanh,24,0.0001541034073893804,3,COMPLETE
357,0.8941666666666667,2025-10-01 13:34:11.115185,2025-10-01 13:34:24.975637,0 days 00:00:13.860452,tanh,35,0.00010179024232608139,3,COMPLETE
358,0.8550000000000001,2025-10-01 13:34:24.976177,2025-10-01 13:34:38.839142,0 days 00:00:13.862965,tanh,38,0.00012952724207568968,3,COMPLETE
359,0.8408333333333333,2025-10-01 13:34:38.839590,2025-10-01 13:34:52.789984,0 days 00:00:13.950394,relu,31,6.466827830925838e-05,3,COMPLETE
360,0.8675,2025-10-01 13:34:52.790349,2025-10-01 13:35:04.361510,0 days 00:00:11.571161,tanh,44,0.00019261024194283042,2,COMPLETE
361,0.8941666666666667,2025-10-01 13:35:04.362013,2025-10-01 13:35:20.346711,0 days 00:00:15.984698,tanh,32,0.00027433833358198474,4,COMPLETE
362,0.8941666666666667,2025-10-01 13:35:20.347181,2025-10-01 13:35:34.141969,0 days 00:00:13.794788,tanh,36,8.897000120915704e-05,3,COMPLETE
363,0.8816666666666666,2025-10-01 13:35:34.142332,2025-10-01 13:35:47.973231,0 days 00:00:13.830899,tanh,30,0.000559470919805974,3,COMPLETE
364,0.9083333333333334,2025-10-01 13:35:47.973750,2025-10-01 13:36:01.755490,0 days 00:00:13.781740,tanh,34,0.00011775095403004267,3,COMPLETE
365,0.8683333333333334,2025-10-01 13:36:01.755930,2025-10-01 13:36:15.527297,0 days 00:00:13.771367,tanh,34,0.00011613065540151961,3,COMPLETE
366,0.8683333333333334,2025-10-01 13:36:15.527663,2025-10-01 13:36:29.295233,0 days 00:00:13.767570,tanh,33,0.0001410097758068705,3,COMPLETE
367,0.8816666666666668,2025-10-01 13:36:29.295760,2025-10-01 13:36:43.074149,0 days 00:00:13.778389,tanh,28,0.00012638276557040294,3,COMPLETE
368,0.9208333333333334,2025-10-01 13:36:43.074609,2025-10-01 13:36:54.562372,0 days 00:00:11.487763,tanh,32,0.0001665941681555322,2,COMPLETE
369,0.6308333333333334,2025-10-01 13:36:54.562702,2025-10-01 13:37:06.063886,0 days 00:00:11.501184,sigmoid,33,0.00014617150235814673,2,COMPLETE
370,0.8808333333333334,2025-10-01 13:37:06.064410,2025-10-01 13:37:17.586134,0 days 00:00:11.521724,tanh,31,0.00016429890231977096,2,COMPLETE
371,0.8808333333333334,2025-10-01 13:37:17.586560,2025-10-01 13:37:29.128875,0 days 00:00:11.542315,tanh,34,0.00018102228816681404,2,COMPLETE
372,0.8808333333333334,2025-10-01 13:37:29.129230,2025-10-01 13:37:40.638637,0 days 00:00:11.509407,tanh,32,0.00015588123862686815,2,COMPLETE
373,0.9208333333333334,2025-10-01 13:37:40.639149,2025-10-01 13:37:54.561617,0 days 00:00:13.922468,relu,31,0.00011466197667347268,3,COMPLETE
374,0.8808333333333334,2025-10-01 13:37:54.561966,2025-10-01 13:38:06.203895,0 days 00:00:11.641929,relu,33,0.00011499938070314272,2,COMPLETE
375,0.8808333333333334,2025-10-01 13:38:06.204373,2025-10-01 13:38:17.804617,0 days 00:00:11.600244,relu,31,0.00021598820213039022,2,COMPLETE
376,0.8425,2025-10-01 13:38:17.805117,2025-10-01 13:38:29.359040,0 days 00:00:11.553923,relu,32,0.00012782326023494934,2,COMPLETE
377,0.8683333333333334,2025-10-01 13:38:29.359392,2025-10-01 13:38:43.324617,0 days 00:00:13.965225,relu,34,0.00011038613641350371,3,COMPLETE
378,0.8675,2025-10-01 13:38:43.325095,2025-10-01 13:38:57.364953,0 days 00:00:14.039858,relu,42,0.00013393319195262012,3,COMPLETE
379,0.8683333333333334,2025-10-01 13:38:57.365456,2025-10-01 13:39:11.231278,0 days 00:00:13.865822,relu,32,0.00017613978747287257,3,COMPLETE
380,0.8541666666666666,2025-10-01 13:39:11.231641,2025-10-01 13:39:25.181880,0 days 00:00:13.950239,relu,35,0.00010563329440463478,3,COMPLETE
381,0.8941666666666667,2025-10-01 13:39:25.182326,2025-10-01 13:39:38.941730,0 days 00:00:13.759404,tanh,30,0.00011992789386365502,3,COMPLETE
382,0.8808333333333334,2025-10-01 13:39:38.942260,2025-10-01 13:39:52.929045,0 days 00:00:13.986785,tanh,47,0.00014637286676937844,3,COMPLETE
383,0.8675,2025-10-01 13:39:52.929393,2025-10-01 13:40:06.888192,0 days 00:00:13.958799,relu,33,0.00019982588059668557,3,COMPLETE
384,0.8941666666666667,2025-10-01 13:40:06.888659,2025-10-01 13:40:20.685678,0 days 00:00:13.797019,tanh,31,0.0001668132424057218,3,COMPLETE
385,0.8433333333333334,2025-10-01 13:40:20.686182,2025-10-01 13:40:32.224126,0 days 00:00:11.537944,tanh,34,0.00010430743799974359,2,COMPLETE
386,0.8416666666666668,2025-10-01 13:40:32.224483,2025-10-01 13:40:46.054081,0 days 00:00:13.829598,tanh,40,4.6104067274717106e-05,3,COMPLETE
387,0.8550000000000001,2025-10-01 13:40:46.054556,2025-10-01 13:40:59.844609,0 days 00:00:13.790053,tanh,36,0.00024540375249894965,3,COMPLETE
388,0.8408333333333335,2025-10-01 13:40:59.845106,2025-10-01 13:41:13.765315,0 days 00:00:13.920209,relu,30,0.00013385751552565364,3,COMPLETE
389,0.8941666666666667,2025-10-01 13:41:13.765676,2025-10-01 13:41:27.541011,0 days 00:00:13.775335,tanh,32,0.00011855022684336746,3,COMPLETE
390,0.8808333333333334,2025-10-01 13:41:27.541489,2025-10-01 13:41:41.421147,0 days 00:00:13.879658,tanh,45,0.00016222339265224768,3,COMPLETE
391,0.8808333333333334,2025-10-01 13:41:41.421668,2025-10-01 13:41:55.227844,0 days 00:00:13.806176,tanh,36,5.960512691161767e-05,3,COMPLETE
392,0.4841666666666667,2025-10-01 13:41:55.228229,2025-10-01 13:42:06.757723,0 days 00:00:11.529494,sigmoid,31,0.00010012883753173923,2,COMPLETE
393,0.8816666666666668,2025-10-01 13:42:06.758199,2025-10-01 13:42:20.825236,0 days 00:00:14.067037,tanh,51,0.00014363093762859085,3,COMPLETE
394,0.8141666666666666,2025-10-01 13:42:20.825776,2025-10-01 13:42:34.755106,0 days 00:00:13.929330,tanh,48,2.032962377188457e-05,3,COMPLETE
395,0.8941666666666667,2025-10-01 13:42:34.755485,2025-10-01 13:42:48.549639,0 days 00:00:13.794154,tanh,34,0.00012711339371849505,3,COMPLETE
396,0.8941666666666667,2025-10-01 13:42:48.550117,2025-10-01 13:43:02.514238,0 days 00:00:13.964121,tanh,46,5.0907566999516646e-05,3,COMPLETE
397,0.8808333333333334,2025-10-01 13:43:02.514789,2025-10-01 13:43:16.308226,0 days 00:00:13.793437,tanh,35,0.00010696050366079987,3,COMPLETE
398,0.8808333333333334,2025-10-01 13:43:16.308573,2025-10-01 13:43:30.190629,0 days 00:00:13.882056,tanh,44,0.00015314832945544877,3,COMPLETE
399,0.7750000000000001,2025-10-01 13:43:30.191117,2025-10-01 13:43:43.595875,0 days 00:00:13.404758,relu,10,0.00017059435084773236,3,COMPLETE
400,0.8541666666666667,2025-10-01 13:43:43.596419,2025-10-01 13:43:57.399337,0 days 00:00:13.802918,tanh,29,0.00011467108205575537,3,COMPLETE
401,0.8550000000000001,2025-10-01 13:43:57.399796,2025-10-01 13:44:13.501934,0 days 00:00:16.102138,tanh,39,6.55716115438811e-05,4,COMPLETE
402,0.8808333333333334,2025-10-01 13:44:13.502293,2025-10-01 13:44:27.252915,0 days 00:00:13.750622,tanh,33,0.00013193141820175478,3,COMPLETE
403,0.8675,2025-10-01 13:44:27.253441,2025-10-01 13:44:41.068750,0 days 00:00:13.815309,tanh,38,9.429050997310802e-05,3,COMPLETE
404,0.6841666666666666,2025-10-01 13:44:41.069234,2025-10-01 13:44:54.835379,0 days 00:00:13.766145,tanh,32,1.2584223118299152e-05,3,COMPLETE
405,0.8808333333333334,2025-10-01 13:44:54.835763,2025-10-01 13:45:06.411733,0 days 00:00:11.575970,tanh,30,0.00018916462690078532,2,COMPLETE
406,0.8816666666666668,2025-10-01 13:45:06.412283,2025-10-01 13:45:20.228192,0 days 00:00:13.815909,tanh,36,5.936363202981297e-05,3,COMPLETE
407,0.8541666666666667,2025-10-01 13:45:20.228661,2025-10-01 13:45:34.027779,0 days 00:00:13.799118,tanh,37,7.232662327063202e-05,3,COMPLETE
408,0.8808333333333334,2025-10-01 13:45:34.028137,2025-10-01 13:45:48.078783,0 days 00:00:14.050646,relu,41,0.00012693274514505537,3,COMPLETE
409,0.8675,2025-10-01 13:45:48.079346,2025-10-01 13:46:01.863740,0 days 00:00:13.784394,tanh,34,0.00015283331824214393,3,COMPLETE
410,0.8683333333333334,2025-10-01 13:46:01.864197,2025-10-01 13:46:15.750994,0 days 00:00:13.886797,tanh,43,2.3028019537821827e-05,3,COMPLETE
411,0.9208333333333334,2025-10-01 13:46:15.751377,2025-10-01 13:46:29.554190,0 days 00:00:13.802813,tanh,31,0.0001382054036485982,3,COMPLETE
412,0.8941666666666667,2025-10-01 13:46:29.554755,2025-10-01 13:46:43.332950,0 days 00:00:13.778195,tanh,31,0.00013874607793572515,3,COMPLETE
413,0.8550000000000001,2025-10-01 13:46:43.333408,2025-10-01 13:46:57.056043,0 days 00:00:13.722635,tanh,28,0.00011830548951351906,3,COMPLETE
414,0.8941666666666668,2025-10-01 13:46:57.056568,2025-10-01 13:47:10.843596,0 days 00:00:13.787028,tanh,30,0.00010592493118304603,3,COMPLETE
415,0.8150000000000001,2025-10-01 13:47:10.843971,2025-10-01 13:47:24.672481,0 days 00:00:13.828510,tanh,29,5.4810581259390906e-05,3,COMPLETE
416,0.8808333333333334,2025-10-01 13:47:24.672983,2025-10-01 13:47:38.447794,0 days 00:00:13.774811,tanh,30,0.00013909008264957463,3,COMPLETE
417,0.8675,2025-10-01 13:47:38.448345,2025-10-01 13:47:52.258887,0 days 00:00:13.810542,tanh,31,0.00011983303606257554,3,COMPLETE
418,0.8941666666666667,2025-10-01 13:47:52.259260,2025-10-01 13:48:06.260451,0 days 00:00:14.001191,tanh,46,9.818264401160631e-05,3,COMPLETE
419,0.8941666666666668,2025-10-01 13:48:06.260955,2025-10-01 13:48:20.011967,0 days 00:00:13.751012,tanh,32,8.304334712112018e-05,3,COMPLETE
420,0.8808333333333334,2025-10-01 13:48:20.012534,2025-10-01 13:48:33.727132,0 days 00:00:13.714598,tanh,28,6.764812677072578e-05,3,COMPLETE
421,0.8808333333333334,2025-10-01 13:48:33.727498,2025-10-01 13:48:47.500828,0 days 00:00:13.773330,tanh,32,0.00013558367669551082,3,COMPLETE
422,0.5375,2025-10-01 13:48:47.501320,2025-10-01 13:48:59.029001,0 days 00:00:11.527681,sigmoid,37,4.17468139817235e-05,2,COMPLETE
423,0.8675,2025-10-01 13:48:59.029549,2025-10-01 13:49:12.816725,0 days 00:00:13.787176,tanh,35,9.06313156438465e-05,3,COMPLETE
424,0.8683333333333334,2025-10-01 13:49:12.817095,2025-10-01 13:49:26.585277,0 days 00:00:13.768182,tanh,29,7.585393701560165e-05,3,COMPLETE
425,0.8416666666666668,2025-10-01 13:49:26.585758,2025-10-01 13:49:38.228514,0 days 00:00:11.642756,tanh,45,0.00010979145815663079,2,COMPLETE
426,0.8950000000000001,2025-10-01 13:49:38.229062,2025-10-01 13:49:54.325001,0 days 00:00:16.095939,tanh,42,0.00014885730024712186,4,COMPLETE
427,0.9075000000000001,2025-10-01 13:49:54.325378,2025-10-01 13:50:10.426684,0 days 00:00:16.101306,tanh,42,0.0001520220043785653,4,COMPLETE
428,0.9075000000000001,2025-10-01 13:50:10.427153,2025-10-01 13:50:26.556869,0 days 00:00:16.129716,tanh,42,0.0001551093975306452,4,COMPLETE
429,0.8683333333333334,2025-10-01 13:50:26.557420,2025-10-01 13:50:42.674526,0 days 00:00:16.117106,tanh,43,0.0001575552364959557,4,COMPLETE
430,0.8675,2025-10-01 13:50:42.675033,2025-10-01 13:50:58.757501,0 days 00:00:16.082468,tanh,42,0.00016818913974567178,4,COMPLETE
431,0.8950000000000001,2025-10-01 13:50:58.758019,2025-10-01 13:51:14.885228,0 days 00:00:16.127209,tanh,44,0.00015105833358782254,4,COMPLETE
432,0.8941666666666667,2025-10-01 13:51:14.885573,2025-10-01 13:51:31.002564,0 days 00:00:16.116991,tanh,42,0.00016360987780217516,4,COMPLETE
433,0.8675,2025-10-01 13:51:31.003053,2025-10-01 13:51:47.090255,0 days 00:00:16.087202,tanh,41,0.00013745198710894447,4,COMPLETE
434,0.8941666666666668,2025-10-01 13:51:47.090824,2025-10-01 13:52:03.242537,0 days 00:00:16.151713,tanh,44,0.00015100928412428198,4,COMPLETE
435,0.8816666666666666,2025-10-01 13:52:03.243010,2025-10-01 13:52:19.461627,0 days 00:00:16.218617,tanh,48,0.00013797892476957347,4,COMPLETE
436,0.8941666666666667,2025-10-01 13:52:19.462158,2025-10-01 13:52:35.644247,0 days 00:00:16.182089,tanh,45,0.00018285435170268936,4,COMPLETE
437,0.8683333333333334,2025-10-01 13:52:35.644637,2025-10-01 13:52:51.795907,0 days 00:00:16.151270,tanh,41,0.00016969584313837577,4,COMPLETE
438,0.8941666666666667,2025-10-01 13:52:51.796387,2025-10-01 13:53:07.951539,0 days 00:00:16.155152,tanh,43,0.00014875615654706312,4,COMPLETE
439,0.8541666666666667,2025-10-01 13:53:07.952078,2025-10-01 13:53:23.935210,0 days 00:00:15.983132,tanh,33,0.0001300591025365413,4,COMPLETE
440,0.8941666666666667,2025-10-01 13:53:23.935683,2025-10-01 13:53:40.224123,0 days 00:00:16.288440,tanh,46,0.00012300813931843092,4,COMPLETE
441,0.8816666666666666,2025-10-01 13:53:40.224683,2025-10-01 13:53:56.505614,0 days 00:00:16.280931,tanh,47,0.00016069985039316142,4,COMPLETE
442,0.8675,2025-10-01 13:53:56.505984,2025-10-01 13:54:12.649295,0 days 00:00:16.143311,tanh,43,0.00014444405460924389,4,COMPLETE
443,0.38249999999999995,2025-10-01 13:54:12.649758,2025-10-01 13:54:28.598567,0 days 00:00:15.948809,sigmoid,27,8.235493090690303e-05,4,COMPLETE
444,0.7783333333333333,2025-10-01 13:54:28.599128,2025-10-01 13:54:44.678831,0 days 00:00:16.079703,tanh,35,3.4193866722359637e-05,4,COMPLETE
445,0.8808333333333334,2025-10-01 13:54:44.679307,2025-10-01 13:55:00.806068,0 days 00:00:16.126761,tanh,34,0.00012671362733766264,4,COMPLETE
446,0.8808333333333334,2025-10-01 13:55:00.806645,2025-10-01 13:55:12.425407,0 days 00:00:11.618762,tanh,44,9.466248600836106e-05,2,COMPLETE
447,0.8683333333333334,2025-10-01 13:55:12.425790,2025-10-01 13:55:28.488023,0 days 00:00:16.062233,tanh,30,0.00017603994068569903,4,COMPLETE
448,0.8033333333333333,2025-10-01 13:55:28.488508,2025-10-01 13:55:41.972854,0 days 00:00:13.484346,tanh,16,8.810086621543239e-05,3,COMPLETE
449,0.8808333333333334,2025-10-01 13:55:41.973411,2025-10-01 13:55:55.787614,0 days 00:00:13.814203,tanh,40,0.00020751414898578563,3,COMPLETE
450,0.8808333333333334,2025-10-01 13:55:55.787997,2025-10-01 13:56:09.793739,0 days 00:00:14.005742,tanh,50,0.00014482070230916562,3,COMPLETE
451,0.8808333333333334,2025-10-01 13:56:09.794225,2025-10-01 13:56:23.613058,0 days 00:00:13.818833,tanh,32,0.00011565708017665871,3,COMPLETE
452,0.9075000000000001,2025-10-01 13:56:23.613628,2025-10-01 13:56:35.207690,0 days 00:00:11.594062,tanh,38,7.641839590575718e-05,2,COMPLETE
453,0.9075000000000001,2025-10-01 13:56:35.208084,2025-10-01 13:56:46.745992,0 days 00:00:11.537908,tanh,38,7.664952483498488e-05,2,COMPLETE
454,0.8941666666666667,2025-10-01 13:56:46.746433,2025-10-01 13:56:58.307239,0 days 00:00:11.560806,tanh,39,7.269346282379149e-05,2,COMPLETE
455,0.8541666666666666,2025-10-01 13:56:58.307760,2025-10-01 13:57:09.886981,0 days 00:00:11.579221,tanh,38,8.050645455391947e-05,2,COMPLETE
456,0.8808333333333334,2025-10-01 13:57:09.887366,2025-10-01 13:57:21.510829,0 days 00:00:11.623463,tanh,38,7.737055637022966e-05,2,COMPLETE
457,0.8141666666666667,2025-10-01 13:57:21.511301,2025-10-01 13:57:33.076991,0 days 00:00:11.565690,tanh,36,6.856759400666911e-05,2,COMPLETE
458,0.8275,2025-10-01 13:57:33.077358,2025-10-01 13:57:44.665262,0 days 00:00:11.587904,tanh,37,7.56616577946233e-05,2,COMPLETE
459,0.8675,2025-10-01 13:57:44.665819,2025-10-01 13:57:56.222890,0 days 00:00:11.557071,tanh,40,8.599243791044212e-05,2,COMPLETE
460,0.8675,2025-10-01 13:57:56.223271,2025-10-01 13:58:07.796240,0 days 00:00:11.572969,tanh,35,7.315191934867368e-05,2,COMPLETE
461,0.8024999999999999,2025-10-01 13:58:07.796732,2025-10-01 13:58:19.346102,0 days 00:00:11.549370,tanh,39,8.287004136272497e-05,2,COMPLETE
462,0.8675,2025-10-01 13:58:19.346643,2025-10-01 13:58:30.921783,0 days 00:00:11.575140,tanh,37,0.00015631815998466995,2,COMPLETE
463,0.8941666666666667,2025-10-01 13:58:30.922163,2025-10-01 13:58:42.487995,0 days 00:00:11.565832,tanh,41,6.785961357059182e-05,2,COMPLETE
464,0.5908333333333333,2025-10-01 13:58:42.488476,2025-10-01 13:58:54.025399,0 days 00:00:11.536923,sigmoid,33,0.0007317955334712835,2,COMPLETE
465,0.8541666666666667,2025-10-01 13:58:54.025788,2025-10-01 13:59:05.562600,0 days 00:00:11.536812,tanh,36,0.00018957774714169358,2,COMPLETE
466,0.8808333333333334,2025-10-01 13:59:05.563143,2025-10-01 13:59:17.193156,0 days 00:00:11.630013,tanh,46,0.00013411016036405236,2,COMPLETE
467,0.8541666666666667,2025-10-01 13:59:17.193507,2025-10-01 13:59:28.756457,0 days 00:00:11.562950,tanh,42,7.789004636033452e-05,2,COMPLETE
468,0.8675,2025-10-01 13:59:28.756935,2025-10-01 13:59:40.291719,0 days 00:00:11.534784,tanh,34,0.00016897314144248546,2,COMPLETE
469,0.8808333333333334,2025-10-01 13:59:40.292279,2025-10-01 13:59:51.877480,0 days 00:00:11.585201,tanh,45,0.0008944088068097593,2,COMPLETE
470,0.8941666666666667,2025-10-01 13:59:51.877843,2025-10-01 14:00:03.426773,0 days 00:00:11.548930,tanh,37,0.00014078454917226723,2,COMPLETE
471,0.9208333333333334,2025-10-01 14:00:03.427244,2025-10-01 14:00:14.946312,0 days 00:00:11.519068,tanh,34,9.51984365754845e-05,2,COMPLETE
472,0.8408333333333333,2025-10-01 14:00:14.946664,2025-10-01 14:00:26.503573,0 days 00:00:11.556909,tanh,33,8.444560563541413e-05,2,COMPLETE
473,0.8550000000000001,2025-10-01 14:00:26.504162,2025-10-01 14:00:38.030922,0 days 00:00:11.526760,tanh,34,9.120275636913783e-05,2,COMPLETE
474,0.8541666666666667,2025-10-01 14:00:38.031397,2025-10-01 14:00:49.560676,0 days 00:00:11.529279,tanh,35,0.00015719841859135152,2,COMPLETE
475,0.8683333333333334,2025-10-01 14:00:49.561031,2025-10-01 14:01:01.084609,0 days 00:00:11.523578,tanh,31,7.054121077395299e-05,2,COMPLETE
476,0.7766666666666667,2025-10-01 14:01:01.085152,2025-10-01 14:01:12.592783,0 days 00:00:11.507631,tanh,33,7.837693947507156e-05,2,COMPLETE
477,0.8683333333333334,2025-10-01 14:01:12.593136,2025-10-01 14:01:24.140669,0 days 00:00:11.547533,tanh,44,0.0003589300963367836,2,COMPLETE
478,0.8683333333333334,2025-10-01 14:01:24.141111,2025-10-01 14:01:35.614021,0 days 00:00:11.472910,tanh,32,0.0001273523436395749,2,COMPLETE
479,0.8683333333333334,2025-10-01 14:01:35.614376,2025-10-01 14:01:47.200443,0 days 00:00:11.586067,tanh,48,6.475328946171888e-05,2,COMPLETE
480,0.8541666666666666,2025-10-01 14:01:47.200994,2025-10-01 14:01:58.742394,0 days 00:00:11.541400,tanh,35,9.20547108519243e-05,2,COMPLETE
481,0.8675,2025-10-01 14:01:58.742891,2025-10-01 14:02:14.751876,0 days 00:00:16.008985,tanh,31,0.00017520375079883957,4,COMPLETE
482,0.9075000000000001,2025-10-01 14:02:14.752259,2025-10-01 14:02:26.491343,0 days 00:00:11.739084,tanh,59,0.00014529824521615893,2,COMPLETE
483,0.8941666666666667,2025-10-01 14:02:26.491873,2025-10-01 14:02:38.073809,0 days 00:00:11.581936,tanh,43,0.00014565160849120312,2,COMPLETE
484,0.8816666666666666,2025-10-01 14:02:38.074247,2025-10-01 14:02:49.771144,0 days 00:00:11.696897,tanh,53,7.489536965985524e-05,2,COMPLETE
485,0.7625,2025-10-01 14:02:49.771541,2025-10-01 14:03:01.472422,0 days 00:00:11.700881,tanh,55,1.0165618467382308e-05,2,COMPLETE
486,0.8808333333333334,2025-10-01 14:03:01.472985,2025-10-01 14:03:13.168216,0 days 00:00:11.695231,tanh,53,0.000160083089099895,2,COMPLETE
487,0.5774999999999999,2025-10-01 14:03:13.168603,2025-10-01 14:03:24.701972,0 days 00:00:11.533369,sigmoid,29,0.00012066652134042314,2,COMPLETE
488,0.9075000000000001,2025-10-01 14:03:24.702446,2025-10-01 14:03:36.469295,0 days 00:00:11.766849,tanh,63,0.00013610408064354383,2,COMPLETE
489,0.8675,2025-10-01 14:03:36.469679,2025-10-01 14:03:48.186408,0 days 00:00:11.716729,tanh,58,0.00012716430145742633,2,COMPLETE
490,0.8808333333333334,2025-10-01 14:03:48.186982,2025-10-01 14:03:59.956038,0 days 00:00:11.769056,tanh,63,0.00013767919322502217,2,COMPLETE
491,0.8675,2025-10-01 14:03:59.956484,2025-10-01 14:04:11.757125,0 days 00:00:11.800641,tanh,63,0.00015205073402803135,2,COMPLETE
492,0.8675,2025-10-01 14:04:11.757500,2025-10-01 14:04:23.543973,0 days 00:00:11.786473,tanh,63,0.00011007841138821879,2,COMPLETE
493,0.8941666666666667,2025-10-01 14:04:23.544514,2025-10-01 14:04:35.217797,0 days 00:00:11.673283,tanh,51,0.00013344761189037842,2,COMPLETE
494,0.8683333333333334,2025-10-01 14:04:35.218148,2025-10-01 14:04:46.938224,0 days 00:00:11.720076,tanh,56,0.00019942946783029644,2,COMPLETE
495,0.8808333333333334,2025-10-01 14:04:46.938731,2025-10-01 14:04:58.715296,0 days 00:00:11.776565,tanh,63,0.00016742914805417629,2,COMPLETE
496,0.8541666666666667,2025-10-01 14:04:58.715876,2025-10-01 14:05:10.452827,0 days 00:00:11.736951,tanh,62,0.0001373218299627335,2,COMPLETE
497,0.8808333333333334,2025-10-01 14:05:10.453198,2025-10-01 14:05:22.180811,0 days 00:00:11.727613,tanh,59,0.0001219495982078146,2,COMPLETE
498,0.8416666666666668,2025-10-01 14:05:22.181257,2025-10-01 14:05:33.905893,0 days 00:00:11.724636,tanh,64,1.8182287707737544e-05,2,COMPLETE
499,0.8541666666666666,2025-10-01 14:05:33.906251,2025-10-01 14:05:45.435915,0 days 00:00:11.529664,tanh,33,0.00010012057549596362,2,COMPLETE
